Start Time (Seconds),End Time (Seconds),Duration (Seconds),Component,Energy Consumption (Joule)
0,35.689,35.689,screen medium,19.544152936
0,22.056,22.056,wifi running,0.30053329152
22.056,27.438,5.382,wifi scan,1.2090942864
27.438,35.689,8.251,wifi running,0.11242746592
0,35.689,35.689,phone_scanning,18.8793439542
0.0,47.163,47.163,core 0 cpu_idle,0.711783996
0.0,47.163,47.163,core 1 cpu_idle,0.711783996
0.0,21611.425817,21611.425817,core 2 cpu_idle start,326.15963843
21611.425817,47.163,-21564.262817,core 2 cpu_idle,-325.447854434
0.0,47.163,47.163,core 3 cpu_idle,0.711783996
0.0,47.163,47.163,core 4 cpu_idle,0.711783996
0.0,47.163,47.163,core 5 cpu_idle,0.711783996
