Start Time (Seconds),End Time (Seconds),Duration (Seconds),Component,Energy Consumption (Joule)
0,35.656,35.656,screen medium,19.526081344
0,35.656,35.656,wifi running,0.48584580352
0,35.656,35.656,phone_scanning,18.861887081
0.0,21612.006201,21612.006201,core 0 cpu_idle start,326.168397585
21612.006201,46.14,-21565.866201,core 0 cpu_idle,-325.472052705
0.0,46.14,46.14,core 1 cpu_idle,0.69634488
0.0,46.14,46.14,core 2 cpu_idle,0.69634488
0.0,46.14,46.14,core 3 cpu_idle,0.69634488
0.0,46.14,46.14,core 4 cpu_idle,0.69634488
0.0,46.14,46.14,core 5 cpu_idle,0.69634488
