Start Time (Seconds),End Time (Seconds),Duration (Seconds),Component,Energy Consumption (Joule)
0,35.607,35.607,screen medium,19.499247768
0,26.404,26.404,wifi radio,7.06919784032
26.404,28.673,2.269,wifi running,0.03091721248
28.673,35.607,6.934,wifi radio,1.85645424272
0,35.607,35.607,phone_scanning,18.8359662691
0.0,46.112,46.112,core 0 cpu_idle,0.695922304
0.0,46.112,46.112,core 1 cpu_idle,0.695922304
0.0,46.112,46.112,core 2 cpu_idle,0.695922304
0.0,21611.594927,21611.594927,core 3 cpu_idle start,326.162190638
21611.594927,46.112,-21565.482927,core 3 cpu_idle,-325.466268334
0.0,46.112,46.112,core 4 cpu_idle,0.695922304
0.0,46.112,46.112,core 5 cpu_idle,0.695922304
