Start Time (Seconds),End Time (Seconds),Duration (Seconds),Component,Energy Consumption (Joule)
0,35.602,35.602,screen medium,19.496509648
0,35.602,35.602,wifi running,0.48511000384
0,35.602,35.602,phone_scanning,18.8333212883
0.0,21611.405166,21611.405166,core 0 cpu_idle start,326.159326765
21611.405166,46.125,-21565.280166,core 0 cpu_idle,-325.463208265
0.0,46.125,46.125,core 1 cpu_idle,0.6961185
0.0,46.125,46.125,core 2 cpu_idle,0.6961185
0.0,46.125,46.125,core 3 cpu_idle,0.6961185
0.0,46.125,46.125,core 4 cpu_idle,0.6961185
0.0,46.125,46.125,core 5 cpu_idle,0.6961185
