Start Time (Seconds),End Time (Seconds),Duration (Seconds),Component,Energy Consumption (Joule)
0,35.694,35.694,screen medium,19.546891056
0,20.594,20.594,wifi running,0.28061219648
20.594,26.054,5.46,wifi scan,1.226617392
26.054,35.694,9.64,wifi running,0.1313538688
0,35.694,35.694,phone_scanning,18.881988935
0.0,47.189,47.189,core 0 cpu_idle,0.712176388
0.0,47.189,47.189,core 1 cpu_idle,0.712176388
0.0,47.189,47.189,core 2 cpu_idle,0.712176388
0.0,47.189,47.189,core 3 cpu_idle,0.712176388
0.0,21611.783932,21611.783932,core 4 cpu_idle start,326.165043102
21611.783932,47.189,-21564.594932,core 4 cpu_idle,-325.452866714
0.0,47.189,47.189,core 5 cpu_idle,0.712176388
