Start Time (Seconds),End Time (Seconds),Duration (Seconds),Component,Energy Consumption (Joule)
0,35.633,35.633,screen medium,19.490859037
0,20.107,20.107,wifi running,0.27365868284
20.107,25.534,5.427,wifi scan,1.2177900369
25.534,35.633,10.099,wifi running,0.13744860188
0,35.633,35.633,phone_scanning,18.8278628871
0.0,47.112,47.112,core 0 cpu_idle,0.710189844
0.0,47.112,47.112,core 1 cpu_idle,0.710189844
0.0,47.112,47.112,core 2 cpu_idle,0.710189844
0.0,47.112,47.112,core 3 cpu_idle,0.710189844
0.0,47.112,47.112,core 4 cpu_idle,0.710189844
0.0,21611.483824,21611.483824,core 5 cpu_idle start,325.782312905
21611.483824,47.112,-21564.371824,core 5 cpu_idle,-325.072123061
