Start Time (Seconds),End Time (Seconds),Duration (Seconds),Component,Energy Consumption (Joule)
0,35.576,35.576,screen medium,19.459680664
0,20.191,20.191,wifi running,0.27480193292
20.191,25.62,5.429,wifi scan,1.2182388263
25.62,35.576,9.956,wifi running,0.13550235472
0,35.576,35.576,phone_scanning,18.7977450698
0.0,46.142,46.142,core 0 cpu_idle,0.695567579
0.0,46.142,46.142,core 1 cpu_idle,0.695567579
0.0,46.142,46.142,core 2 cpu_idle,0.695567579
0.0,21611.485865,21611.485865,core 3 cpu_idle start,325.782343672
21611.485865,46.142,-21565.343865,core 3 cpu_idle,-325.086776093
0.0,46.142,46.142,core 4 cpu_idle,0.695567579
0.0,46.142,46.142,core 5 cpu_idle,0.695567579
