Start Time (Seconds),End Time (Seconds),Duration (Seconds),Component,Energy Consumption (Joule)
0,35.622,35.622,screen medium,19.484842158
0,20.378,20.378,wifi running,0.27734702536
20.378,25.795,5.417,wifi scan,1.2155460899
25.795,35.622,9.827,wifi running,0.13374664924
0,35.622,35.622,phone_scanning,18.8220506767
0.0,47.087,47.087,core 0 cpu_idle,0.7098129815
0.0,21611.267885,21611.267885,core 1 cpu_idle start,325.779057732
21611.267885,47.087,-21564.180885,core 1 cpu_idle,-325.069244751
0.0,47.087,47.087,core 2 cpu_idle,0.7098129815
0.0,47.087,47.087,core 3 cpu_idle,0.7098129815
0.0,47.087,47.087,core 4 cpu_idle,0.7098129815
0.0,47.087,47.087,core 5 cpu_idle,0.7098129815
