Start Time (Seconds),End Time (Seconds),Duration (Seconds),Component,Energy Consumption (Joule)
0,35.621,35.621,screen medium,19.484295169
0,20.137,20.137,wifi running,0.27406698644
20.137,25.582,5.445,wifi scan,1.2218291415
25.582,35.621,10.039,wifi running,0.13663199468
0,35.621,35.621,phone_scanning,18.821522294
0.0,47.123,47.123,core 0 cpu_idle,0.7103556635
0.0,47.123,47.123,core 1 cpu_idle,0.7103556635
0.0,21611.660853,21611.660853,core 2 cpu_idle start,325.784981529
21611.660853,47.123,-21564.537853,core 2 cpu_idle,-325.074625865
0.0,47.123,47.123,core 3 cpu_idle,0.7103556635
0.0,47.123,47.123,core 4 cpu_idle,0.7103556635
0.0,47.123,47.123,core 5 cpu_idle,0.7103556635
