Start Time (Seconds),End Time (Seconds),Duration (Seconds),Component,Energy Consumption (Joule)
0,35.591,35.591,screen medium,19.467885499
0,1.102,1.102,wifi running,0.01499835224
1.102,1.127,0.025,wifi scan,0.0056098675
1.127,35.591,34.464,wifi running,0.46905917568
0,35.591,35.591,phone_scanning,18.8056708112
0.0,47.127,47.127,core 0 cpu_idle,0.710415961501
0.0,47.127,47.127,core 1 cpu_idle,0.710415961501
0.0,47.127,47.127,core 2 cpu_idle,0.710415961501
0.0,47.127,47.127,core 3 cpu_idle,0.710415961501
0.0,21611.671874,21611.671874,core 4 cpu_idle start,325.785147665
21611.671874,47.127,-21564.544874,core 4 cpu_idle,-325.074731703
0.0,47.127,47.127,core 5 cpu_idle,0.710415961501
