Start Time (Seconds),End Time (Seconds),Duration (Seconds),Component,Energy Consumption (Joule)
0,35.688,35.688,screen medium,19.620655704
0,35.688,35.688,wifi scan,8.0491036392
0,35.688,35.688,phone_scanning,18.9532444234
0.0,46.128,46.128,core 0 cpu_idle,0.698908392
0.0,46.128,46.128,core 1 cpu_idle,0.698908392
0.0,46.128,46.128,core 2 cpu_idle,0.698908392
0.0,21611.441097,21611.441097,core 3 cpu_idle start,327.445749781
21611.441097,46.128,-21565.313097,core 3 cpu_idle,-326.746841389
0.0,46.128,46.128,core 4 cpu_idle,0.698908392
0.0,46.128,46.128,core 5 cpu_idle,0.698908392
