Start Time (Seconds),End Time (Seconds),Duration (Seconds),Component,Energy Consumption (Joule)
0,35.617,35.617,screen medium,19.581621111
0,25.914,25.914,wifi radio,6.96536212554
25.914,29.964,4.05,wifi running,0.055402542
29.964,35.617,5.653,wifi radio,1.51945635933
0,35.617,35.617,phone_scanning,18.9155376212
0.0,47.135,47.135,core 0 cpu_idle,0.7141659525
0.0,47.135,47.135,core 1 cpu_idle,0.7141659525
0.0,47.135,47.135,core 2 cpu_idle,0.7141659525
0.0,47.135,47.135,core 3 cpu_idle,0.7141659525
0.0,47.135,47.135,core 4 cpu_idle,0.7141659525
0.0,21611.497847,21611.497847,core 5 cpu_idle start,327.446609629
21611.497847,47.135,-21564.362847,core 5 cpu_idle,-326.732443676
