Start Time (Seconds),End Time (Seconds),Duration (Seconds),Component,Energy Consumption (Joule)
0,35.6,35.6,screen medium,19.5722748
0,30.342,30.342,wifi radio,8.15555366262
30.342,34.978,4.636,wifi running,0.06341881104
34.978,35.6,0.622,wifi radio,0.16718589342
0,35.6,35.6,phone_scanning,18.906509232
0.0,47.176,47.176,core 0 cpu_idle,0.714787164
0.0,21611.789052,21611.789052,core 1 cpu_idle start,327.451021821
21611.789052,47.176,-21564.613052,core 1 cpu_idle,-326.736234657
0.0,47.176,47.176,core 2 cpu_idle,0.714787164
0.0,47.176,47.176,core 3 cpu_idle,0.714787164
0.0,47.176,47.176,core 4 cpu_idle,0.714787164
0.0,47.176,47.176,core 5 cpu_idle,0.714787164
