Start Time (Seconds),End Time (Seconds),Duration (Seconds),Component,Energy Consumption (Joule)
0,35.589,35.589,screen medium,19.566227187
0,12.835,12.835,wifi running,0.1755781794
12.835,13.009,0.174,wifi scan,0.0392441166
13.009,29.845,16.836,wifi radio,4.52530820196
29.845,35.589,5.744,wifi running,0.07857585216
0,35.589,35.589,phone_scanning,18.9006673331
0.0,46.1,46.1,core 0 cpu_idle,0.69848415
0.0,46.1,46.1,core 1 cpu_idle,0.69848415
0.0,46.1,46.1,core 2 cpu_idle,0.69848415
0.0,21611.572977,21611.572977,core 3 cpu_idle start,327.447747961
21611.572977,46.1,-21565.472977,core 3 cpu_idle,-326.749263811
0.0,46.1,46.1,core 4 cpu_idle,0.69848415
0.0,46.1,46.1,core 5 cpu_idle,0.69848415
