Start Time (Seconds),End Time (Seconds),Duration (Seconds),Component,Energy Consumption (Joule)
0,35.61,35.61,screen medium,19.57777263
0,25.788,25.788,wifi radio,6.93149488668
25.788,29.9,4.112,wifi running,0.05625067968
29.9,35.61,5.71,wifi radio,1.5347772531
0,35.61,35.61,phone_scanning,18.9118200492
0.0,46.13,46.13,core 0 cpu_idle,0.698938695
0.0,21611.396944,21611.396944,core 1 cpu_idle start,327.445080797
21611.396944,46.13,-21565.266944,core 1 cpu_idle,-326.746142102
0.0,46.13,46.13,core 2 cpu_idle,0.698938695
0.0,46.13,46.13,core 3 cpu_idle,0.698938695
0.0,46.13,46.13,core 4 cpu_idle,0.698938695
0.0,46.13,46.13,core 5 cpu_idle,0.698938695
