Start Time (Seconds),End Time (Seconds),Duration (Seconds),Component,Energy Consumption (Joule)
0,35.682,35.682,screen medium,19.57657248
0,21.611,21.611,wifi running,0.2950160832
21.611,27.019,5.408,wifi scan,1.217189376
27.019,35.682,8.663,wifi running,0.1182603456
0,35.682,35.682,phone_scanning,18.9106607232
0.0,47.181,47.181,core 0 cpu_idle,0.71337672
0.0,21611.565428,21611.565428,core 1 cpu_idle start,326.766869271
21611.565428,47.181,-21564.384428,core 1 cpu_idle,-326.053492551
0.0,47.181,47.181,core 2 cpu_idle,0.71337672
0.0,47.181,47.181,core 3 cpu_idle,0.71337672
0.0,47.181,47.181,core 4 cpu_idle,0.71337672
0.0,47.181,47.181,core 5 cpu_idle,0.71337672
