Start Time (Seconds),End Time (Seconds),Duration (Seconds),Component,Energy Consumption (Joule)
0,35.733,35.733,screen medium,19.60455312
0,23.311,23.311,wifi running,0.3182231232
23.311,28.862,5.551,wifi scan,1.249374672
28.862,35.733,6.871,wifi running,0.0937973952
0,35.733,35.733,phone_scanning,18.9376895808
0.0,46.118,46.118,core 0 cpu_idle,0.69730416
0.0,21611.434002,21611.434002,core 1 cpu_idle start,326.76488211
21611.434002,46.118,-21565.316002,core 1 cpu_idle,-326.06757795
0.0,46.118,46.118,core 2 cpu_idle,0.69730416
0.0,46.118,46.118,core 3 cpu_idle,0.69730416
0.0,46.118,46.118,core 4 cpu_idle,0.69730416
0.0,46.118,46.118,core 5 cpu_idle,0.69730416
