Start Time (Seconds),End Time (Seconds),Duration (Seconds),Component,Energy Consumption (Joule)
0,35.576,35.576,screen medium,19.51841664
0,24.265,24.265,wifi running,0.331246368
24.265,29.836,5.571,wifi scan,1.253876112
29.836,35.576,5.74,wifi running,0.078357888
0,35.576,35.576,phone_scanning,18.8544830976
0.0,21611.433858,21611.433858,core 0 cpu_idle start,326.764879933
21611.433858,47.112,-21564.321858,core 0 cpu_idle,-326.052546493
0.0,47.112,47.112,core 1 cpu_idle,0.71233344
0.0,47.112,47.112,core 2 cpu_idle,0.71233344
0.0,47.112,47.112,core 3 cpu_idle,0.71233344
0.0,47.112,47.112,core 4 cpu_idle,0.71233344
0.0,47.112,47.112,core 5 cpu_idle,0.71233344
