Start Time (Seconds),End Time (Seconds),Duration (Seconds),Component,Energy Consumption (Joule)
0,35.617,35.617,screen medium,19.54091088
0,20.232,20.232,wifi running,0.2761910784
20.232,25.595,5.363,wifi scan,1.207061136
25.595,35.617,10.022,wifi running,0.1368123264
0,35.617,35.617,phone_scanning,18.8762121792
0.0,46.141,46.141,core 0 cpu_idle,0.69765192
0.0,46.141,46.141,core 1 cpu_idle,0.69765192
0.0,46.141,46.141,core 2 cpu_idle,0.69765192
0.0,21611.505899,21611.505899,core 3 cpu_idle start,326.765969193
21611.505899,46.141,-21565.364899,core 3 cpu_idle,-326.068317273
0.0,46.141,46.141,core 4 cpu_idle,0.69765192
0.0,46.141,46.141,core 5 cpu_idle,0.69765192
