Start Time (Seconds),End Time (Seconds),Duration (Seconds),Component,Energy Consumption (Joule)
0,35.645,35.645,screen medium,19.5562728
0,35.645,35.645,wifi running,0.486597024
0,35.645,35.645,phone_scanning,18.891051552
0.0,46.061,46.061,core 0 cpu_idle,0.69644232
0.0,21611.874967,21611.874967,core 1 cpu_idle start,326.771549501
21611.874967,46.061,-21565.813967,core 1 cpu_idle,-326.075107181
0.0,46.061,46.061,core 2 cpu_idle,0.69644232
0.0,46.061,46.061,core 3 cpu_idle,0.69644232
0.0,46.061,46.061,core 4 cpu_idle,0.69644232
0.0,46.061,46.061,core 5 cpu_idle,0.69644232
