Start Time (Seconds),End Time (Seconds),Duration (Seconds),Component,Energy Consumption (Joule)
0,35.627,35.627,screen medium,19.569020425
0,30.017,30.017,wifi radio,8.06074266725
30.017,35.538,5.521,wifi running,0.075455507
35.538,35.627,0.089,wifi radio,0.02389999325
0,35.627,35.627,phone_scanning,18.903365557
0.0,47.069,47.069,core 0 cpu_idle,0.7125069875
0.0,47.069,47.069,core 1 cpu_idle,0.7125069875
0.0,21611.383802,21611.383802,core 2 cpu_idle start,327.142322303
21611.383802,47.069,-21564.314802,core 2 cpu_idle,-326.429815315
0.0,47.069,47.069,core 3 cpu_idle,0.7125069875
0.0,47.069,47.069,core 4 cpu_idle,0.7125069875
0.0,47.069,47.069,core 5 cpu_idle,0.7125069875
