Start Time (Seconds),End Time (Seconds),Duration (Seconds),Component,Energy Consumption (Joule)
0,35.567,35.567,screen medium,19.536063925
0,23.903,23.903,wifi running,0.326682301
23.903,29.353,5.45,wifi scan,1.228062125
29.353,35.567,6.214,wifi running,0.084926738
0,35.567,35.567,phone_scanning,18.871530097
0.0,46.119,46.119,core 0 cpu_idle,0.6981263625
0.0,46.119,46.119,core 1 cpu_idle,0.6981263625
0.0,46.119,46.119,core 2 cpu_idle,0.6981263625
0.0,21611.536854,21611.536854,core 3 cpu_idle start,327.144639127
21611.536854,46.119,-21565.417854,core 3 cpu_idle,-326.446512765
0.0,46.119,46.119,core 4 cpu_idle,0.6981263625
0.0,46.119,46.119,core 5 cpu_idle,0.6981263625
