Start Time (Seconds),End Time (Seconds),Duration (Seconds),Component,Energy Consumption (Joule)
0,35.615,35.615,screen medium,19.562429125
0,20.132,20.132,wifi running,0.275144044
20.132,25.609,5.477,wifi scan,1.2341461025
25.609,35.615,10.006,wifi running,0.136752002
0,35.615,35.615,phone_scanning,18.896998465
0.0,46.117,46.117,core 0 cpu_idle,0.6980960875
0.0,46.117,46.117,core 1 cpu_idle,0.6980960875
0.0,21611.645161,21611.645161,core 2 cpu_idle start,327.146278625
21611.645161,46.117,-21565.528161,core 2 cpu_idle,-326.448182537
0.0,46.117,46.117,core 3 cpu_idle,0.6980960875
0.0,46.117,46.117,core 4 cpu_idle,0.6980960875
0.0,46.117,46.117,core 5 cpu_idle,0.6980960875
