Start Time (Seconds),End Time (Seconds),Duration (Seconds),Component,Energy Consumption (Joule)
0,35.553,35.553,screen medium,19.528374075
0,35.553,35.553,wifi scan,8.0112463725
0,35.553,35.553,phone_scanning,18.864101823
0.0,21611.556208,21611.556208,core 0 cpu_idle start,327.144932099
21611.556208,47.106,-21564.450208,core 0 cpu_idle,-326.431865024
0.0,47.106,47.106,core 1 cpu_idle,0.713067075
0.0,47.106,47.106,core 2 cpu_idle,0.713067075
0.0,47.106,47.106,core 3 cpu_idle,0.713067075
0.0,47.106,47.106,core 4 cpu_idle,0.713067075
0.0,47.106,47.106,core 5 cpu_idle,0.713067075
