Start Time (Seconds),End Time (Seconds),Duration (Seconds),Component,Energy Consumption (Joule)
0,35.642,35.642,screen medium,19.500308472
0,35.642,35.642,wifi running,0.48520452576
0,35.642,35.642,phone_scanning,18.8369908925
0.0,46.094,46.094,core 0 cpu_idle,0.695005332
0.0,46.094,46.094,core 1 cpu_idle,0.695005332
0.0,21611.371166,21611.371166,core 2 cpu_idle start,325.856254441
21611.371166,46.094,-21565.277166,core 2 cpu_idle,-325.161249109
0.0,46.094,46.094,core 3 cpu_idle,0.695005332
0.0,46.094,46.094,core 4 cpu_idle,0.695005332
0.0,46.094,46.094,core 5 cpu_idle,0.695005332
