Start Time (Seconds),End Time (Seconds),Duration (Seconds),Component,Energy Consumption (Joule)
0,35.684,35.684,screen medium,19.523287344
0,11.183,11.183,wifi running,0.15223731024
11.183,11.437,0.254,wifi scan,0.0570094872
11.437,35.684,24.247,wifi running,0.33008120016
0,35.684,35.684,phone_scanning,18.859188121
0.0,46.106,46.106,core 0 cpu_idle,0.695186268
0.0,46.106,46.106,core 1 cpu_idle,0.695186268
0.0,46.106,46.106,core 2 cpu_idle,0.695186268
0.0,21611.448965,21611.448965,core 3 cpu_idle start,325.857427494
21611.448965,46.106,-21565.342965,core 3 cpu_idle,-325.162241226
0.0,46.106,46.106,core 4 cpu_idle,0.695186268
0.0,46.106,46.106,core 5 cpu_idle,0.695186268
