Start Time (Seconds),End Time (Seconds),Duration (Seconds),Component,Energy Consumption (Joule)
0,35.623,35.623,screen medium,19.489913268
0,24.116,24.116,wifi running,0.32829786048
24.116,29.631,5.515,wifi scan,1.237824102
29.631,35.623,5.992,wifi running,0.08157077376
0,35.623,35.623,phone_scanning,18.8269492891
0.0,47.158,47.158,core 0 cpu_idle,0.711048324
0.0,21611.359815,21611.359815,core 1 cpu_idle start,325.856083291
21611.359815,47.158,-21564.201815,core 1 cpu_idle,-325.145034967
0.0,47.158,47.158,core 2 cpu_idle,0.711048324
0.0,47.158,47.158,core 3 cpu_idle,0.711048324
0.0,47.158,47.158,core 4 cpu_idle,0.711048324
0.0,47.158,47.158,core 5 cpu_idle,0.711048324
