Start Time (Seconds),End Time (Seconds),Duration (Seconds),Component,Energy Consumption (Joule)
0,35.555,35.555,screen medium,19.45270938
0,20.228,20.228,wifi running,0.27536942784
20.228,25.76,5.532,wifi scan,1.2416396976
25.76,35.555,9.795,wifi running,0.1333420776
0,35.555,35.555,phone_scanning,18.7910109192
0.0,46.146,46.146,core 0 cpu_idle,0.695789388
0.0,46.146,46.146,core 1 cpu_idle,0.695789388
0.0,46.146,46.146,core 2 cpu_idle,0.695789388
0.0,21611.419916,21611.419916,core 3 cpu_idle start,325.856989493
21611.419916,46.146,-21565.273916,core 3 cpu_idle,-325.161200105
0.0,46.146,46.146,core 4 cpu_idle,0.695789388
0.0,46.146,46.146,core 5 cpu_idle,0.695789388
