Start Time (Seconds),End Time (Seconds),Duration (Seconds),Component,Energy Consumption (Joule)
0,35.625,35.625,screen medium,19.4910075
0,20.756,20.756,wifi running,0.28255723968
20.756,26.098,5.342,wifi scan,1.1989948056
26.098,35.625,9.527,wifi running,0.12969371856
0,35.625,35.625,phone_scanning,18.8280063
0.0,47.164,47.164,core 0 cpu_idle,0.711138792
0.0,47.164,47.164,core 1 cpu_idle,0.711138792
0.0,47.164,47.164,core 2 cpu_idle,0.711138792
0.0,47.164,47.164,core 3 cpu_idle,0.711138792
0.0,47.164,47.164,core 4 cpu_idle,0.711138792
0.0,21611.500141,21611.500141,core 5 cpu_idle start,325.858199126
21611.500141,47.164,-21564.336141,core 5 cpu_idle,-325.147060334
