Start Time (Seconds),End Time (Seconds),Duration (Seconds),Component,Energy Consumption (Joule)
0,35.601,35.601,screen medium,19.473355389
0,35.601,35.601,wifi running,0.48453388212
0,35.601,35.601,phone_scanning,18.8109546388
0.0,21611.898897,21611.898897,core 0 cpu_idle start,325.788569923
21611.898897,46.117,-21565.781897,core 0 cpu_idle,-325.093379206
0.0,46.117,46.117,core 1 cpu_idle,0.6951907165
0.0,46.117,46.117,core 2 cpu_idle,0.6951907165
0.0,46.117,46.117,core 3 cpu_idle,0.6951907165
0.0,46.117,46.117,core 4 cpu_idle,0.6951907165
0.0,46.117,46.117,core 5 cpu_idle,0.6951907165
