Start Time (Seconds),End Time (Seconds),Duration (Seconds),Component,Energy Consumption (Joule)
0,35.613,35.613,screen medium,19.479919257
0,35.613,35.613,wifi running,0.48469720356
0,35.613,35.613,phone_scanning,18.8172952319
0.0,47.117,47.117,core 0 cpu_idle,0.7102652165
0.0,47.117,47.117,core 1 cpu_idle,0.7102652165
0.0,47.117,47.117,core 2 cpu_idle,0.7102652165
0.0,47.117,47.117,core 3 cpu_idle,0.7102652165
0.0,47.117,47.117,core 4 cpu_idle,0.7102652165
0.0,21611.532954,21611.532954,core 5 cpu_idle start,325.783053515
21611.532954,47.117,-21564.415954,core 5 cpu_idle,-325.072788299
