Start Time (Seconds),End Time (Seconds),Duration (Seconds),Component,Energy Consumption (Joule)
0,35.636,35.636,screen medium,19.492500004
0,35.636,35.636,wifi running,0.48501023632
0,35.636,35.636,phone_scanning,18.8294480354
0.0,46.156,46.156,core 0 cpu_idle,0.695778622
0.0,46.156,46.156,core 1 cpu_idle,0.695778622
0.0,46.156,46.156,core 2 cpu_idle,0.695778622
0.0,46.156,46.156,core 3 cpu_idle,0.695778622
0.0,21611.427866,21611.427866,core 4 cpu_idle start,325.781469366
21611.427866,46.156,-21565.271866,core 4 cpu_idle,-325.085690744
0.0,46.156,46.156,core 5 cpu_idle,0.695778622
