Start Time (Seconds),End Time (Seconds),Duration (Seconds),Component,Energy Consumption (Joule)
0,35.699,35.699,screen medium,19.526960311
0,35.699,35.699,wifi running,0.48586767388
0,35.699,35.699,phone_scanning,18.8627361492
0.0,47.142,47.142,core 0 cpu_idle,0.710642079
0.0,21611.881336,21611.881336,core 1 cpu_idle start,325.7883052
21611.881336,47.142,-21564.739336,core 1 cpu_idle,-325.077663121
0.0,47.142,47.142,core 2 cpu_idle,0.710642079
0.0,47.142,47.142,core 3 cpu_idle,0.710642079
0.0,47.142,47.142,core 4 cpu_idle,0.710642079
0.0,47.142,47.142,core 5 cpu_idle,0.710642079
