Start Time (Seconds),End Time (Seconds),Duration (Seconds),Component,Energy Consumption (Joule)
0,35.614,35.614,screen medium,19.480466246
0,12.35,12.35,wifi running,0.168084982
12.35,12.631,0.281,wifi scan,0.0630549107
12.631,35.614,22.983,wifi running,0.31280138796
0,35.614,35.614,phone_scanning,18.8178236146
0.0,47.138,47.138,core 0 cpu_idle,0.710581781
0.0,47.138,47.138,core 1 cpu_idle,0.710581781
0.0,47.138,47.138,core 2 cpu_idle,0.710581781
0.0,21611.514846,21611.514846,core 3 cpu_idle start,325.782780546
21611.514846,47.138,-21564.376846,core 3 cpu_idle,-325.072198765
0.0,47.138,47.138,core 4 cpu_idle,0.710581781
0.0,47.138,47.138,core 5 cpu_idle,0.710581781
