Start Time (Seconds),End Time (Seconds),Duration (Seconds),Component,Energy Consumption (Joule)
0,35.644,35.644,screen medium,19.51045628
0,31.478,31.478,wifi radio,8.4237614762
31.478,35.644,4.166,wifi running,0.0567392536
0,35.644,35.644,phone_scanning,18.8467935152
0.0,21611.39024,21611.39024,core 0 cpu_idle start,326.00782177
21611.39024,46.051,-21565.33924,core 0 cpu_idle,-325.313142435
0.0,46.051,46.051,core 1 cpu_idle,0.694679335001
0.0,46.051,46.051,core 2 cpu_idle,0.694679335001
0.0,46.051,46.051,core 3 cpu_idle,0.694679335001
0.0,46.051,46.051,core 4 cpu_idle,0.694679335001
0.0,46.051,46.051,core 5 cpu_idle,0.694679335001
