Start Time (Seconds),End Time (Seconds),Duration (Seconds),Component,Energy Consumption (Joule)
0,35.595,35.595,screen medium,19.48363515
0,23.846,23.846,wifi running,0.3247729816
23.846,29.34,5.494,wifi scan,1.233683194
29.34,35.595,6.255,wifi running,0.085190598
0,35.595,35.595,phone_scanning,18.820884726
0.0,21611.453201,21611.453201,core 0 cpu_idle start,326.008771537
21611.453201,46.096,-21565.357201,core 0 cpu_idle,-325.313413377
0.0,46.096,46.096,core 1 cpu_idle,0.695358159999
0.0,46.096,46.096,core 2 cpu_idle,0.695358159999
0.0,46.096,46.096,core 3 cpu_idle,0.695358159999
0.0,46.096,46.096,core 4 cpu_idle,0.695358159999
0.0,46.096,46.096,core 5 cpu_idle,0.695358159999
