Start Time (Seconds),End Time (Seconds),Duration (Seconds),Component,Energy Consumption (Joule)
0,35.655,35.655,screen medium,19.51647735
0,25.129,25.129,wifi radio,6.7247189191
25.129,26.014,0.885,wifi running,0.012053346
26.014,31.388,5.374,wifi scan,1.206737074
31.388,35.655,4.267,wifi running,0.0581148332
0,35.655,35.655,phone_scanning,18.852609774
0.0,47.096,47.096,core 0 cpu_idle,0.71044316
0.0,47.096,47.096,core 1 cpu_idle,0.71044316
0.0,47.096,47.096,core 2 cpu_idle,0.71044316
0.0,21611.487706,21611.487706,core 3 cpu_idle start,326.009292045
21611.487706,47.096,-21564.391706,core 3 cpu_idle,-325.298848885
0.0,47.096,47.096,core 4 cpu_idle,0.71044316
0.0,47.096,47.096,core 5 cpu_idle,0.71044316
