Start Time (Seconds),End Time (Seconds),Duration (Seconds),Component,Energy Consumption (Joule)
0,35.698,35.698,screen medium,19.54001426
0,27.468,27.468,wifi running,0.3741031728
27.468,32.861,5.393,wifi scan,1.211003543
32.861,35.698,2.837,wifi running,0.0386388052
0,35.698,35.698,phone_scanning,18.8753460584
0.0,46.133,46.133,core 0 cpu_idle,0.695916305
0.0,21611.429202,21611.429202,core 1 cpu_idle start,326.008409512
21611.429202,46.133,-21565.296202,core 1 cpu_idle,-325.312493207
0.0,46.133,46.133,core 2 cpu_idle,0.695916305
0.0,46.133,46.133,core 3 cpu_idle,0.695916305
0.0,46.133,46.133,core 4 cpu_idle,0.695916305
0.0,46.133,46.133,core 5 cpu_idle,0.695916305
