Start Time (Seconds),End Time (Seconds),Duration (Seconds),Component,Energy Consumption (Joule)
0,35.598,35.598,screen medium,19.48527726
0,21.973,21.973,wifi running,0.2992634708
21.973,27.485,5.512,wifi scan,1.237725112
27.485,35.598,8.113,wifi running,0.1104958148
0,35.598,35.598,phone_scanning,18.8224709784
0.0,47.143,47.143,core 0 cpu_idle,0.711152155
0.0,47.143,47.143,core 1 cpu_idle,0.711152155
0.0,47.143,47.143,core 2 cpu_idle,0.711152155
0.0,21611.527869,21611.527869,core 3 cpu_idle start,326.009897904
21611.527869,47.143,-21564.384869,core 3 cpu_idle,-325.298745749
0.0,47.143,47.143,core 4 cpu_idle,0.711152155
0.0,47.143,47.143,core 5 cpu_idle,0.711152155
