Start Time (Seconds),End Time (Seconds),Duration (Seconds),Component,Energy Consumption (Joule)
0,35.615,35.615,screen medium,19.50362876
0,35.615,35.615,wifi running,0.4852871408
0,35.615,35.615,phone_scanning,18.8401982384
0.0,47.092,47.092,core 0 cpu_idle,0.710712464
0.0,47.092,47.092,core 1 cpu_idle,0.710712464
0.0,47.092,47.092,core 2 cpu_idle,0.710712464
0.0,47.092,47.092,core 3 cpu_idle,0.710712464
0.0,47.092,47.092,core 4 cpu_idle,0.710712464
0.0,21611.335907,21611.335907,core 5 cpu_idle start,326.158281508
21611.335907,47.092,-21564.243907,core 5 cpu_idle,-325.447569044
