Start Time (Seconds),End Time (Seconds),Duration (Seconds),Component,Energy Consumption (Joule)
0,35.596,35.596,screen medium,19.493223904
0,31.659,31.659,wifi running,0.43138300128
31.659,35.596,3.937,wifi scan,0.8844675224
0,35.596,35.596,phone_scanning,18.8301473114
0.0,47.177,47.177,core 0 cpu_idle,0.711995284
0.0,47.177,47.177,core 1 cpu_idle,0.711995284
0.0,47.177,47.177,core 2 cpu_idle,0.711995284
0.0,21611.712848,21611.712848,core 3 cpu_idle start,326.163970302
21611.712848,47.177,-21564.535848,core 3 cpu_idle,-325.451975018
0.0,47.177,47.177,core 4 cpu_idle,0.711995284
0.0,47.177,47.177,core 5 cpu_idle,0.711995284
