Start Time (Seconds),End Time (Seconds),Duration (Seconds),Component,Energy Consumption (Joule)
0,35.646,35.646,screen medium,19.520605104
0,25.411,25.411,wifi radio,6.80333988488
25.411,33.009,7.598,wifi running,0.10352974016
33.009,35.646,2.637,wifi radio,0.70600949496
0,35.646,35.646,phone_scanning,18.8565971194
0.0,47.147,47.147,core 0 cpu_idle,0.711542524
0.0,47.147,47.147,core 1 cpu_idle,0.711542524
0.0,21611.596555,21611.596555,core 2 cpu_idle start,326.162215208
21611.596555,47.147,-21564.449555,core 2 cpu_idle,-325.450672684
0.0,47.147,47.147,core 3 cpu_idle,0.711542524
0.0,47.147,47.147,core 4 cpu_idle,0.711542524
0.0,47.147,47.147,core 5 cpu_idle,0.711542524
