Start Time (Seconds),End Time (Seconds),Duration (Seconds),Component,Energy Consumption (Joule)
0,35.603,35.603,screen medium,19.497057272
0,35.603,35.603,wifi running,0.48512362976
0,35.603,35.603,phone_scanning,18.8338502845
0.0,47.128,47.128,core 0 cpu_idle,0.711255776
0.0,21611.363872,21611.363872,core 1 cpu_idle start,326.158703556
21611.363872,47.128,-21564.235872,core 1 cpu_idle,-325.44744778
0.0,47.128,47.128,core 2 cpu_idle,0.711255776
0.0,47.128,47.128,core 3 cpu_idle,0.711255776
0.0,47.128,47.128,core 4 cpu_idle,0.711255776
0.0,47.128,47.128,core 5 cpu_idle,0.711255776
