Start Time (Seconds),End Time (Seconds),Duration (Seconds),Component,Energy Consumption (Joule)
0,35.609,35.609,screen medium,19.500343016
0,35.609,35.609,wifi running,0.48520538528
0,35.609,35.609,phone_scanning,18.8370242614
0.0,47.179,47.179,core 0 cpu_idle,0.712025468
0.0,21611.701046,21611.701046,core 1 cpu_idle start,326.163792186
21611.701046,47.179,-21564.522046,core 1 cpu_idle,-325.451766718
0.0,47.179,47.179,core 2 cpu_idle,0.712025468
0.0,47.179,47.179,core 3 cpu_idle,0.712025468
0.0,47.179,47.179,core 4 cpu_idle,0.712025468
0.0,47.179,47.179,core 5 cpu_idle,0.712025468
