Start Time (Seconds),End Time (Seconds),Duration (Seconds),Component,Energy Consumption (Joule)
0,35.609,35.609,screen medium,19.509387702
0,22.416,22.416,wifi running,0.30558029184
22.416,27.773,5.357,wifi scan,1.2040361058
27.773,35.609,7.836,wifi running,0.10682223264
0,35.609,35.609,phone_scanning,18.8457612857
0.0,21611.721613,21611.721613,core 0 cpu_idle start,326.315384635
21611.721613,47.153,-21564.568613,core 0 cpu_idle,-325.603421488
0.0,47.153,47.153,core 1 cpu_idle,0.711963147001
0.0,47.153,47.153,core 2 cpu_idle,0.711963147001
0.0,47.153,47.153,core 3 cpu_idle,0.711963147001
0.0,47.153,47.153,core 4 cpu_idle,0.711963147001
0.0,47.153,47.153,core 5 cpu_idle,0.711963147001
