Start Time (Seconds),End Time (Seconds),Duration (Seconds),Component,Energy Consumption (Joule)
0,35.587,35.587,screen medium,19.497334386
0,21.188,21.188,wifi running,0.28883990112
21.188,26.557,5.369,wifi scan,1.2067332186
26.557,35.587,9.03,wifi running,0.1230991272
0,35.587,35.587,phone_scanning,18.8341179722
0.0,46.1,46.1,core 0 cpu_idle,0.6960639
0.0,46.1,46.1,core 1 cpu_idle,0.6960639
0.0,46.1,46.1,core 2 cpu_idle,0.6960639
0.0,46.1,46.1,core 3 cpu_idle,0.6960639
0.0,46.1,46.1,core 4 cpu_idle,0.6960639
0.0,21611.444884,21611.444884,core 5 cpu_idle start,326.311206304
21611.444884,46.1,-21565.344884,core 5 cpu_idle,-325.615142404
