Start Time (Seconds),End Time (Seconds),Duration (Seconds),Component,Energy Consumption (Joule)
0,35.605,35.605,screen medium,19.50719619
0,31.27,31.27,wifi radio,8.3758652502
31.27,34.399,3.129,wifi running,0.04265527896
34.399,35.605,1.206,wifi radio,0.32303464956
0,35.605,35.605,phone_scanning,18.8436443196
0.0,46.09,46.09,core 0 cpu_idle,0.69591291
0.0,46.09,46.09,core 1 cpu_idle,0.69591291
0.0,46.09,46.09,core 2 cpu_idle,0.69591291
0.0,46.09,46.09,core 3 cpu_idle,0.69591291
0.0,46.09,46.09,core 4 cpu_idle,0.69591291
0.0,21611.625858,21611.625858,core 5 cpu_idle start,326.31393883
21611.625858,46.09,-21565.535858,core 5 cpu_idle,-325.61802592
