Start Time (Seconds),End Time (Seconds),Duration (Seconds),Component,Energy Consumption (Joule)
0,35.628,35.628,screen medium,19.519797384
0,29.422,29.422,wifi radio,7.88086688172
29.422,33.532,4.11,wifi running,0.0560285064
33.532,35.628,2.096,wifi radio,0.56142672096
0,35.628,35.628,phone_scanning,18.8558168746
0.0,47.099,47.099,core 0 cpu_idle,0.711147801
0.0,47.099,47.099,core 1 cpu_idle,0.711147801
0.0,47.099,47.099,core 2 cpu_idle,0.711147801
0.0,21612.063907,21612.063907,core 3 cpu_idle start,326.320552932
21612.063907,47.099,-21564.964907,core 3 cpu_idle,-325.609405131
0.0,47.099,47.099,core 4 cpu_idle,0.711147801
0.0,47.099,47.099,core 5 cpu_idle,0.711147801
