Start Time (Seconds),End Time (Seconds),Duration (Seconds),Component,Energy Consumption (Joule)
0,35.624,35.624,screen medium,19.517605872
0,35.624,35.624,wifi running,0.48563491776
0,35.624,35.624,phone_scanning,18.8536999085
0.0,46.098,46.098,core 0 cpu_idle,0.696033702
0.0,21611.439128,21611.439128,core 1 cpu_idle start,326.311119394
21611.439128,46.098,-21565.341128,core 1 cpu_idle,-325.615085692
0.0,46.098,46.098,core 2 cpu_idle,0.696033702
0.0,46.098,46.098,core 3 cpu_idle,0.696033702
0.0,46.098,46.098,core 4 cpu_idle,0.696033702
0.0,46.098,46.098,core 5 cpu_idle,0.696033702
