Start Time (Seconds),End Time (Seconds),Duration (Seconds),Component,Energy Consumption (Joule)
0,35.599,35.599,screen medium,19.476782484
0,20.163,20.163,wifi running,0.27448456464
20.163,20.458,0.295,wifi scan,0.066211806
20.458,35.599,15.141,wifi running,0.20611867248
0,35.599,35.599,phone_scanning,18.8142651586
0.0,21611.597104,21611.597104,core 0 cpu_idle start,325.859661134
21611.597104,46.1,-21565.497104,core 0 cpu_idle,-325.164565334
0.0,46.1,46.1,core 1 cpu_idle,0.6950958
0.0,46.1,46.1,core 2 cpu_idle,0.6950958
0.0,46.1,46.1,core 3 cpu_idle,0.6950958
0.0,46.1,46.1,core 4 cpu_idle,0.6950958
0.0,46.1,46.1,core 5 cpu_idle,0.6950958
