Start Time (Seconds),End Time (Seconds),Duration (Seconds),Component,Energy Consumption (Joule)
0,35.633,35.633,screen medium,19.495384428
0,20.095,20.095,wifi running,0.2735588616
20.095,25.424,5.329,wifi scan,1.1960769972
25.424,35.633,10.209,wifi running,0.13897797552
0,35.633,35.633,phone_scanning,18.8322343435
0.0,21611.558812,21611.558812,core 0 cpu_idle start,325.859083767
21611.558812,46.089,-21565.469812,core 0 cpu_idle,-325.164153825
0.0,46.089,46.089,core 1 cpu_idle,0.694929942
0.0,46.089,46.089,core 2 cpu_idle,0.694929942
0.0,46.089,46.089,core 3 cpu_idle,0.694929942
0.0,46.089,46.089,core 4 cpu_idle,0.694929942
0.0,46.089,46.089,core 5 cpu_idle,0.694929942
