Start Time (Seconds),End Time (Seconds),Duration (Seconds),Component,Energy Consumption (Joule)
0,35.56,35.56,screen medium,19.45544496
0,33.284,33.284,wifi radio,8.90292813648
33.284,35.56,2.276,wifi running,0.03098382528
0,35.56,35.56,phone_scanning,18.7936534464
0.0,46.117,46.117,core 0 cpu_idle,0.695352126
0.0,21611.538887,21611.538887,core 1 cpu_idle start,325.858783338
21611.538887,46.117,-21565.421887,core 1 cpu_idle,-325.163431212
0.0,46.117,46.117,core 2 cpu_idle,0.695352126
0.0,46.117,46.117,core 3 cpu_idle,0.695352126
0.0,46.117,46.117,core 4 cpu_idle,0.695352126
0.0,46.117,46.117,core 5 cpu_idle,0.695352126
