Start Time (Seconds),End Time (Seconds),Duration (Seconds),Component,Energy Consumption (Joule)
0,35.577,35.577,screen medium,19.464745932
0,20.172,20.172,wifi running,0.27460708416
20.172,25.672,5.5,wifi scan,1.2344574
25.672,35.577,9.905,wifi running,0.1348395384
0,35.577,35.577,phone_scanning,18.8026380389
0.0,46.052,46.052,core 0 cpu_idle,0.694372056
0.0,46.052,46.052,core 1 cpu_idle,0.694372056
0.0,46.052,46.052,core 2 cpu_idle,0.694372056
0.0,21611.785865,21611.785865,core 3 cpu_idle start,325.862507272
21611.785865,46.052,-21565.733865,core 3 cpu_idle,-325.168135216
0.0,46.052,46.052,core 4 cpu_idle,0.694372056
0.0,46.052,46.052,core 5 cpu_idle,0.694372056
