Start Time (Seconds),End Time (Seconds),Duration (Seconds),Component,Energy Consumption (Joule)
0,35.626,35.626,screen medium,19.491554616
0,23.01,23.01,wifi running,0.3132415728
23.01,28.47,5.46,wifi scan,1.225479528
28.47,35.626,7.156,wifi running,0.09741663168
0,35.626,35.626,phone_scanning,18.8285348054
0.0,46.113,46.113,core 0 cpu_idle,0.695291814
0.0,46.113,46.113,core 1 cpu_idle,0.695291814
0.0,46.113,46.113,core 2 cpu_idle,0.695291814
0.0,46.113,46.113,core 3 cpu_idle,0.695291814
0.0,21611.694376,21611.694376,core 4 cpu_idle start,325.861127801
21611.694376,46.113,-21565.581376,core 4 cpu_idle,-325.165835987
0.0,46.113,46.113,core 5 cpu_idle,0.695291814
