Start Time (Seconds),End Time (Seconds),Duration (Seconds),Component,Energy Consumption (Joule)
0,35.667,35.667,screen medium,19.695174732
0,35.667,35.667,wifi running,0.49005316656
0,35.667,35.667,phone_scanning,19.0252286309
0.0,47.116,47.116,core 0 cpu_idle,0.717011288001
0.0,47.116,47.116,core 1 cpu_idle,0.717011288001
0.0,47.116,47.116,core 2 cpu_idle,0.717011288001
0.0,47.116,47.116,core 3 cpu_idle,0.717011288001
0.0,47.116,47.116,core 4 cpu_idle,0.717011288001
0.0,21611.46587,21611.46587,core 5 cpu_idle start,328.88328761
21611.46587,47.116,-21564.34987,core 5 cpu_idle,-328.166276322
