Start Time (Seconds),End Time (Seconds),Duration (Seconds),Component,Energy Consumption (Joule)
0,35.604,35.604,screen medium,19.660386384
0,35.604,35.604,wifi running,0.48918756672
0,35.604,35.604,phone_scanning,18.9916236346
0.0,47.104,47.104,core 0 cpu_idle,0.716828672
0.0,47.104,47.104,core 1 cpu_idle,0.716828672
0.0,47.104,47.104,core 2 cpu_idle,0.716828672
0.0,21611.554159,21611.554159,core 3 cpu_idle start,328.884631192
21611.554159,47.104,-21564.450159,core 3 cpu_idle,-328.16780252
0.0,47.104,47.104,core 4 cpu_idle,0.716828672
0.0,47.104,47.104,core 5 cpu_idle,0.716828672
