Start Time (Seconds),End Time (Seconds),Duration (Seconds),Component,Energy Consumption (Joule)
0,35.614,35.614,screen medium,19.665908344
0,35.614,35.614,wifi running,0.48932496352
0,35.614,35.614,phone_scanning,18.996957761
0.0,47.147,47.147,core 0 cpu_idle,0.717483046
0.0,21611.726198,21611.726198,core 1 cpu_idle start,328.887249281
21611.726198,47.147,-21564.579198,core 1 cpu_idle,-328.169766235
0.0,47.147,47.147,core 2 cpu_idle,0.717483046
0.0,47.147,47.147,core 3 cpu_idle,0.717483046
0.0,47.147,47.147,core 4 cpu_idle,0.717483046
0.0,47.147,47.147,core 5 cpu_idle,0.717483046
