Start Time (Seconds),End Time (Seconds),Duration (Seconds),Component,Energy Consumption (Joule)
0,35.631,35.631,screen medium,19.675295676
0,31.358,31.358,wifi radio,8.46563522056
31.358,35.244,3.886,wifi running,0.05339239648
35.244,35.631,0.387,wifi radio,0.10447735284
0,35.631,35.631,phone_scanning,19.0060257758
0.0,21611.470822,21611.470822,core 0 cpu_idle start,328.883362969
21611.470822,47.107,-21564.363822,core 0 cpu_idle,-328.166488643
0.0,47.107,47.107,core 1 cpu_idle,0.716874326
0.0,47.107,47.107,core 2 cpu_idle,0.716874326
0.0,47.107,47.107,core 3 cpu_idle,0.716874326
0.0,47.107,47.107,core 4 cpu_idle,0.716874326
0.0,47.107,47.107,core 5 cpu_idle,0.716874326
