Start Time (Seconds),End Time (Seconds),Duration (Seconds),Component,Energy Consumption (Joule)
0,35.595,35.595,screen medium,19.50171741
0,35.595,35.595,wifi running,0.4852395828
0,35.595,35.595,phone_scanning,18.8383519044
0.0,21611.366915,21611.366915,core 0 cpu_idle start,326.31002905
21611.366915,46.115,-21565.251915,core 0 cpu_idle,-325.613738665
0.0,46.115,46.115,core 1 cpu_idle,0.696290385001
0.0,46.115,46.115,core 2 cpu_idle,0.696290385001
0.0,46.115,46.115,core 3 cpu_idle,0.696290385001
0.0,46.115,46.115,core 4 cpu_idle,0.696290385001
0.0,46.115,46.115,core 5 cpu_idle,0.696290385001
