Start Time (Seconds),End Time (Seconds),Duration (Seconds),Component,Energy Consumption (Joule)
0,35.247,35.247,screen medium,19.311055866
0,29.73,29.73,wifi running,0.4052864952
29.73,35.247,5.517,wifi scan,1.2399976098
0,35.247,35.247,phone_scanning,18.6541758554
0.0,47.055,47.055,core 0 cpu_idle,0.710483445
0.0,47.055,47.055,core 1 cpu_idle,0.710483445
0.0,47.055,47.055,core 2 cpu_idle,0.710483445
0.0,47.055,47.055,core 3 cpu_idle,0.710483445
0.0,47.055,47.055,core 4 cpu_idle,0.710483445
0.0,21611.419856,21611.419856,core 5 cpu_idle start,326.310828406
21611.419856,47.055,-21564.364856,core 5 cpu_idle,-325.600344961
