Start Time (Seconds),End Time (Seconds),Duration (Seconds),Component,Energy Consumption (Joule)
0,35.682,35.682,screen medium,19.549382796
0,27.351,27.351,wifi running,0.37285539624
27.351,32.776,5.425,wifi scan,1.219319745
32.776,35.682,2.906,wifi running,0.03961528944
0,35.682,35.682,phone_scanning,18.8843959166
0.0,46.088,46.088,core 0 cpu_idle,0.695882712001
0.0,46.088,46.088,core 1 cpu_idle,0.695882712001
0.0,46.088,46.088,core 2 cpu_idle,0.695882712001
0.0,21611.393877,21611.393877,core 3 cpu_idle start,326.310436149
21611.393877,46.088,-21565.305877,core 3 cpu_idle,-325.614553437
0.0,46.088,46.088,core 4 cpu_idle,0.695882712001
0.0,46.088,46.088,core 5 cpu_idle,0.695882712001
