Start Time (Seconds),End Time (Seconds),Duration (Seconds),Component,Energy Consumption (Joule)
0,35.554,35.554,screen medium,19.479254412
0,25.888,25.888,wifi radio,6.93426285888
25.888,30.551,4.663,wifi running,0.06356713512
30.551,35.554,5.003,wifi radio,1.34008486878
0,35.554,35.554,phone_scanning,18.8166530021
0.0,21611.420545,21611.420545,core 0 cpu_idle start,326.310838809
21611.420545,46.111,-21565.309545,core 0 cpu_idle,-325.61460882
0.0,46.111,46.111,core 1 cpu_idle,0.696229989
0.0,46.111,46.111,core 2 cpu_idle,0.696229989
0.0,46.111,46.111,core 3 cpu_idle,0.696229989
0.0,46.111,46.111,core 4 cpu_idle,0.696229989
0.0,46.111,46.111,core 5 cpu_idle,0.696229989
