Start Time (Seconds),End Time (Seconds),Duration (Seconds),Component,Energy Consumption (Joule)
0,35.649,35.649,screen medium,19.531302822
0,28.681,28.681,wifi running,0.39098627544
28.681,34.145,5.464,wifi scan,1.2280853616
34.145,35.649,1.504,wifi running,0.02050288896
0,35.649,35.649,phone_scanning,18.8669309465
0.0,46.156,46.156,core 0 cpu_idle,0.696909444
0.0,46.156,46.156,core 1 cpu_idle,0.696909444
0.0,46.156,46.156,core 2 cpu_idle,0.696909444
0.0,21611.36422,21611.36422,core 3 cpu_idle start,326.309988358
21611.36422,46.156,-21565.20822,core 3 cpu_idle,-325.613078914
0.0,46.156,46.156,core 4 cpu_idle,0.696909444
0.0,46.156,46.156,core 5 cpu_idle,0.696909444
