Start Time (Seconds),End Time (Seconds),Duration (Seconds),Component,Energy Consumption (Joule)
0,35.601,35.601,screen medium,19.536653967
0,35.601,35.601,wifi running,0.48610887036
0,35.601,35.601,phone_scanning,18.8721000683
0.0,47.157,47.157,core 0 cpu_idle,0.7131788895
0.0,21611.616584,21611.616584,core 1 cpu_idle start,326.843283408
21611.616584,47.157,-21564.459584,core 1 cpu_idle,-326.130104519
0.0,47.157,47.157,core 2 cpu_idle,0.7131788895
0.0,47.157,47.157,core 3 cpu_idle,0.7131788895
0.0,47.157,47.157,core 4 cpu_idle,0.7131788895
0.0,47.157,47.157,core 5 cpu_idle,0.7131788895
