Start Time (Seconds),End Time (Seconds),Duration (Seconds),Component,Energy Consumption (Joule)
0,35.634,35.634,screen medium,19.554763278
0,35.634,35.634,wifi running,0.48655946424
0,35.634,35.634,phone_scanning,18.8895933775
0.0,46.138,46.138,core 0 cpu_idle,0.697768043001
0.0,46.138,46.138,core 1 cpu_idle,0.697768043001
0.0,46.138,46.138,core 2 cpu_idle,0.697768043001
0.0,21611.450587,21611.450587,core 3 cpu_idle start,326.840772952
21611.450587,46.138,-21565.312587,core 3 cpu_idle,-326.143004909
0.0,46.138,46.138,core 4 cpu_idle,0.697768043001
0.0,46.138,46.138,core 5 cpu_idle,0.697768043001
