Start Time (Seconds),End Time (Seconds),Duration (Seconds),Component,Energy Consumption (Joule)
0,35.604,35.604,screen medium,19.538300268
0,35.604,35.604,wifi running,0.48614983344
0,35.604,35.604,phone_scanning,18.8736903691
0.0,47.086,47.086,core 0 cpu_idle,0.712105121
0.0,47.086,47.086,core 1 cpu_idle,0.712105121
0.0,47.086,47.086,core 2 cpu_idle,0.712105121
0.0,47.086,47.086,core 3 cpu_idle,0.712105121
0.0,47.086,47.086,core 4 cpu_idle,0.712105121
0.0,21611.383908,21611.383908,core 5 cpu_idle start,326.839764533
21611.383908,47.086,-21564.297908,core 5 cpu_idle,-326.127659412
