Start Time (Seconds),End Time (Seconds),Duration (Seconds),Component,Energy Consumption (Joule)
0,35.56,35.56,screen medium,19.51415452
0,33.935,33.935,wifi radio,9.10445135215
33.935,34.728,0.793,wifi running,0.01082790748
34.728,35.56,0.832,wifi radio,0.22321802048
0,35.56,35.56,phone_scanning,18.8503659568
0.0,46.091,46.091,core 0 cpu_idle,0.6970572385
0.0,46.091,46.091,core 1 cpu_idle,0.6970572385
0.0,46.091,46.091,core 2 cpu_idle,0.6970572385
0.0,21611.456861,21611.456861,core 3 cpu_idle start,326.840867837
21611.456861,46.091,-21565.365861,core 3 cpu_idle,-326.143810599
0.0,46.091,46.091,core 4 cpu_idle,0.6970572385
0.0,46.091,46.091,core 5 cpu_idle,0.6970572385
