Start Time (Seconds),End Time (Seconds),Duration (Seconds),Component,Energy Consumption (Joule)
0,35.605,35.605,screen medium,19.538849035
0,16.036,16.036,wifi running,0.21896131696
16.036,16.332,0.296,wifi scan,0.0666367336
16.332,31.172,14.84,wifi radio,3.9814368076
31.172,35.194,4.022,wifi running,0.05491783592
35.194,35.605,0.411,wifi radio,0.11026755579
0,35.605,35.605,phone_scanning,18.8742204694
0.0,21611.461871,21611.461871,core 0 cpu_idle start,326.840943606
21611.461871,47.112,-21564.349871,core 0 cpu_idle,-326.128445274
0.0,47.112,47.112,core 1 cpu_idle,0.712498332
0.0,47.112,47.112,core 2 cpu_idle,0.712498332
0.0,47.112,47.112,core 3 cpu_idle,0.712498332
0.0,47.112,47.112,core 4 cpu_idle,0.712498332
0.0,47.112,47.112,core 5 cpu_idle,0.712498332
