Start Time (Seconds),End Time (Seconds),Duration (Seconds),Component,Energy Consumption (Joule)
0,35.555,35.555,screen medium,19.448193895
0,22.291,22.291,wifi running,0.30338318492
22.291,27.811,5.52,wifi scan,1.238658744
27.811,35.555,7.744,wifi running,0.10539676928
0,35.555,35.555,phone_scanning,18.7866490318
0.0,46.143,46.143,core 0 cpu_idle,0.6955826535
0.0,21611.925166,21611.925166,core 1 cpu_idle start,325.788965915
21611.925166,46.143,-21565.782166,core 1 cpu_idle,-325.093383261
0.0,46.143,46.143,core 2 cpu_idle,0.6955826535
0.0,46.143,46.143,core 3 cpu_idle,0.6955826535
0.0,46.143,46.143,core 4 cpu_idle,0.6955826535
0.0,46.143,46.143,core 5 cpu_idle,0.6955826535
