Start Time (Seconds),End Time (Seconds),Duration (Seconds),Component,Energy Consumption (Joule)
0,35.643,35.643,screen medium,19.496328927
0,35.643,35.643,wifi running,0.48510550716
0,35.643,35.643,phone_scanning,18.8331467147
0.0,21611.498536,21611.498536,core 0 cpu_idle start,325.782534681
21611.498536,47.057,-21564.441536,core 0 cpu_idle,-325.073173934
0.0,47.057,47.057,core 1 cpu_idle,0.7093607465
0.0,47.057,47.057,core 2 cpu_idle,0.7093607465
0.0,47.057,47.057,core 3 cpu_idle,0.7093607465
0.0,47.057,47.057,core 4 cpu_idle,0.7093607465
0.0,47.057,47.057,core 5 cpu_idle,0.7093607465
