Start Time (Seconds),End Time (Seconds),Duration (Seconds),Component,Energy Consumption (Joule)
0,35.583,35.583,screen medium,19.463509587
0,23.822,23.822,wifi running,0.32422027864
23.822,29.247,5.425,wifi scan,1.2173412475
29.247,35.583,6.336,wifi running,0.08623372032
0,35.583,35.583,phone_scanning,18.8014437491
0.0,46.132,46.132,core 0 cpu_idle,0.695416834001
0.0,46.132,46.132,core 1 cpu_idle,0.695416834001
0.0,46.132,46.132,core 2 cpu_idle,0.695416834001
0.0,21611.432927,21611.432927,core 3 cpu_idle start,325.781545658
21611.432927,46.132,-21565.300927,core 3 cpu_idle,-325.086128824
0.0,46.132,46.132,core 4 cpu_idle,0.695416834001
0.0,46.132,46.132,core 5 cpu_idle,0.695416834001
