Start Time (Seconds),End Time (Seconds),Duration (Seconds),Component,Energy Consumption (Joule)
0,35.641,35.641,screen medium,19.495234949
0,21.003,21.003,wifi running,0.28585335036
21.003,26.419,5.416,wifi scan,1.2153216952
26.419,35.641,9.222,wifi running,0.12551252664
0,35.641,35.641,phone_scanning,18.8320899492
0.0,46.152,46.152,core 0 cpu_idle,0.695718324
0.0,46.152,46.152,core 1 cpu_idle,0.695718324
0.0,21611.421931,21611.421931,core 2 cpu_idle start,325.781379899
21611.421931,46.152,-21565.269931,core 2 cpu_idle,-325.085661575
0.0,46.152,46.152,core 3 cpu_idle,0.695718324
0.0,46.152,46.152,core 4 cpu_idle,0.695718324
0.0,46.152,46.152,core 5 cpu_idle,0.695718324
