Start Time (Seconds),End Time (Seconds),Duration (Seconds),Component,Energy Consumption (Joule)
0,35.696,35.696,screen medium,19.525319344
0,35.696,35.696,wifi running,0.48582684352
0,35.696,35.696,phone_scanning,18.861151001
0.0,46.114,46.114,core 0 cpu_idle,0.695145493
0.0,46.114,46.114,core 1 cpu_idle,0.695145493
0.0,21611.603955,21611.603955,core 2 cpu_idle start,325.78412382
21611.603955,46.114,-21565.489955,core 2 cpu_idle,-325.088978327
0.0,46.114,46.114,core 3 cpu_idle,0.695145493
0.0,46.114,46.114,core 4 cpu_idle,0.695145493
0.0,46.114,46.114,core 5 cpu_idle,0.695145493
