Start Time (Seconds),End Time (Seconds),Duration (Seconds),Component,Energy Consumption (Joule)
0,35.671,35.671,screen medium,19.692853299
0,23.971,23.971,wifi running,0.32927812092
23.971,29.509,5.538,wifi scan,1.2542390406
29.509,35.671,6.162,wifi running,0.08464443624
0,35.671,35.671,phone_scanning,19.0229861632
0.0,47.071,47.071,core 0 cpu_idle,0.7161617295
0.0,47.071,47.071,core 1 cpu_idle,0.7161617295
0.0,47.071,47.071,core 2 cpu_idle,0.7161617295
0.0,21611.369784,21611.369784,core 3 cpu_idle start,328.806185579
21611.369784,47.071,-21564.298784,core 3 cpu_idle,-328.090023849
0.0,47.071,47.071,core 4 cpu_idle,0.7161617295
0.0,47.071,47.071,core 5 cpu_idle,0.7161617295
