Start Time (Seconds),End Time (Seconds),Duration (Seconds),Component,Energy Consumption (Joule)
0,35.589,35.589,screen medium,19.647583641
0,20.191,20.191,wifi running,0.27735407532
20.191,25.638,5.447,wifi scan,1.2336294789
25.638,35.589,9.951,wifi running,0.13669211052
0,35.589,35.589,phone_scanning,18.9792563864
0.0,47.105,47.105,core 0 cpu_idle,0.7166790225
0.0,47.105,47.105,core 1 cpu_idle,0.7166790225
0.0,21611.450642,21611.450642,core 2 cpu_idle start,328.807415793
21611.450642,47.105,-21564.345642,core 2 cpu_idle,-328.09073677
0.0,47.105,47.105,core 3 cpu_idle,0.7166790225
0.0,47.105,47.105,core 4 cpu_idle,0.7166790225
0.0,47.105,47.105,core 5 cpu_idle,0.7166790225
