Start Time (Seconds),End Time (Seconds),Duration (Seconds),Component,Energy Consumption (Joule)
0,35.558,35.558,screen medium,19.630469502
0,35.558,35.558,wifi radio,9.59729016834
0,35.558,35.558,phone_scanning,18.9627243977
0.0,46.147,46.147,core 0 cpu_idle,0.7021035315
0.0,46.147,46.147,core 1 cpu_idle,0.7021035315
0.0,46.147,46.147,core 2 cpu_idle,0.7021035315
0.0,21611.398203,21611.398203,core 3 cpu_idle start,328.80661796
21611.398203,46.147,-21565.251203,core 3 cpu_idle,-328.104514428
0.0,46.147,46.147,core 4 cpu_idle,0.7021035315
0.0,46.147,46.147,core 5 cpu_idle,0.7021035315
