Start Time (Seconds),End Time (Seconds),Duration (Seconds),Component,Energy Consumption (Joule)
0,35.598,35.598,screen medium,19.652552262
0,22.631,22.631,wifi running,0.31087118412
22.631,28.079,5.448,wifi scan,1.2338559576
28.079,35.598,7.519,wifi running,0.10328489388
0,35.598,35.598,phone_scanning,18.9840559961
0.0,47.119,47.119,core 0 cpu_idle,0.7168920255
0.0,47.119,47.119,core 1 cpu_idle,0.7168920255
0.0,21611.416816,21611.416816,core 2 cpu_idle start,328.806901147
21611.416816,47.119,-21564.297816,core 2 cpu_idle,-328.090009122
0.0,47.119,47.119,core 3 cpu_idle,0.7168920255
0.0,47.119,47.119,core 4 cpu_idle,0.7168920255
0.0,47.119,47.119,core 5 cpu_idle,0.7168920255
