Start Time (Seconds),End Time (Seconds),Duration (Seconds),Component,Energy Consumption (Joule)
0,35.574,35.574,screen medium,19.639302606
0,20.275,20.275,wifi running,0.278507943
20.275,25.7,5.425,wifi scan,1.2286469475
25.7,35.574,9.874,wifi running,0.13563439848
0,35.574,35.574,phone_scanning,18.971257037
0.0,46.084,46.084,core 0 cpu_idle,0.701145018
0.0,21611.601411,21611.601411,core 1 cpu_idle start,328.809709668
21611.601411,46.084,-21565.517411,core 1 cpu_idle,-328.10856465
0.0,46.084,46.084,core 2 cpu_idle,0.701145018
0.0,46.084,46.084,core 3 cpu_idle,0.701145018
0.0,46.084,46.084,core 4 cpu_idle,0.701145018
0.0,46.084,46.084,core 5 cpu_idle,0.701145018
