Start Time (Seconds),End Time (Seconds),Duration (Seconds),Component,Energy Consumption (Joule)
0,35.615,35.615,screen medium,19.562429125
0,22.915,22.915,wifi running,0.313179305
22.915,28.385,5.47,wifi scan,1.232568775
28.385,35.615,7.23,wifi running,0.09881241
0,35.615,35.615,phone_scanning,18.896998465
0.0,46.13,46.13,core 0 cpu_idle,0.698292875
0.0,21611.586949,21611.586949,core 1 cpu_idle start,327.14539744
21611.586949,46.13,-21565.456949,core 1 cpu_idle,-326.447104565
0.0,46.13,46.13,core 2 cpu_idle,0.698292875
0.0,46.13,46.13,core 3 cpu_idle,0.698292875
0.0,46.13,46.13,core 4 cpu_idle,0.698292875
0.0,46.13,46.13,core 5 cpu_idle,0.698292875
