Start Time (Seconds),End Time (Seconds),Duration (Seconds),Component,Energy Consumption (Joule)
0,35.605,35.605,screen medium,19.556936375
0,24.019,24.019,wifi running,0.328267673
24.019,29.423,5.404,wifi scan,1.21769683
29.423,35.605,6.182,wifi running,0.084489394
0,35.605,35.605,phone_scanning,18.891692555
0.0,47.152,47.152,core 0 cpu_idle,0.7137634
0.0,47.152,47.152,core 1 cpu_idle,0.7137634
0.0,47.152,47.152,core 2 cpu_idle,0.7137634
0.0,21611.508216,21611.508216,core 3 cpu_idle start,327.14420562
21611.508216,47.152,-21564.356216,core 3 cpu_idle,-326.43044222
0.0,47.152,47.152,core 4 cpu_idle,0.7137634
0.0,47.152,47.152,core 5 cpu_idle,0.7137634
