Start Time (Seconds),End Time (Seconds),Duration (Seconds),Component,Energy Consumption (Joule)
0,35.591,35.591,screen medium,19.549246525
0,35.591,35.591,wifi running,0.486422197
0,35.591,35.591,phone_scanning,18.884264281
0.0,47.041,47.041,core 0 cpu_idle,0.7120831375
0.0,47.041,47.041,core 1 cpu_idle,0.7120831375
0.0,47.041,47.041,core 2 cpu_idle,0.7120831375
0.0,21611.373878,21611.373878,core 3 cpu_idle start,327.142172078
21611.373878,47.041,-21564.332878,core 3 cpu_idle,-326.430088941
0.0,47.041,47.041,core 4 cpu_idle,0.7120831375
0.0,47.041,47.041,core 5 cpu_idle,0.7120831375
