Start Time (Seconds),End Time (Seconds),Duration (Seconds),Component,Energy Consumption (Joule)
0,35.587,35.587,screen medium,19.547049425
0,21.79,21.79,wifi running,0.29780393
21.79,27.186,5.396,wifi scan,1.21589417
27.186,35.587,8.401,wifi running,0.114816467
0,35.587,35.587,phone_scanning,18.882141917
0.0,46.097,46.097,core 0 cpu_idle,0.6977933375
0.0,21611.591901,21611.591901,core 1 cpu_idle start,327.145472401
21611.591901,46.097,-21565.494901,core 1 cpu_idle,-326.447679064
0.0,46.097,46.097,core 2 cpu_idle,0.6977933375
0.0,46.097,46.097,core 3 cpu_idle,0.6977933375
0.0,46.097,46.097,core 4 cpu_idle,0.6977933375
0.0,46.097,46.097,core 5 cpu_idle,0.6977933375
