Start Time (Seconds),End Time (Seconds),Duration (Seconds),Component,Energy Consumption (Joule)
0,35.661,35.661,screen medium,19.587695775
0,20.571,20.571,wifi running,0.281143857
20.571,26.093,5.522,wifi scan,1.244286065
26.093,35.661,9.568,wifi running,0.130765856
0,35.661,35.661,phone_scanning,18.921405651
0.0,46.076,46.076,core 0 cpu_idle,0.69747545
0.0,46.076,46.076,core 1 cpu_idle,0.69747545
0.0,46.076,46.076,core 2 cpu_idle,0.69747545
0.0,46.076,46.076,core 3 cpu_idle,0.69747545
0.0,46.076,46.076,core 4 cpu_idle,0.69747545
0.0,21611.543985,21611.543985,core 5 cpu_idle start,327.144747073
21611.543985,46.076,-21565.467985,core 5 cpu_idle,-326.447271623
