Start Time (Seconds),End Time (Seconds),Duration (Seconds),Component,Energy Consumption (Joule)
0,35.619,35.619,screen medium,19.546531773
0,22.219,22.219,wifi running,0.30338622484
22.219,27.639,5.42,wifi scan,1.220172622
27.639,35.619,7.98,wifi running,0.1089617928
0,35.619,35.619,phone_scanning,18.8816418733
0.0,21611.592871,21611.592871,core 0 cpu_idle start,326.842924785
21611.592871,46.14,-21565.452871,core 0 cpu_idle,-326.145126495
0.0,46.14,46.14,core 1 cpu_idle,0.69779829
0.0,46.14,46.14,core 2 cpu_idle,0.69779829
0.0,46.14,46.14,core 3 cpu_idle,0.69779829
0.0,46.14,46.14,core 4 cpu_idle,0.69779829
0.0,46.14,46.14,core 5 cpu_idle,0.69779829
