Start Time (Seconds),End Time (Seconds),Duration (Seconds),Component,Energy Consumption (Joule)
0,35.594,35.594,screen medium,19.532812598
0,35.594,35.594,wifi running,0.48601328984
0,35.594,35.594,phone_scanning,18.8683893663
0.0,46.188,46.188,core 0 cpu_idle,0.698524218
0.0,46.188,46.188,core 1 cpu_idle,0.698524218
0.0,21611.508986,21611.508986,core 2 cpu_idle start,326.84165615
21611.508986,46.188,-21565.320986,core 2 cpu_idle,-326.143131932
0.0,46.188,46.188,core 3 cpu_idle,0.698524218
0.0,46.188,46.188,core 4 cpu_idle,0.698524218
0.0,46.188,46.188,core 5 cpu_idle,0.698524218
