Start Time (Seconds),End Time (Seconds),Duration (Seconds),Component,Energy Consumption (Joule)
0,35.619,35.619,screen medium,19.546531773
0,23.423,23.423,wifi running,0.31982607428
23.423,28.917,5.494,wifi scan,1.2368318054
28.917,35.619,6.702,wifi running,0.09151152072
0,35.619,35.619,phone_scanning,18.8816418733
0.0,47.13,47.13,core 0 cpu_idle,0.712770555
0.0,21611.473052,21611.473052,core 1 cpu_idle start,326.841112702
21611.473052,47.13,-21564.343052,core 1 cpu_idle,-326.128342147
0.0,47.13,47.13,core 2 cpu_idle,0.712770555
0.0,47.13,47.13,core 3 cpu_idle,0.712770555
0.0,47.13,47.13,core 4 cpu_idle,0.712770555
0.0,47.13,47.13,core 5 cpu_idle,0.712770555
