Start Time (Seconds),End Time (Seconds),Duration (Seconds),Component,Energy Consumption (Joule)
0,35.588,35.588,screen medium,19.529519996
0,21.005,21.005,wifi running,0.2868098318
21.005,26.461,5.456,wifi scan,1.2282770896
26.461,35.588,9.127,wifi running,0.12462334372
0,35.588,35.588,phone_scanning,18.8652087646
0.0,46.193,46.193,core 0 cpu_idle,0.6985998355
0.0,46.193,46.193,core 1 cpu_idle,0.6985998355
0.0,46.193,46.193,core 2 cpu_idle,0.6985998355
0.0,21611.59188,21611.59188,core 3 cpu_idle start,326.842909797
21611.59188,46.193,-21565.39888,core 3 cpu_idle,-326.144309962
0.0,46.193,46.193,core 4 cpu_idle,0.6985998355
0.0,46.193,46.193,core 5 cpu_idle,0.6985998355
