Start Time (Seconds),End Time (Seconds),Duration (Seconds),Component,Energy Consumption (Joule)
0,35.733,35.733,screen medium,19.609091211
0,24.135,24.135,wifi running,0.3295479786
24.135,29.558,5.423,wifi scan,1.2208479943
29.558,35.733,6.175,wifi running,0.084315673
0,35.733,35.733,phone_scanning,18.9420733052
0.0,21611.559784,21611.559784,core 0 cpu_idle start,326.842424393
21611.559784,47.135,-21564.424784,core 0 cpu_idle,-326.129578221
0.0,47.135,47.135,core 1 cpu_idle,0.7128461725
0.0,47.135,47.135,core 2 cpu_idle,0.7128461725
0.0,47.135,47.135,core 3 cpu_idle,0.7128461725
0.0,47.135,47.135,core 4 cpu_idle,0.7128461725
0.0,47.135,47.135,core 5 cpu_idle,0.7128461725
