Start Time (Seconds),End Time (Seconds),Duration (Seconds),Component,Energy Consumption (Joule)
0,35.57,35.57,screen medium,19.52415958
0,23.708,23.708,wifi running,0.32379248416
23.708,29.147,5.439,wifi scan,1.2247333518
29.147,35.57,6.423,wifi running,0.08772225096
0,35.57,35.57,phone_scanning,18.8600306872
0.0,47.123,47.123,core 0 cpu_idle,0.712829621
0.0,47.123,47.123,core 1 cpu_idle,0.712829621
0.0,21611.577902,21611.577902,core 2 cpu_idle start,326.918338924
21611.577902,47.123,-21564.454902,core 2 cpu_idle,-326.205509303
0.0,47.123,47.123,core 3 cpu_idle,0.712829621
0.0,47.123,47.123,core 4 cpu_idle,0.712829621
0.0,47.123,47.123,core 5 cpu_idle,0.712829621
