Start Time (Seconds),End Time (Seconds),Duration (Seconds),Component,Energy Consumption (Joule)
0,35.651,35.651,screen medium,19.568619994
0,25.58,25.58,wifi radio,6.8644692284
25.58,35.651,10.071,wifi running,0.13754488392
0,35.651,35.651,phone_scanning,18.902978747
0.0,21611.54787,21611.54787,core 0 cpu_idle start,326.917884629
21611.54787,47.091,-21564.45687,core 0 cpu_idle,-326.205539072
0.0,47.091,47.091,core 1 cpu_idle,0.712345557
0.0,47.091,47.091,core 2 cpu_idle,0.712345557
0.0,47.091,47.091,core 3 cpu_idle,0.712345557
0.0,47.091,47.091,core 4 cpu_idle,0.712345557
0.0,47.091,47.091,core 5 cpu_idle,0.712345557
