Start Time (Seconds),End Time (Seconds),Duration (Seconds),Component,Energy Consumption (Joule)
0,35.61,35.61,screen medium,19.54611534
0,20.232,20.232,wifi running,0.27631894464
20.232,25.72,5.488,wifi scan,1.2357669856
25.72,35.61,9.89,wifi running,0.1350728728
0,35.61,35.61,phone_scanning,18.8812396056
0.0,47.105,47.105,core 0 cpu_idle,0.712557335
0.0,47.105,47.105,core 1 cpu_idle,0.712557335
0.0,47.105,47.105,core 2 cpu_idle,0.712557335
0.0,47.105,47.105,core 3 cpu_idle,0.712557335
0.0,21611.561892,21611.561892,core 4 cpu_idle start,326.91809674
21611.561892,47.105,-21564.456892,core 4 cpu_idle,-326.205539405
0.0,47.105,47.105,core 5 cpu_idle,0.712557335
