Start Time (Seconds),End Time (Seconds),Duration (Seconds),Component,Energy Consumption (Joule)
0,35.58,35.58,screen medium,19.52964852
0,20.171,20.171,wifi running,0.27548583592
20.171,20.436,0.265,wifi scan,0.059671693
20.436,35.58,15.144,wifi running,0.20682948288
0,35.58,35.58,phone_scanning,18.8653329168
0.0,21611.526847,21611.526847,core 0 cpu_idle start,326.917566615
21611.526847,46.129,-21565.397847,core 0 cpu_idle,-326.219773232
0.0,46.129,46.129,core 1 cpu_idle,0.697793383
0.0,46.129,46.129,core 2 cpu_idle,0.697793383
0.0,46.129,46.129,core 3 cpu_idle,0.697793383
0.0,46.129,46.129,core 4 cpu_idle,0.697793383
0.0,46.129,46.129,core 5 cpu_idle,0.697793383
