Start Time (Seconds),End Time (Seconds),Duration (Seconds),Component,Energy Consumption (Joule)
0,35.616,35.616,screen medium,19.549408704
0,20.1,20.1,wifi running,0.274516152
20.1,25.504,5.404,wifi scan,1.2168521848
25.504,35.616,10.112,wifi running,0.13810484224
0,35.616,35.616,phone_scanning,18.8844209434
0.0,47.098,47.098,core 0 cpu_idle,0.712451446
0.0,47.098,47.098,core 1 cpu_idle,0.712451446
0.0,47.098,47.098,core 2 cpu_idle,0.712451446
0.0,47.098,47.098,core 3 cpu_idle,0.712451446
0.0,21611.546213,21611.546213,core 4 cpu_idle start,326.917859564
21611.546213,47.098,-21564.448213,core 4 cpu_idle,-326.205408118
0.0,47.098,47.098,core 5 cpu_idle,0.712451446
