Start Time (Seconds),End Time (Seconds),Duration (Seconds),Component,Energy Consumption (Joule)
0,35.675,35.675,screen medium,19.278234875
0,22.531,22.531,wifi running,0.3029473198
22.531,27.845,5.314,wifi scan,1.178036747
27.845,35.675,7.83,wifi running,0.105280614
0,35.675,35.675,phone_scanning,18.622471295
0.0,46.084,46.084,core 0 cpu_idle,0.68630597
0.0,46.084,46.084,core 1 cpu_idle,0.68630597
0.0,46.084,46.084,core 2 cpu_idle,0.68630597
0.0,46.084,46.084,core 3 cpu_idle,0.68630597
0.0,21611.464971,21611.464971,core 4 cpu_idle start,321.848742081
21611.464971,46.084,-21565.380971,core 4 cpu_idle,-321.162436111
0.0,46.084,46.084,core 5 cpu_idle,0.68630597
