Start Time (Seconds),End Time (Seconds),Duration (Seconds),Component,Energy Consumption (Joule)
0,35.619,35.619,screen medium,19.668669324
0,35.619,35.619,wifi running,0.48939366192
0,35.619,35.619,phone_scanning,18.9996248242
0.0,47.142,47.142,core 0 cpu_idle,0.717406956
0.0,21611.631855,21611.631855,core 1 cpu_idle start,328.885813569
21611.631855,47.142,-21564.489855,core 1 cpu_idle,-328.168406613
0.0,47.142,47.142,core 2 cpu_idle,0.717406956
0.0,47.142,47.142,core 3 cpu_idle,0.717406956
0.0,47.142,47.142,core 4 cpu_idle,0.717406956
0.0,47.142,47.142,core 5 cpu_idle,0.717406956
