Start Time (Seconds),End Time (Seconds),Duration (Seconds),Component,Energy Consumption (Joule)
0,35.664,35.664,screen medium,19.693518144
0,33.922,33.922,wifi radio,9.15783142904
33.922,34.584,0.662,wifi running,0.00909566816
34.584,35.664,1.08,wifi radio,0.2915647056
0,35.664,35.664,phone_scanning,19.023628393
0.0,47.115,47.115,core 0 cpu_idle,0.71699607
0.0,21611.35304,21611.35304,core 1 cpu_idle start,328.881570563
21611.35304,47.115,-21564.23804,core 1 cpu_idle,-328.164574493
0.0,47.115,47.115,core 2 cpu_idle,0.71699607
0.0,47.115,47.115,core 3 cpu_idle,0.71699607
0.0,47.115,47.115,core 4 cpu_idle,0.71699607
0.0,47.115,47.115,core 5 cpu_idle,0.71699607
