Start Time (Seconds),End Time (Seconds),Duration (Seconds),Component,Energy Consumption (Joule)
0,35.652,35.652,screen medium,19.686891792
0,35.652,35.652,wifi running,0.48984707136
0,35.652,35.652,phone_scanning,19.0172274413
0.0,47.048,47.048,core 0 cpu_idle,0.715976464
0.0,21611.436706,21611.436706,core 1 cpu_idle start,328.882843792
21611.436706,47.048,-21564.388706,core 1 cpu_idle,-328.166867328
0.0,47.048,47.048,core 2 cpu_idle,0.715976464
0.0,47.048,47.048,core 3 cpu_idle,0.715976464
0.0,47.048,47.048,core 4 cpu_idle,0.715976464
0.0,47.048,47.048,core 5 cpu_idle,0.715976464
