Start Time (Seconds),End Time (Seconds),Duration (Seconds),Component,Energy Consumption (Joule)
0,35.588,35.588,screen medium,19.651551248
0,24.981,24.981,wifi radio,6.74405362092
24.981,24.992,0.011,wifi running,0.00015113648
24.992,35.588,10.596,wifi radio,2.86057372272
0,35.588,35.588,phone_scanning,18.9830890323
0.0,47.174,47.174,core 0 cpu_idle,0.717893932
0.0,47.174,47.174,core 1 cpu_idle,0.717893932
0.0,47.174,47.174,core 2 cpu_idle,0.717893932
0.0,21611.801857,21611.801857,core 3 cpu_idle start,328.88840066
21611.801857,47.174,-21564.627857,core 3 cpu_idle,-328.170506728
0.0,47.174,47.174,core 4 cpu_idle,0.717893932
0.0,47.174,47.174,core 5 cpu_idle,0.717893932
