Start Time (Seconds),End Time (Seconds),Duration (Seconds),Component,Energy Consumption (Joule)
0,35.608,35.608,screen medium,19.662595168
0,10.414,10.414,wifi running,0.14308502752
10.414,10.562,0.148,wifi scan,0.0335265584
10.562,25.532,14.97,wifi radio,4.0414107804
25.532,26.278,0.746,wifi running,0.01024980128
26.278,35.608,9.33,wifi radio,2.5187950956
0,35.608,35.608,phone_scanning,18.9937572851
0.0,46.141,46.141,core 0 cpu_idle,0.702173738
0.0,46.141,46.141,core 1 cpu_idle,0.702173738
0.0,46.141,46.141,core 2 cpu_idle,0.702173738
0.0,21611.529811,21611.529811,core 3 cpu_idle start,328.884260664
21611.529811,46.141,-21565.388811,core 3 cpu_idle,-328.182086926
0.0,46.141,46.141,core 4 cpu_idle,0.702173738
0.0,46.141,46.141,core 5 cpu_idle,0.702173738
