Start Time (Seconds),End Time (Seconds),Duration (Seconds),Component,Energy Consumption (Joule)
0,35.602,35.602,screen medium,19.654760538
0,20.296,20.296,wifi running,0.27879640992
20.296,25.673,5.377,wifi scan,1.2177759699
25.673,35.448,9.775,wifi radio,2.63832362325
35.448,35.602,0.154,wifi running,0.00211542408
0,35.602,35.602,phone_scanning,18.9861891559
0.0,21611.450877,21611.450877,core 0 cpu_idle start,328.807419368
21611.450877,46.109,-21565.341877,core 0 cpu_idle,-328.105893988
0.0,46.109,46.109,core 1 cpu_idle,0.7015253805
0.0,46.109,46.109,core 2 cpu_idle,0.7015253805
0.0,46.109,46.109,core 3 cpu_idle,0.7015253805
0.0,46.109,46.109,core 4 cpu_idle,0.7015253805
0.0,46.109,46.109,core 5 cpu_idle,0.7015253805
