Start Time (Seconds),End Time (Seconds),Duration (Seconds),Component,Energy Consumption (Joule)
0,35.618,35.618,screen medium,19.663593642
0,20.147,20.147,wifi running,0.27674966844
20.147,25.539,5.392,wifi scan,1.2211731504
25.539,35.618,10.079,wifi running,0.13845038508
0,35.618,35.618,phone_scanning,18.9947217953
0.0,21611.450304,21611.450304,core 0 cpu_idle start,328.80741065
21611.450304,46.132,-21565.318304,core 0 cpu_idle,-328.105535336
0.0,46.132,46.132,core 1 cpu_idle,0.701875314
0.0,46.132,46.132,core 2 cpu_idle,0.701875314
0.0,46.132,46.132,core 3 cpu_idle,0.701875314
0.0,46.132,46.132,core 4 cpu_idle,0.701875314
0.0,46.132,46.132,core 5 cpu_idle,0.701875314
