Start Time (Seconds),End Time (Seconds),Duration (Seconds),Component,Energy Consumption (Joule)
0,35.672,35.672,screen medium,19.693405368
0,32.285,32.285,wifi radio,8.71389035055
32.285,34.093,1.808,wifi running,0.02483562816
34.093,35.672,1.579,wifi radio,0.42618035817
0,35.672,35.672,phone_scanning,19.0235194531
0.0,47.155,47.155,core 0 cpu_idle,0.7174397475
0.0,47.155,47.155,core 1 cpu_idle,0.7174397475
0.0,47.155,47.155,core 2 cpu_idle,0.7174397475
0.0,47.155,47.155,core 3 cpu_idle,0.7174397475
0.0,21611.46386,21611.46386,core 4 cpu_idle start,328.807616898
21611.46386,47.155,-21564.30886,core 4 cpu_idle,-328.09017715
0.0,47.155,47.155,core 5 cpu_idle,0.7174397475
