Start Time (Seconds),End Time (Seconds),Duration (Seconds),Component,Energy Consumption (Joule)
0,35.613,35.613,screen medium,19.660833297
0,35.613,35.613,wifi scan,8.0655859431
0,35.613,35.613,phone_scanning,18.9920553455
0.0,47.038,47.038,core 0 cpu_idle,0.715659651
0.0,21611.501866,21611.501866,core 1 cpu_idle start,328.80819514
21611.501866,47.038,-21564.463866,core 1 cpu_idle,-328.092535489
0.0,47.038,47.038,core 2 cpu_idle,0.715659651
0.0,47.038,47.038,core 3 cpu_idle,0.715659651
0.0,47.038,47.038,core 4 cpu_idle,0.715659651
0.0,47.038,47.038,core 5 cpu_idle,0.715659651
