Start Time (Seconds),End Time (Seconds),Duration (Seconds),Component,Energy Consumption (Joule)
0,35.656,35.656,screen medium,19.684572264
0,20.217,20.217,wifi running,0.27771122484
20.217,25.616,5.399,wifi scan,1.2227585013
25.616,35.319,9.703,wifi radio,2.61889044669
35.319,35.656,0.337,wifi running,0.00462920724
0,35.656,35.656,phone_scanning,19.0149868138
0.0,46.108,46.108,core 0 cpu_idle,0.701510166
0.0,21611.547979,21611.547979,core 1 cpu_idle start,328.808896726
21611.547979,46.108,-21565.439979,core 1 cpu_idle,-328.10738656
0.0,46.108,46.108,core 2 cpu_idle,0.701510166
0.0,46.108,46.108,core 3 cpu_idle,0.701510166
0.0,46.108,46.108,core 4 cpu_idle,0.701510166
0.0,46.108,46.108,core 5 cpu_idle,0.701510166
