Start Time (Seconds),End Time (Seconds),Duration (Seconds),Component,Energy Consumption (Joule)
0,35.661,35.661,screen medium,19.542406305
0,22.497,22.497,wifi running,0.3067555938
22.497,27.969,5.472,wifi scan,1.230168528
27.969,35.661,7.692,wifi running,0.1048834968
0,35.661,35.661,phone_scanning,18.8776567362
0.0,46.129,46.129,core 0 cpu_idle,0.6966632225
0.0,21611.575982,21611.575982,core 1 cpu_idle start,326.388826268
21611.575982,46.129,-21565.446982,core 1 cpu_idle,-325.692163046
0.0,46.129,46.129,core 2 cpu_idle,0.6966632225
0.0,46.129,46.129,core 3 cpu_idle,0.6966632225
0.0,46.129,46.129,core 4 cpu_idle,0.6966632225
0.0,46.129,46.129,core 5 cpu_idle,0.6966632225
