Start Time (Seconds),End Time (Seconds),Duration (Seconds),Component,Energy Consumption (Joule)
0,35.676,35.676,screen medium,19.55062638
0,23.822,23.822,wifi running,0.3248224988
23.822,29.289,5.467,wifi scan,1.2290444705
29.289,35.676,6.387,wifi running,0.0870892998
0,35.676,35.676,phone_scanning,18.8855971992
0.0,46.128,46.128,core 0 cpu_idle,0.69664812
0.0,46.128,46.128,core 1 cpu_idle,0.69664812
0.0,46.128,46.128,core 2 cpu_idle,0.69664812
0.0,46.128,46.128,core 3 cpu_idle,0.69664812
0.0,21611.463104,21611.463104,core 4 cpu_idle start,326.387121528
21611.463104,46.128,-21565.335104,core 4 cpu_idle,-325.690473408
0.0,46.128,46.128,core 5 cpu_idle,0.69664812
