Start Time (Seconds),End Time (Seconds),Duration (Seconds),Component,Energy Consumption (Joule)
0,35.682,35.682,screen medium,19.55391441
0,23.692,23.692,wifi running,0.3230498968
23.692,29.12,5.428,wifi scan,1.220276822
29.12,35.682,6.562,wifi running,0.0894754948
0,35.682,35.682,phone_scanning,18.8887733844
0.0,21611.693848,21611.693848,core 0 cpu_idle start,326.390606339
21611.693848,47.153,-21564.540848,core 0 cpu_idle,-325.678478157
0.0,47.153,47.153,core 1 cpu_idle,0.7121281825
0.0,47.153,47.153,core 2 cpu_idle,0.7121281825
0.0,47.153,47.153,core 3 cpu_idle,0.7121281825
0.0,47.153,47.153,core 4 cpu_idle,0.7121281825
0.0,47.153,47.153,core 5 cpu_idle,0.7121281825
