Start Time (Seconds),End Time (Seconds),Duration (Seconds),Component,Energy Consumption (Joule)
0,35.617,35.617,screen medium,19.518294085
0,35.617,35.617,wifi running,0.4856520418
0,35.617,35.617,phone_scanning,18.8543647114
0.0,46.085,46.085,core 0 cpu_idle,0.6959987125
0.0,46.085,46.085,core 1 cpu_idle,0.6959987125
0.0,21611.456901,21611.456901,core 2 cpu_idle start,326.387027847
21611.456901,46.085,-21565.371901,core 2 cpu_idle,-325.691029135
0.0,46.085,46.085,core 3 cpu_idle,0.6959987125
0.0,46.085,46.085,core 4 cpu_idle,0.6959987125
0.0,46.085,46.085,core 5 cpu_idle,0.6959987125
