Start Time (Seconds),End Time (Seconds),Duration (Seconds),Component,Energy Consumption (Joule)
0,35.554,35.554,screen medium,19.48376977
0,24.829,24.829,wifi running,0.3385533466
24.829,30.362,5.533,wifi scan,1.2438820295
30.362,35.554,5.192,wifi running,0.0707949968
0,35.554,35.554,phone_scanning,18.8210147668
0.0,21611.311003,21611.311003,core 0 cpu_idle start,326.384824423
21611.311003,46.06,-21565.251003,core 0 cpu_idle,-325.689203273
0.0,46.06,46.06,core 1 cpu_idle,0.69562115
0.0,46.06,46.06,core 2 cpu_idle,0.69562115
0.0,46.06,46.06,core 3 cpu_idle,0.69562115
0.0,46.06,46.06,core 4 cpu_idle,0.69562115
0.0,46.06,46.06,core 5 cpu_idle,0.69562115
