Start Time (Seconds),End Time (Seconds),Duration (Seconds),Component,Energy Consumption (Joule)
0,35.599,35.599,screen medium,19.526514287
0,35.599,35.599,wifi running,0.48585657596
0,35.599,35.599,phone_scanning,18.8623052971
0.0,21611.430004,21611.430004,core 0 cpu_idle start,326.689181655
21611.430004,46.139,-21565.291004,core 0 cpu_idle,-325.991721462
0.0,46.139,46.139,core 1 cpu_idle,0.697460193499
0.0,46.139,46.139,core 2 cpu_idle,0.697460193499
0.0,46.139,46.139,core 3 cpu_idle,0.697460193499
0.0,46.139,46.139,core 4 cpu_idle,0.697460193499
0.0,46.139,46.139,core 5 cpu_idle,0.697460193499
