Start Time (Seconds),End Time (Seconds),Duration (Seconds),Component,Energy Consumption (Joule)
0,35.619,35.619,screen medium,19.537484547
0,22.671,22.671,wifi running,0.30941471484
22.671,28.139,5.468,wifi scan,1.2304088132
28.139,35.619,7.48,wifi running,0.1020873392
0,35.619,35.619,phone_scanning,18.8729023955
0.0,47.114,47.114,core 0 cpu_idle,0.712198781
0.0,47.114,47.114,core 1 cpu_idle,0.712198781
0.0,47.114,47.114,core 2 cpu_idle,0.712198781
0.0,47.114,47.114,core 3 cpu_idle,0.712198781
0.0,47.114,47.114,core 4 cpu_idle,0.712198781
0.0,21611.490937,21611.490937,core 5 cpu_idle start,326.690102749
21611.490937,47.114,-21564.376937,core 5 cpu_idle,-325.977903968
