Start Time (Seconds),End Time (Seconds),Duration (Seconds),Component,Energy Consumption (Joule)
0,35.634,35.634,screen medium,19.545712242
0,25.307,25.307,wifi running,0.34539094828
25.307,30.789,5.482,wifi scan,1.2335590918
30.789,35.634,4.845,wifi running,0.0661247538
0,35.634,35.634,phone_scanning,18.8808502193
0.0,46.125,46.125,core 0 cpu_idle,0.6972485625
0.0,46.125,46.125,core 1 cpu_idle,0.6972485625
0.0,46.125,46.125,core 2 cpu_idle,0.6972485625
0.0,21611.547901,21611.547901,core 3 cpu_idle start,326.690963845
21611.547901,46.125,-21565.422901,core 3 cpu_idle,-325.993715283
0.0,46.125,46.125,core 4 cpu_idle,0.6972485625
0.0,46.125,46.125,core 5 cpu_idle,0.6972485625
