Start Time (Seconds),End Time (Seconds),Duration (Seconds),Component,Energy Consumption (Joule)
0,35.641,35.641,screen medium,19.549551833
0,24.757,24.757,wifi running,0.33788452628
24.757,30.222,5.465,wifi scan,1.2297337535
30.222,35.641,5.419,wifi running,0.07395872876
0,35.641,35.641,phone_scanning,18.8845592037
0.0,46.162,46.162,core 0 cpu_idle,0.697807873
0.0,46.162,46.162,core 1 cpu_idle,0.697807873
0.0,46.162,46.162,core 2 cpu_idle,0.697807873
0.0,21611.416873,21611.416873,core 3 cpu_idle start,326.688983161
21611.416873,46.162,-21565.254873,core 3 cpu_idle,-325.991175288
0.0,46.162,46.162,core 4 cpu_idle,0.697807873
0.0,46.162,46.162,core 5 cpu_idle,0.697807873
