Start Time (Seconds),End Time (Seconds),Duration (Seconds),Component,Energy Consumption (Joule)
0,35.678,35.678,screen medium,19.569846814
0,23.986,23.986,wifi running,0.32736188744
23.986,29.529,5.543,wifi scan,1.2472853057
29.529,35.678,6.149,wifi running,0.08392179796
0,35.678,35.678,phone_scanning,18.9041638358
0.0,21611.320127,21611.320127,core 0 cpu_idle start,326.6875207
21611.320127,46.074,-21565.246127,core 0 cpu_idle,-325.991043079
0.0,46.074,46.074,core 1 cpu_idle,0.696477621
0.0,46.074,46.074,core 2 cpu_idle,0.696477621
0.0,46.074,46.074,core 3 cpu_idle,0.696477621
0.0,46.074,46.074,core 4 cpu_idle,0.696477621
0.0,46.074,46.074,core 5 cpu_idle,0.696477621
