Start Time (Seconds),End Time (Seconds),Duration (Seconds),Component,Energy Consumption (Joule)
0,35.58,35.58,screen medium,19.46186862
0,20.048,20.048,wifi running,0.27285568576
20.048,25.477,5.429,wifi scan,1.2182388263
25.477,35.58,10.103,wifi running,0.13750304236
0,35.58,35.58,phone_scanning,18.7998586008
0.0,46.141,46.141,core 0 cpu_idle,0.6955525045
0.0,46.141,46.141,core 1 cpu_idle,0.6955525045
0.0,46.141,46.141,core 2 cpu_idle,0.6955525045
0.0,46.141,46.141,core 3 cpu_idle,0.6955525045
0.0,21611.698744,21611.698744,core 4 cpu_idle start,325.785552716
21611.698744,46.141,-21565.557744,core 4 cpu_idle,-325.090000212
0.0,46.141,46.141,core 5 cpu_idle,0.6955525045
