Start Time (Seconds),End Time (Seconds),Duration (Seconds),Component,Energy Consumption (Joule)
0,35.584,35.584,screen medium,19.464056576
0,22.163,22.163,wifi running,0.30164108956
22.163,27.693,5.53,wifi scan,1.240902691
27.693,35.584,7.891,wifi running,0.10739745692
0,35.584,35.584,phone_scanning,18.8019721318
0.0,21611.587353,21611.587353,core 0 cpu_idle start,325.783873553
21611.587353,47.127,-21564.460353,core 0 cpu_idle,-325.073457591
0.0,47.127,47.127,core 1 cpu_idle,0.7104159615
0.0,47.127,47.127,core 2 cpu_idle,0.7104159615
0.0,47.127,47.127,core 3 cpu_idle,0.7104159615
0.0,47.127,47.127,core 4 cpu_idle,0.7104159615
0.0,47.127,47.127,core 5 cpu_idle,0.7104159615
