Start Time (Seconds),End Time (Seconds),Duration (Seconds),Component,Energy Consumption (Joule)
0,35.625,35.625,screen medium,19.486483125
0,23.681,23.681,wifi running,0.32230125172
23.681,29.034,5.353,wifi scan,1.2011848291
29.034,35.625,6.591,wifi running,0.08970430092
0,35.625,35.625,phone_scanning,18.823635825
0.0,47.146,47.146,core 0 cpu_idle,0.710702377
0.0,21611.874801,21611.874801,core 1 cpu_idle start,325.788206688
21611.874801,47.146,-21564.728801,core 1 cpu_idle,-325.077504311
0.0,47.146,47.146,core 2 cpu_idle,0.710702377
0.0,47.146,47.146,core 3 cpu_idle,0.710702377
0.0,47.146,47.146,core 4 cpu_idle,0.710702377
0.0,47.146,47.146,core 5 cpu_idle,0.710702377
