Start Time (Seconds),End Time (Seconds),Duration (Seconds),Component,Energy Consumption (Joule)
0,35.629,35.629,screen medium,19.488671081
0,20.849,20.849,wifi running,0.28375739188
20.849,26.3,5.451,wifi scan,1.2231755097
26.3,35.629,9.329,wifi running,0.12696880948
0,35.629,35.629,phone_scanning,18.825749356
0.0,46.114,46.114,core 0 cpu_idle,0.695145493
0.0,21611.549104,21611.549104,core 1 cpu_idle start,325.783296968
21611.549104,46.114,-21565.435104,core 1 cpu_idle,-325.088151475
0.0,46.114,46.114,core 2 cpu_idle,0.695145493
0.0,46.114,46.114,core 3 cpu_idle,0.695145493
0.0,46.114,46.114,core 4 cpu_idle,0.695145493
0.0,46.114,46.114,core 5 cpu_idle,0.695145493
