Start Time (Seconds),End Time (Seconds),Duration (Seconds),Component,Energy Consumption (Joule)
0,35.593,35.593,screen medium,19.468979477
0,35.593,35.593,wifi running,0.48442500116
0,35.593,35.593,phone_scanning,18.8067275767
0.0,47.131,47.131,core 0 cpu_idle,0.7104762595
0.0,47.131,47.131,core 1 cpu_idle,0.7104762595
0.0,47.131,47.131,core 2 cpu_idle,0.7104762595
0.0,21611.872469,21611.872469,core 3 cpu_idle start,325.788171534
21611.872469,47.131,-21564.741469,core 3 cpu_idle,-325.077695274
0.0,47.131,47.131,core 4 cpu_idle,0.7104762595
0.0,47.131,47.131,core 5 cpu_idle,0.7104762595
