Start Time (Seconds),End Time (Seconds),Duration (Seconds),Component,Energy Consumption (Joule)
0,35.656,35.656,screen medium,19.535137968
0,20.245,20.245,wifi running,0.2759846988
20.245,20.501,0.256,wifi scan,0.0575384064
20.501,35.656,15.155,wifi running,0.2065965972
0,35.656,35.656,phone_scanning,18.8706356371
0.0,21611.51855,21611.51855,core 0 cpu_idle start,326.312318586
21611.51855,47.167,-21564.35155,core 0 cpu_idle,-325.600144053
0.0,47.167,47.167,core 1 cpu_idle,0.712174532999
0.0,47.167,47.167,core 2 cpu_idle,0.712174532999
0.0,47.167,47.167,core 3 cpu_idle,0.712174532999
0.0,47.167,47.167,core 4 cpu_idle,0.712174532999
0.0,47.167,47.167,core 5 cpu_idle,0.712174532999
