Start Time (Seconds),End Time (Seconds),Duration (Seconds),Component,Energy Consumption (Joule)
0,35.705,35.705,screen medium,19.56198399
0,21.508,21.508,wifi running,0.29320221792
21.508,21.769,0.261,wifi scan,0.0586622034
21.769,35.705,13.936,wifi running,0.18997889664
0,35.705,35.705,phone_scanning,18.8965684716
0.0,47.056,47.056,core 0 cpu_idle,0.710498544001
0.0,47.056,47.056,core 1 cpu_idle,0.710498544001
0.0,47.056,47.056,core 2 cpu_idle,0.710498544001
0.0,21611.464847,21611.464847,core 3 cpu_idle start,326.311507725
21611.464847,47.056,-21564.408847,core 3 cpu_idle,-325.601009181
0.0,47.056,47.056,core 4 cpu_idle,0.710498544001
0.0,47.056,47.056,core 5 cpu_idle,0.710498544001
