Start Time (Seconds),End Time (Seconds),Duration (Seconds),Component,Energy Consumption (Joule)
0,35.669,35.669,screen medium,19.542260382
0,20.229,20.229,wifi running,0.27576658296
20.229,25.662,5.433,wifi scan,1.2211178202
25.662,35.669,10.007,wifi running,0.13641782568
0,35.669,35.669,phone_scanning,18.8775157769
0.0,46.103,46.103,core 0 cpu_idle,0.696109197
0.0,46.103,46.103,core 1 cpu_idle,0.696109197
0.0,21611.730503,21611.730503,core 2 cpu_idle start,326.315518865
21611.730503,46.103,-21565.627503,core 2 cpu_idle,-325.619409668
0.0,46.103,46.103,core 3 cpu_idle,0.696109197
0.0,46.103,46.103,core 4 cpu_idle,0.696109197
0.0,46.103,46.103,core 5 cpu_idle,0.696109197
