Start Time (Seconds),End Time (Seconds),Duration (Seconds),Component,Energy Consumption (Joule)
0,35.608,35.608,screen medium,19.508839824
0,35.608,35.608,wifi running,0.48541680192
0,35.608,35.608,phone_scanning,18.8452320442
0.0,21611.632448,21611.632448,core 0 cpu_idle start,326.314038332
21611.632448,46.154,-21565.478448,core 0 cpu_idle,-325.617159086
0.0,46.154,46.154,core 1 cpu_idle,0.696879246
0.0,46.154,46.154,core 2 cpu_idle,0.696879246
0.0,46.154,46.154,core 3 cpu_idle,0.696879246
0.0,46.154,46.154,core 4 cpu_idle,0.696879246
0.0,46.154,46.154,core 5 cpu_idle,0.696879246
