Start Time (Seconds),End Time (Seconds),Duration (Seconds),Component,Energy Consumption (Joule)
0,35.642,35.642,screen medium,19.527467676
0,20.341,20.341,wifi running,0.27729339384
20.341,20.595,0.254,wifi scan,0.0570888876
20.595,35.642,15.047,wifi running,0.20512431528
0,35.642,35.642,phone_scanning,18.8632262558
0.0,46.1,46.1,core 0 cpu_idle,0.696063900001
0.0,46.1,46.1,core 1 cpu_idle,0.696063900001
0.0,21611.340327,21611.340327,core 2 cpu_idle start,326.309627597
21611.340327,46.1,-21565.240327,core 2 cpu_idle,-325.613563697
0.0,46.1,46.1,core 3 cpu_idle,0.696063900001
0.0,46.1,46.1,core 4 cpu_idle,0.696063900001
0.0,46.1,46.1,core 5 cpu_idle,0.696063900001
