Start Time (Seconds),End Time (Seconds),Duration (Seconds),Component,Energy Consumption (Joule)
0,35.56,35.56,screen medium,19.63157364
0,20.447,20.447,wifi running,0.28087062444
20.447,25.889,5.442,wifi scan,1.2324970854
25.889,35.56,9.671,wifi running,0.13284588492
0,35.56,35.56,phone_scanning,18.9637909776
0.0,21611.300883,21611.300883,core 0 cpu_idle start,328.805137284
21611.300883,46.061,-21565.239883,core 0 cpu_idle,-328.1043422
0.0,46.061,46.061,core 1 cpu_idle,0.7007950845
0.0,46.061,46.061,core 2 cpu_idle,0.7007950845
0.0,46.061,46.061,core 3 cpu_idle,0.7007950845
0.0,46.061,46.061,core 4 cpu_idle,0.7007950845
0.0,46.061,46.061,core 5 cpu_idle,0.7007950845
