Start Time (Seconds),End Time (Seconds),Duration (Seconds),Component,Energy Consumption (Joule)
0,35.627,35.627,screen medium,19.668562263
0,20.288,20.288,wifi running,0.27868651776
20.288,25.712,5.424,wifi scan,1.2284204688
25.712,35.627,9.915,wifi running,0.1361975958
0,35.627,35.627,phone_scanning,18.9995214049
0.0,47.108,47.108,core 0 cpu_idle,0.716724666
0.0,47.108,47.108,core 1 cpu_idle,0.716724666
0.0,21611.426006,21611.426006,core 2 cpu_idle start,328.807040968
21611.426006,47.108,-21564.318006,core 2 cpu_idle,-328.090316302
0.0,47.108,47.108,core 3 cpu_idle,0.716724666
0.0,47.108,47.108,core 4 cpu_idle,0.716724666
0.0,47.108,47.108,core 5 cpu_idle,0.716724666
