Start Time (Seconds),End Time (Seconds),Duration (Seconds),Component,Energy Consumption (Joule)
0,35.569,35.569,screen medium,19.636542261
0,20.149,20.149,wifi running,0.27677714148
20.149,20.432,0.283,wifi scan,0.0640934721
20.432,35.569,15.137,wifi running,0.20792970324
0,35.569,35.569,phone_scanning,18.9685905872
0.0,46.195,46.195,core 0 cpu_idle,0.7028338275
0.0,21611.500066,21611.500066,core 1 cpu_idle start,328.808167754
21611.500066,46.195,-21565.305066,core 1 cpu_idle,-328.105333927
0.0,46.195,46.195,core 2 cpu_idle,0.7028338275
0.0,46.195,46.195,core 3 cpu_idle,0.7028338275
0.0,46.195,46.195,core 4 cpu_idle,0.7028338275
0.0,46.195,46.195,core 5 cpu_idle,0.7028338275
