Start Time (Seconds),End Time (Seconds),Duration (Seconds),Component,Energy Consumption (Joule)
0,35.647,35.647,screen medium,19.679603643
0,20.702,20.702,wifi running,0.28437343704
20.702,26.124,5.422,wifi scan,1.2279675114
26.124,35.647,9.523,wifi running,0.13081287996
0,35.647,35.647,phone_scanning,19.0101872041
0.0,47.172,47.172,core 0 cpu_idle,0.717698393999
0.0,47.172,47.172,core 1 cpu_idle,0.717698393999
0.0,21611.600417,21611.600417,core 2 cpu_idle start,328.809694544
21611.600417,47.172,-21564.428417,core 2 cpu_idle,-328.09199615
0.0,47.172,47.172,core 3 cpu_idle,0.717698393999
0.0,47.172,47.172,core 4 cpu_idle,0.717698393999
0.0,47.172,47.172,core 5 cpu_idle,0.717698393999
