Start Time (Seconds),End Time (Seconds),Duration (Seconds),Component,Energy Consumption (Joule)
0,35.59,35.59,screen medium,19.64813571
0,35.59,35.59,wifi running,0.4888827468
0,35.59,35.59,phone_scanning,18.9797896764
0.0,21611.660574,21611.660574,core 0 cpu_idle start,328.810609803
21611.660574,47.158,-21564.502574,core 0 cpu_idle,-328.093124412
0.0,47.158,47.158,core 1 cpu_idle,0.717485391
0.0,47.158,47.158,core 2 cpu_idle,0.717485391
0.0,47.158,47.158,core 3 cpu_idle,0.717485391
0.0,47.158,47.158,core 4 cpu_idle,0.717485391
0.0,47.158,47.158,core 5 cpu_idle,0.717485391
