Start Time (Seconds),End Time (Seconds),Duration (Seconds),Component,Energy Consumption (Joule)
0,35.651,35.651,screen medium,19.473538777
0,35.651,35.651,wifi running,0.48453844516
0,35.651,35.651,phone_scanning,18.8111317887
0.0,47.076,47.076,core 0 cpu_idle,0.708658566
0.0,47.076,47.076,core 1 cpu_idle,0.708658566
0.0,47.076,47.076,core 2 cpu_idle,0.708658566
0.0,47.076,47.076,core 3 cpu_idle,0.708658566
0.0,21611.481238,21611.481238,core 4 cpu_idle start,325.328432816
21611.481238,47.076,-21564.405238,core 4 cpu_idle,-324.61977425
0.0,47.076,47.076,core 5 cpu_idle,0.708658566
