Start Time (Seconds),End Time (Seconds),Duration (Seconds),Component,Energy Consumption (Joule)
0,35.622,35.622,screen medium,19.457698194
0,35.622,35.622,wifi running,0.48414430152
0,35.622,35.622,phone_scanning,18.795830035
0.0,47.074,47.074,core 0 cpu_idle,0.708628459
0.0,47.074,47.074,core 1 cpu_idle,0.708628459
0.0,47.074,47.074,core 2 cpu_idle,0.708628459
0.0,21611.67473,21611.67473,core 3 cpu_idle start,325.331345548
21611.67473,47.074,-21564.60073,core 3 cpu_idle,-324.622717089
0.0,47.074,47.074,core 4 cpu_idle,0.708628459
0.0,47.074,47.074,core 5 cpu_idle,0.708628459
