Start Time (Seconds),End Time (Seconds),Duration (Seconds),Component,Energy Consumption (Joule)
0,35.601,35.601,screen medium,19.446227427
0,35.601,35.601,wifi running,0.48385888716
0,35.601,35.601,phone_scanning,18.7847494547
0.0,47.065,47.065,core 0 cpu_idle,0.7084929775
0.0,47.065,47.065,core 1 cpu_idle,0.7084929775
0.0,21611.507863,21611.507863,core 2 cpu_idle start,325.328833616
21611.507863,47.065,-21564.442863,core 2 cpu_idle,-324.620340638
0.0,47.065,47.065,core 3 cpu_idle,0.7084929775
0.0,47.065,47.065,core 4 cpu_idle,0.7084929775
0.0,47.065,47.065,core 5 cpu_idle,0.7084929775
