Start Time (Seconds),End Time (Seconds),Duration (Seconds),Component,Energy Consumption (Joule)
0,35.631,35.631,screen medium,19.462614237
0,10.42,10.42,wifi running,0.1416198872
10.42,10.682,0.262,wifi scan,0.0587095102
10.682,35.631,24.949,wifi running,0.33908585084
0,35.631,35.631,phone_scanning,18.8005788551
0.0,46.025,46.025,core 0 cpu_idle,0.6928373375
0.0,46.025,46.025,core 1 cpu_idle,0.6928373375
0.0,21611.58589,21611.58589,core 2 cpu_idle start,325.330008195
21611.58589,46.025,-21565.56089,core 2 cpu_idle,-324.637170858
0.0,46.025,46.025,core 3 cpu_idle,0.6928373375
0.0,46.025,46.025,core 4 cpu_idle,0.6928373375
0.0,46.025,46.025,core 5 cpu_idle,0.6928373375
