Start Time (Seconds),End Time (Seconds),Duration (Seconds),Component,Energy Consumption (Joule)
0,35.69,35.69,screen medium,19.49484163
0,26.347,26.347,wifi radio,7.03594237423
26.347,28.932,2.585,wifi running,0.0351331486
28.932,35.69,6.758,wifi radio,1.80471775022
0,35.69,35.69,phone_scanning,18.8317100092
0.0,21611.482169,21611.482169,core 0 cpu_idle start,325.328446831
21611.482169,47.08,-21564.402169,core 0 cpu_idle,-324.619728051
0.0,47.08,47.08,core 1 cpu_idle,0.70871878
0.0,47.08,47.08,core 2 cpu_idle,0.70871878
0.0,47.08,47.08,core 3 cpu_idle,0.70871878
0.0,47.08,47.08,core 4 cpu_idle,0.70871878
0.0,47.08,47.08,core 5 cpu_idle,0.70871878
