Start Time (Seconds),End Time (Seconds),Duration (Seconds),Component,Energy Consumption (Joule)
0,35.635,35.635,screen medium,19.491953015
0,34.992,34.992,wifi radio,9.35761767696
34.992,35.424,0.432,wifi running,0.00587957184
35.424,35.635,0.211,wifi radio,0.05642596393
0,35.635,35.635,phone_scanning,18.8289196526
0.0,47.105,47.105,core 0 cpu_idle,0.7100843225
0.0,47.105,47.105,core 1 cpu_idle,0.7100843225
0.0,21611.636954,21611.636954,core 2 cpu_idle start,325.784621263
21611.636954,47.105,-21564.531954,core 2 cpu_idle,-325.074536941
0.0,47.105,47.105,core 3 cpu_idle,0.7100843225
0.0,47.105,47.105,core 4 cpu_idle,0.7100843225
0.0,47.105,47.105,core 5 cpu_idle,0.7100843225
