Start Time (Seconds),End Time (Seconds),Duration (Seconds),Component,Energy Consumption (Joule)
0,35.68,35.68,screen medium,19.51656752
0,31.289,31.289,wifi radio,8.36735538107
31.289,35.68,4.391,wifi running,0.05976203692
0,35.68,35.68,phone_scanning,18.8526968768
0.0,47.113,47.113,core 0 cpu_idle,0.7102049185
0.0,47.113,47.113,core 1 cpu_idle,0.7102049185
0.0,47.113,47.113,core 2 cpu_idle,0.7102049185
0.0,47.113,47.113,core 3 cpu_idle,0.7102049185
0.0,21611.495593,21611.495593,core 4 cpu_idle start,325.782490317
21611.495593,47.113,-21564.382593,core 4 cpu_idle,-325.072285398
0.0,47.113,47.113,core 5 cpu_idle,0.7102049185
