Start Time (Seconds),End Time (Seconds),Duration (Seconds),Component,Energy Consumption (Joule)
0,35.617,35.617,screen medium,19.482107213
0,35.617,35.617,wifi running,0.48475164404
0,35.617,35.617,phone_scanning,18.8194087629
0.0,46.139,46.139,core 0 cpu_idle,0.6955223555
0.0,21611.399873,21611.399873,core 1 cpu_idle start,325.781047386
21611.399873,46.139,-21565.260873,core 1 cpu_idle,-325.08552503
0.0,46.139,46.139,core 2 cpu_idle,0.6955223555
0.0,46.139,46.139,core 3 cpu_idle,0.6955223555
0.0,46.139,46.139,core 4 cpu_idle,0.6955223555
0.0,46.139,46.139,core 5 cpu_idle,0.6955223555
