Start Time (Seconds),End Time (Seconds),Duration (Seconds),Component,Energy Consumption (Joule)
0,35.618,35.618,screen medium,19.482654202
0,34.148,34.148,wifi radio,9.13191382124
34.148,35.618,1.47,wifi running,0.0200068764
0,35.618,35.618,phone_scanning,18.8199371457
0.0,47.119,47.119,core 0 cpu_idle,0.7102953655
0.0,47.119,47.119,core 1 cpu_idle,0.7102953655
0.0,21611.516797,21611.516797,core 2 cpu_idle start,325.782809956
21611.516797,47.119,-21564.397797,core 2 cpu_idle,-325.072514591
0.0,47.119,47.119,core 3 cpu_idle,0.7102953655
0.0,47.119,47.119,core 4 cpu_idle,0.7102953655
0.0,47.119,47.119,core 5 cpu_idle,0.7102953655
