Start Time (Seconds),End Time (Seconds),Duration (Seconds),Component,Energy Consumption (Joule)
0,35.597,35.597,screen medium,19.471167433
0,35.597,35.597,wifi scan,7.9877781359
0,35.597,35.597,phone_scanning,18.8088411077
0.0,46.097,46.097,core 0 cpu_idle,0.694889226499
0.0,46.097,46.097,core 1 cpu_idle,0.694889226499
0.0,46.097,46.097,core 2 cpu_idle,0.694889226499
0.0,46.097,46.097,core 3 cpu_idle,0.694889226499
0.0,46.097,46.097,core 4 cpu_idle,0.694889226499
0.0,21611.551374,21611.551374,core 5 cpu_idle start,325.783331187
21611.551374,46.097,-21565.454374,core 5 cpu_idle,-325.088441961
