Start Time (Seconds),End Time (Seconds),Duration (Seconds),Component,Energy Consumption (Joule)
0,35.593,35.593,screen medium,19.523223209
0,20.287,20.287,wifi running,0.27687778748
20.287,25.723,5.436,wifi scan,1.2232081764
25.723,35.593,9.87,wifi running,0.1347061548
0,35.593,35.593,phone_scanning,18.8591261676
0.0,47.145,47.145,core 0 cpu_idle,0.7126673925
0.0,47.145,47.145,core 1 cpu_idle,0.7126673925
0.0,47.145,47.145,core 2 cpu_idle,0.7126673925
0.0,21611.352035,21611.352035,core 3 cpu_idle start,326.688003037
21611.352035,47.145,-21564.207035,core 3 cpu_idle,-325.975335645
0.0,47.145,47.145,core 4 cpu_idle,0.7126673925
0.0,47.145,47.145,core 5 cpu_idle,0.7126673925
