Start Time (Seconds),End Time (Seconds),Duration (Seconds),Component,Energy Consumption (Joule)
0,35.592,35.592,screen medium,19.522674696
0,35.592,35.592,wifi running,0.48576103968
0,35.592,35.592,phone_scanning,18.8585963126
0.0,47.104,47.104,core 0 cpu_idle,0.712047616
0.0,47.104,47.104,core 1 cpu_idle,0.712047616
0.0,47.104,47.104,core 2 cpu_idle,0.712047616
0.0,47.104,47.104,core 3 cpu_idle,0.712047616
0.0,47.104,47.104,core 4 cpu_idle,0.712047616
0.0,21611.732776,21611.732776,core 5 cpu_idle start,326.693758508
21611.732776,47.104,-21564.628776,core 5 cpu_idle,-325.981710892
