Start Time (Seconds),End Time (Seconds),Duration (Seconds),Component,Energy Consumption (Joule)
0,35.584,35.584,screen medium,19.518286592
0,23.683,23.683,wifi running,0.32322653132
23.683,28.501,4.818,wifi scan,1.0841458782
28.501,35.584,7.083,wifi running,0.09666906732
0,35.584,35.584,phone_scanning,18.8543574733
0.0,47.128,47.128,core 0 cpu_idle,0.712410412
0.0,47.128,47.128,core 1 cpu_idle,0.712410412
0.0,47.128,47.128,core 2 cpu_idle,0.712410412
0.0,21611.419881,21611.419881,core 3 cpu_idle start,326.689028631
21611.419881,47.128,-21564.291881,core 3 cpu_idle,-325.976618219
0.0,47.128,47.128,core 4 cpu_idle,0.712410412
0.0,47.128,47.128,core 5 cpu_idle,0.712410412
