Start Time (Seconds),End Time (Seconds),Duration (Seconds),Component,Energy Consumption (Joule)
0,35.64,35.64,screen medium,19.54900332
0,26.898,26.898,wifi radio,7.21314816558
26.898,35.64,8.742,wifi running,0.11931116568
0,35.64,35.64,phone_scanning,18.8840293488
0.0,47.116,47.116,core 0 cpu_idle,0.712229014
0.0,47.116,47.116,core 1 cpu_idle,0.712229014
0.0,47.116,47.116,core 2 cpu_idle,0.712229014
0.0,21611.464135,21611.464135,core 3 cpu_idle start,326.689697597
21611.464135,47.116,-21564.348135,core 3 cpu_idle,-325.977468583
0.0,47.116,47.116,core 4 cpu_idle,0.712229014
0.0,47.116,47.116,core 5 cpu_idle,0.712229014
