Start Time (Seconds),End Time (Seconds),Duration (Seconds),Component,Energy Consumption (Joule)
0,35.65,35.65,screen medium,19.55448845
0,20.095,20.095,wifi running,0.2742573638
20.095,25.558,5.463,wifi scan,1.2292837137
25.558,35.65,10.092,wifi running,0.13773601968
0,35.65,35.65,phone_scanning,18.889327898
0.0,47.101,47.101,core 0 cpu_idle,0.7120022665
0.0,47.101,47.101,core 1 cpu_idle,0.7120022665
0.0,47.101,47.101,core 2 cpu_idle,0.7120022665
0.0,47.101,47.101,core 3 cpu_idle,0.7120022665
0.0,21611.564998,21611.564998,core 4 cpu_idle start,326.691222292
21611.564998,47.101,-21564.463998,core 4 cpu_idle,-325.979220026
0.0,47.101,47.101,core 5 cpu_idle,0.7120022665
