Start Time (Seconds),End Time (Seconds),Duration (Seconds),Component,Energy Consumption (Joule)
0,35.661,35.661,screen medium,19.524290517
0,24.077,24.077,wifi running,0.32799519252
24.077,29.464,5.387,wifi scan,1.2099368997
29.464,35.661,6.197,wifi running,0.08442024372
0,35.661,35.661,phone_scanning,18.8601571703
0.0,46.136,46.136,core 0 cpu_idle,0.696123036
0.0,21611.371965,21611.371965,core 1 cpu_idle start,326.083185894
21611.371965,46.136,-21565.235965,core 1 cpu_idle,-325.387062858
0.0,46.136,46.136,core 2 cpu_idle,0.696123036
0.0,46.136,46.136,core 3 cpu_idle,0.696123036
0.0,46.136,46.136,core 4 cpu_idle,0.696123036
0.0,46.136,46.136,core 5 cpu_idle,0.696123036
