Start Time (Seconds),End Time (Seconds),Duration (Seconds),Component,Energy Consumption (Joule)
0,35.663,35.663,screen medium,19.525385511
0,24.878,24.878,wifi running,0.33890702328
24.878,30.438,5.56,wifi scan,1.248793236
30.438,35.663,5.225,wifi running,0.071178921
0,35.663,35.663,phone_scanning,18.8612149172
0.0,46.129,46.129,core 0 cpu_idle,0.6960174165
0.0,46.129,46.129,core 1 cpu_idle,0.6960174165
0.0,46.129,46.129,core 2 cpu_idle,0.6960174165
0.0,46.129,46.129,core 3 cpu_idle,0.6960174165
0.0,46.129,46.129,core 4 cpu_idle,0.6960174165
0.0,21611.565877,21611.565877,core 5 cpu_idle start,326.086111735
21611.565877,46.129,-21565.436877,core 5 cpu_idle,-325.390094319
