Start Time (Seconds),End Time (Seconds),Duration (Seconds),Component,Energy Consumption (Joule)
0,35.564,35.564,screen medium,19.471183308
0,20.078,20.078,wifi running,0.27351777528
20.078,25.612,5.534,wifi scan,1.2429535554
25.612,35.564,9.952,wifi running,0.13557370752
0,35.564,35.564,phone_scanning,18.8088564427
0.0,21611.433762,21611.433762,core 0 cpu_idle start,326.084118318
21611.433762,47.119,-21564.314762,core 0 cpu_idle,-325.373163286
0.0,47.119,47.119,core 1 cpu_idle,0.7109550315
0.0,47.119,47.119,core 2 cpu_idle,0.7109550315
0.0,47.119,47.119,core 3 cpu_idle,0.7109550315
0.0,47.119,47.119,core 4 cpu_idle,0.7109550315
0.0,47.119,47.119,core 5 cpu_idle,0.7109550315
