Start Time (Seconds),End Time (Seconds),Duration (Seconds),Component,Energy Consumption (Joule)
0,35.601,35.601,screen medium,19.491440697
0,26.102,26.102,wifi radio,6.98672207898
26.102,33.684,7.582,wifi running,0.10328776632
33.684,35.601,1.917,wifi radio,0.51312337083
0,35.601,35.601,phone_scanning,18.8284247615
0.0,47.098,47.098,core 0 cpu_idle,0.710638173
0.0,21611.324918,21611.324918,core 1 cpu_idle start,326.082476025
21611.324918,47.098,-21564.226918,core 1 cpu_idle,-325.371837852
0.0,47.098,47.098,core 2 cpu_idle,0.710638173
0.0,47.098,47.098,core 3 cpu_idle,0.710638173
0.0,47.098,47.098,core 4 cpu_idle,0.710638173
0.0,47.098,47.098,core 5 cpu_idle,0.710638173
