Start Time (Seconds),End Time (Seconds),Duration (Seconds),Component,Energy Consumption (Joule)
0,35.637,35.637,screen medium,19.511150589
0,20.31,20.31,wifi running,0.2766782556
20.31,25.761,5.451,wifi scan,1.2243114981
25.761,35.435,9.674,wifi radio,2.58943948326
35.435,35.637,0.202,wifi running,0.00275179752
0,35.637,35.637,phone_scanning,18.8474642068
0.0,46.03,46.03,core 0 cpu_idle,0.694523655
0.0,21611.293386,21611.293386,core 1 cpu_idle start,326.082000255
21611.293386,46.03,-21565.263386,core 1 cpu_idle,-325.3874766
0.0,46.03,46.03,core 2 cpu_idle,0.694523655
0.0,46.03,46.03,core 3 cpu_idle,0.694523655
0.0,46.03,46.03,core 4 cpu_idle,0.694523655
0.0,46.03,46.03,core 5 cpu_idle,0.694523655
