Start Time (Seconds),End Time (Seconds),Duration (Seconds),Component,Energy Consumption (Joule)
0,35.644,35.644,screen medium,19.478768764
0,35.644,35.644,wifi running,0.48466857712
0,35.644,35.644,phone_scanning,18.8161838738
0.0,46.123,46.123,core 0 cpu_idle,0.694635441499
0.0,46.123,46.123,core 1 cpu_idle,0.694635441499
0.0,46.123,46.123,core 2 cpu_idle,0.694635441499
0.0,46.123,46.123,core 3 cpu_idle,0.694635441499
0.0,21611.794838,21611.794838,core 4 cpu_idle start,325.484436158
21611.794838,46.123,-21565.671838,core 4 cpu_idle,-324.789800716
0.0,46.123,46.123,core 5 cpu_idle,0.694635441499
