Start Time (Seconds),End Time (Seconds),Duration (Seconds),Component,Energy Consumption (Joule)
0,35.618,35.618,screen medium,19.464560258
0,24.683,24.683,wifi radio,6.59463782341
24.683,31.404,6.721,wifi running,0.09138866308
31.404,35.618,4.214,wifi radio,1.12586815978
0,35.618,35.618,phone_scanning,18.8024586807
0.0,21611.73092,21611.73092,core 0 cpu_idle start,325.483473521
21611.73092,46.122,-21565.60892,core 0 cpu_idle,-324.78885314
0.0,46.122,46.122,core 1 cpu_idle,0.694620381
0.0,46.122,46.122,core 2 cpu_idle,0.694620381
0.0,46.122,46.122,core 3 cpu_idle,0.694620381
0.0,46.122,46.122,core 4 cpu_idle,0.694620381
0.0,46.122,46.122,core 5 cpu_idle,0.694620381
