Start Time (Seconds),End Time (Seconds),Duration (Seconds),Component,Energy Consumption (Joule)
0,35.601,35.601,screen medium,19.455270081
0,35.601,35.601,wifi scan,7.9812564663
0,35.601,35.601,phone_scanning,18.793484516
0.0,46.123,46.123,core 0 cpu_idle,0.6946354415
0.0,46.123,46.123,core 1 cpu_idle,0.6946354415
0.0,46.123,46.123,core 2 cpu_idle,0.6946354415
0.0,21611.423941,21611.423941,core 3 cpu_idle start,325.478850263
21611.423941,46.123,-21565.300941,core 3 cpu_idle,-324.784214822
0.0,46.123,46.123,core 4 cpu_idle,0.6946354415
0.0,46.123,46.123,core 5 cpu_idle,0.6946354415
