Start Time (Seconds),End Time (Seconds),Duration (Seconds),Component,Energy Consumption (Joule)
0,35.65,35.65,screen medium,19.48204765
0,32.42,32.42,wifi radio,8.6617574134
32.42,34.385,1.965,wifi running,0.0267190482
34.385,35.65,1.265,wifi radio,0.33797418655
0,35.65,35.65,phone_scanning,18.819351226
0.0,47.124,47.124,core 0 cpu_idle,0.709711002
0.0,47.124,47.124,core 1 cpu_idle,0.709711002
0.0,21611.822316,21611.822316,core 2 cpu_idle start,325.48484999
21611.822316,47.124,-21564.698316,core 2 cpu_idle,-324.775138988
0.0,47.124,47.124,core 3 cpu_idle,0.709711002
0.0,47.124,47.124,core 4 cpu_idle,0.709711002
0.0,47.124,47.124,core 5 cpu_idle,0.709711002
