Start Time (Seconds),End Time (Seconds),Duration (Seconds),Component,Energy Consumption (Joule)
0,35.664,35.664,screen medium,19.489698384
0,35.664,35.664,wifi running,0.48494052672
0,35.664,35.664,phone_scanning,18.8267417146
0.0,46.123,46.123,core 0 cpu_idle,0.6946354415
0.0,46.123,46.123,core 1 cpu_idle,0.6946354415
0.0,46.123,46.123,core 2 cpu_idle,0.6946354415
0.0,46.123,46.123,core 3 cpu_idle,0.6946354415
0.0,46.123,46.123,core 4 cpu_idle,0.6946354415
0.0,21611.613779,21611.613779,core 5 cpu_idle start,325.481709319
21611.613779,46.123,-21565.490779,core 5 cpu_idle,-324.787073877
