Start Time (Seconds),End Time (Seconds),Duration (Seconds),Component,Energy Consumption (Joule)
0,35.631,35.631,screen medium,19.471664511
0,22.464,22.464,wifi running,0.30545379072
22.464,27.773,5.309,wifi scan,1.1902050667
27.773,35.631,7.858,wifi running,0.10684899784
0,35.631,35.631,phone_scanning,18.8093212772
0.0,21611.556918,21611.556918,core 0 cpu_idle start,325.480852964
21611.556918,46.122,-21565.434918,core 0 cpu_idle,-324.786232583
0.0,46.122,46.122,core 1 cpu_idle,0.694620381
0.0,46.122,46.122,core 2 cpu_idle,0.694620381
0.0,46.122,46.122,core 3 cpu_idle,0.694620381
0.0,46.122,46.122,core 4 cpu_idle,0.694620381
0.0,46.122,46.122,core 5 cpu_idle,0.694620381
