Start Time (Seconds),End Time (Seconds),Duration (Seconds),Component,Energy Consumption (Joule)
0,35.61,35.61,screen medium,19.46018841
0,21.125,21.125,wifi running,0.287246765
21.125,26.573,5.448,wifi scan,1.2213669624
26.573,35.61,9.037,wifi running,0.12288042676
0,35.61,35.61,phone_scanning,18.7982355444
0.0,46.104,46.104,core 0 cpu_idle,0.694349292
0.0,46.104,46.104,core 1 cpu_idle,0.694349292
0.0,46.104,46.104,core 2 cpu_idle,0.694349292
0.0,21611.394268,21611.394268,core 3 cpu_idle start,325.478403373
21611.394268,46.104,-21565.290268,core 3 cpu_idle,-324.784054081
0.0,46.104,46.104,core 4 cpu_idle,0.694349292
0.0,46.104,46.104,core 5 cpu_idle,0.694349292
