Start Time (Seconds),End Time (Seconds),Duration (Seconds),Component,Energy Consumption (Joule)
0,35.601,35.601,screen medium,19.455270081
0,35.601,35.601,wifi running,0.48408388548
0,35.601,35.601,phone_scanning,18.793484516
0.0,47.084,47.084,core 0 cpu_idle,0.709108582
0.0,21611.307205,21611.307205,core 1 cpu_idle start,325.477092161
21611.307205,47.084,-21564.223205,core 1 cpu_idle,-324.767983579
0.0,47.084,47.084,core 2 cpu_idle,0.709108582
0.0,47.084,47.084,core 3 cpu_idle,0.709108582
0.0,47.084,47.084,core 4 cpu_idle,0.709108582
0.0,47.084,47.084,core 5 cpu_idle,0.709108582
