Start Time (Seconds),End Time (Seconds),Duration (Seconds),Component,Energy Consumption (Joule)
0,35.623,35.623,screen medium,19.467292663
0,5.342,5.342,wifi running,0.07263773816
5.342,5.57,0.228,wifi scan,0.0511144764
5.57,35.623,30.053,wifi running,0.40864506644
0,35.623,35.623,phone_scanning,18.8050981409
0.0,21611.469858,21611.469858,core 0 cpu_idle start,325.479541796
21611.469858,46.117,-21565.352858,core 0 cpu_idle,-324.784996718
0.0,46.117,46.117,core 1 cpu_idle,0.6945450785
0.0,46.117,46.117,core 2 cpu_idle,0.6945450785
0.0,46.117,46.117,core 3 cpu_idle,0.6945450785
0.0,46.117,46.117,core 4 cpu_idle,0.6945450785
0.0,46.117,46.117,core 5 cpu_idle,0.6945450785
