Start Time (Seconds),End Time (Seconds),Duration (Seconds),Component,Energy Consumption (Joule)
0,35.587,35.587,screen medium,19.447619347
0,23.833,23.833,wifi running,0.32406874084
23.833,29.351,5.518,wifi scan,1.2370600034
29.351,35.587,6.236,wifi running,0.08479388528
0,35.587,35.587,phone_scanning,18.7860940275
0.0,47.089,47.089,core 0 cpu_idle,0.7091838845
0.0,47.089,47.089,core 1 cpu_idle,0.7091838845
0.0,47.089,47.089,core 2 cpu_idle,0.7091838845
0.0,21611.378178,21611.378178,core 3 cpu_idle start,325.47816105
21611.378178,47.089,-21564.289178,core 3 cpu_idle,-324.768977165
0.0,47.089,47.089,core 4 cpu_idle,0.7091838845
0.0,47.089,47.089,core 5 cpu_idle,0.7091838845
