Start Time (Seconds),End Time (Seconds),Duration (Seconds),Component,Energy Consumption (Joule)
0,35.599,35.599,screen medium,19.653104331
0,21.564,21.564,wifi running,0.29621431728
21.564,26.936,5.372,wifi scan,1.2166435764
26.936,35.599,8.663,wifi running,0.11899947276
0,35.599,35.599,phone_scanning,18.984589286
0.0,21611.894841,21611.894841,core 0 cpu_idle start,328.814174058
21611.894841,47.104,-21564.790841,core 0 cpu_idle,-328.09751025
0.0,47.104,47.104,core 1 cpu_idle,0.716663808
0.0,47.104,47.104,core 2 cpu_idle,0.716663808
0.0,47.104,47.104,core 3 cpu_idle,0.716663808
0.0,47.104,47.104,core 4 cpu_idle,0.716663808
0.0,47.104,47.104,core 5 cpu_idle,0.716663808
