Start Time (Seconds),End Time (Seconds),Duration (Seconds),Component,Energy Consumption (Joule)
0,35.673,35.673,screen medium,19.693957437
0,18.859,18.859,wifi running,0.25905703068
18.859,24.223,5.364,wifi scan,1.2148317468
24.223,35.673,11.45,wifi running,0.157283154
0,35.673,35.673,phone_scanning,19.0240527431
0.0,46.163,46.163,core 0 cpu_idle,0.7023469635
0.0,46.163,46.163,core 1 cpu_idle,0.7023469635
0.0,21611.497254,21611.497254,core 2 cpu_idle start,328.808124971
21611.497254,46.163,-21565.334254,core 2 cpu_idle,-328.105778007
0.0,46.163,46.163,core 3 cpu_idle,0.7023469635
0.0,46.163,46.163,core 4 cpu_idle,0.7023469635
0.0,46.163,46.163,core 5 cpu_idle,0.7023469635
