Start Time (Seconds),End Time (Seconds),Duration (Seconds),Component,Energy Consumption (Joule)
0,35.616,35.616,screen medium,19.662489504
0,20.298,20.298,wifi running,0.27882388296
20.298,20.55,0.252,wifi scan,0.0570726324
20.55,35.616,15.066,wifi running,0.20695441032
0,35.616,35.616,phone_scanning,18.9936552154
0.0,46.125,46.125,core 0 cpu_idle,0.7017688125
0.0,46.125,46.125,core 1 cpu_idle,0.7017688125
0.0,46.125,46.125,core 2 cpu_idle,0.7017688125
0.0,21611.916251,21611.916251,core 3 cpu_idle start,328.814499801
21611.916251,46.125,-21565.791251,core 3 cpu_idle,-328.112730988
0.0,46.125,46.125,core 4 cpu_idle,0.7017688125
0.0,46.125,46.125,core 5 cpu_idle,0.7017688125
