Start Time (Seconds),End Time (Seconds),Duration (Seconds),Component,Energy Consumption (Joule)
0,35.587,35.587,screen medium,19.646479503
0,20.092,20.092,wifi running,0.27599415984
20.092,25.545,5.453,wifi scan,1.2349883511
25.545,35.587,10.042,wifi running,0.13794213384
0,35.587,35.587,phone_scanning,18.9781898065
0.0,47.096,47.096,core 0 cpu_idle,0.716542092
0.0,47.096,47.096,core 1 cpu_idle,0.716542092
0.0,47.096,47.096,core 2 cpu_idle,0.716542092
0.0,47.096,47.096,core 3 cpu_idle,0.716542092
0.0,47.096,47.096,core 4 cpu_idle,0.716542092
0.0,21611.710868,21611.710868,core 5 cpu_idle start,328.811375001
21611.710868,47.096,-21564.614868,core 5 cpu_idle,-328.094832909
