Start Time (Seconds),End Time (Seconds),Duration (Seconds),Component,Energy Consumption (Joule)
0,35.624,35.624,screen medium,19.666906056
0,20.186,20.186,wifi running,0.27728539272
20.186,25.683,5.497,wifi scan,1.2449534139
25.683,35.624,9.941,wifi running,0.13655474532
0,35.624,35.624,phone_scanning,18.997921535
0.0,47.132,47.132,core 0 cpu_idle,0.717089814001
0.0,47.132,47.132,core 1 cpu_idle,0.717089814001
0.0,47.132,47.132,core 2 cpu_idle,0.717089814001
0.0,21611.579938,21611.579938,core 3 cpu_idle start,328.809382967
21611.579938,47.132,-21564.447938,core 3 cpu_idle,-328.092293153
0.0,47.132,47.132,core 4 cpu_idle,0.717089814001
0.0,47.132,47.132,core 5 cpu_idle,0.717089814001
