Start Time (Seconds),End Time (Seconds),Duration (Seconds),Component,Energy Consumption (Joule)
0,35.63,35.63,screen medium,19.52089314
0,20.665,20.665,wifi running,0.2817102396
20.665,26.138,5.473,wifi scan,1.2301081962
26.138,35.63,9.492,wifi running,0.12939722208
0,35.63,35.63,phone_scanning,18.8568753576
0.0,21611.418843,21611.418843,core 0 cpu_idle start,326.31081311
21611.418843,46.12,-21565.298843,core 0 cpu_idle,-325.61444723
0.0,46.12,46.12,core 1 cpu_idle,0.69636588
0.0,46.12,46.12,core 2 cpu_idle,0.69636588
0.0,46.12,46.12,core 3 cpu_idle,0.69636588
0.0,46.12,46.12,core 4 cpu_idle,0.69636588
0.0,46.12,46.12,core 5 cpu_idle,0.69636588
