Start Time (Seconds),End Time (Seconds),Duration (Seconds),Component,Energy Consumption (Joule)
0,35.577,35.577,screen medium,19.491855606
0,23.752,23.752,wifi running,0.32379296448
23.752,29.162,5.41,wifi scan,1.215948354
29.162,35.577,6.415,wifi running,0.0874508196
0,35.577,35.577,phone_scanning,18.828825557
0.0,21611.45717,21611.45717,core 0 cpu_idle start,326.31139181
21611.45717,46.156,-21565.30117,core 0 cpu_idle,-325.614482366
0.0,46.156,46.156,core 1 cpu_idle,0.696909444
0.0,46.156,46.156,core 2 cpu_idle,0.696909444
0.0,46.156,46.156,core 3 cpu_idle,0.696909444
0.0,46.156,46.156,core 4 cpu_idle,0.696909444
0.0,46.156,46.156,core 5 cpu_idle,0.696909444
