Start Time (Seconds),End Time (Seconds),Duration (Seconds),Component,Energy Consumption (Joule)
0,35.605,35.605,screen medium,19.50719619
0,20.371,20.371,wifi running,0.27770236104
20.371,20.646,0.275,wifi scan,0.061808835
20.646,35.605,14.959,wifi running,0.20392467816
0,35.605,35.605,phone_scanning,18.8436443196
0.0,46.126,46.126,core 0 cpu_idle,0.696456474
0.0,21611.373839,21611.373839,core 1 cpu_idle start,326.310133595
21611.373839,46.126,-21565.247839,core 1 cpu_idle,-325.613677121
0.0,46.126,46.126,core 2 cpu_idle,0.696456474
0.0,46.126,46.126,core 3 cpu_idle,0.696456474
0.0,46.126,46.126,core 4 cpu_idle,0.696456474
0.0,46.126,46.126,core 5 cpu_idle,0.696456474
