Start Time (Seconds),End Time (Seconds),Duration (Seconds),Component,Energy Consumption (Joule)
0,35.613,35.613,screen medium,19.511579214
0,29.619,29.619,wifi radio,7.93363456494
29.619,35.232,5.613,wifi running,0.07651776312
35.232,35.613,0.381,wifi radio,0.10205323506
0,35.613,35.613,phone_scanning,18.8478782518
0.0,21611.831116,21611.831116,core 0 cpu_idle start,326.31703802
21611.831116,46.139,-21565.692116,core 0 cpu_idle,-325.620385259
0.0,46.139,46.139,core 1 cpu_idle,0.696652761
0.0,46.139,46.139,core 2 cpu_idle,0.696652761
0.0,46.139,46.139,core 3 cpu_idle,0.696652761
0.0,46.139,46.139,core 4 cpu_idle,0.696652761
0.0,46.139,46.139,core 5 cpu_idle,0.696652761
