Start Time (Seconds),End Time (Seconds),Duration (Seconds),Component,Energy Consumption (Joule)
0,35.585,35.585,screen medium,19.64085607
0,20.193,20.193,wifi running,0.27731773848
20.193,25.535,5.342,wifi scan,1.2095708972
25.535,35.253,9.718,wifi radio,2.62233563452
35.253,35.585,0.332,wifi running,0.00455947552
0,35.585,35.585,phone_scanning,18.9727576588
0.0,47.127,47.127,core 0 cpu_idle,0.716848797
0.0,47.127,47.127,core 1 cpu_idle,0.716848797
0.0,47.127,47.127,core 2 cpu_idle,0.716848797
0.0,47.127,47.127,core 3 cpu_idle,0.716848797
0.0,47.127,47.127,core 4 cpu_idle,0.716848797
0.0,21611.527159,21611.527159,core 5 cpu_idle start,328.732939616
21611.527159,47.127,-21564.400159,core 5 cpu_idle,-328.016090819
