Start Time (Seconds),End Time (Seconds),Duration (Seconds),Component,Energy Consumption (Joule)
0,35.598,35.598,screen medium,19.648031316
0,20.085,20.085,wifi running,0.2758345356
20.085,25.587,5.502,wifi scan,1.2457991532
25.587,35.598,10.011,wifi running,0.13748466696
0,35.598,35.598,phone_scanning,18.9796888334
0.0,46.131,46.131,core 0 cpu_idle,0.701698641
0.0,21611.493023,21611.493023,core 1 cpu_idle start,328.732420373
21611.493023,46.131,-21565.362023,core 1 cpu_idle,-328.030721732
0.0,46.131,46.131,core 2 cpu_idle,0.701698641
0.0,46.131,46.131,core 3 cpu_idle,0.701698641
0.0,46.131,46.131,core 4 cpu_idle,0.701698641
0.0,46.131,46.131,core 5 cpu_idle,0.701698641
