Start Time (Seconds),End Time (Seconds),Duration (Seconds),Component,Energy Consumption (Joule)
0,35.606,35.606,screen medium,19.652446852
0,20.272,20.272,wifi running,0.27840267392
20.272,25.779,5.507,wifi scan,1.2469312862
25.779,35.606,9.827,wifi running,0.13495772872
0,35.606,35.606,phone_scanning,18.9839541717
0.0,21611.719023,21611.719023,core 0 cpu_idle start,328.735858059
21611.719023,46.094,-21565.625023,core 0 cpu_idle,-328.034722225
0.0,46.094,46.094,core 1 cpu_idle,0.701135834
0.0,46.094,46.094,core 2 cpu_idle,0.701135834
0.0,46.094,46.094,core 3 cpu_idle,0.701135834
0.0,46.094,46.094,core 4 cpu_idle,0.701135834
0.0,46.094,46.094,core 5 cpu_idle,0.701135834
