Start Time (Seconds),End Time (Seconds),Duration (Seconds),Component,Energy Consumption (Joule)
0,35.578,35.578,screen medium,19.636992476
0,20.095,20.095,wifi running,0.2759718692
20.095,25.558,5.463,wifi scan,1.2369685158
25.558,35.578,10.02,wifi running,0.1376082672
0,35.578,35.578,phone_scanning,18.9690254878
0.0,46.186,46.186,core 0 cpu_idle,0.702535246
0.0,46.186,46.186,core 1 cpu_idle,0.702535246
0.0,21611.885082,21611.885082,core 2 cpu_idle start,328.738383982
21611.885082,46.186,-21565.699082,core 2 cpu_idle,-328.035848736
0.0,46.186,46.186,core 3 cpu_idle,0.702535246
0.0,46.186,46.186,core 4 cpu_idle,0.702535246
0.0,46.186,46.186,core 5 cpu_idle,0.702535246
