Start Time (Seconds),End Time (Seconds),Duration (Seconds),Component,Energy Consumption (Joule)
0,35.67,35.67,screen medium,19.68777114
0,20.009,20.009,wifi running,0.27479080024
20.009,25.442,5.433,wifi scan,1.2301757178
25.442,35.67,10.228,wifi running,0.14046480608
0,35.67,35.67,phone_scanning,19.0180768776
0.0,46.138,46.138,core 0 cpu_idle,0.701805118001
0.0,21611.471916,21611.471916,core 1 cpu_idle start,328.732099314
21611.471916,46.138,-21565.333916,core 1 cpu_idle,-328.030294196
0.0,46.138,46.138,core 2 cpu_idle,0.701805118001
0.0,46.138,46.138,core 3 cpu_idle,0.701805118001
0.0,46.138,46.138,core 4 cpu_idle,0.701805118001
0.0,46.138,46.138,core 5 cpu_idle,0.701805118001
