Start Time (Seconds),End Time (Seconds),Duration (Seconds),Component,Energy Consumption (Joule)
0,35.64,35.64,screen medium,19.576161
0,35.64,35.64,wifi running,0.48709188
0,35.64,35.64,phone_scanning,18.91026324
0.0,46.14,46.14,core 0 cpu_idle,0.69844425
0.0,46.14,46.14,core 1 cpu_idle,0.69844425
0.0,46.14,46.14,core 2 cpu_idle,0.69844425
0.0,46.14,46.14,core 3 cpu_idle,0.69844425
0.0,21611.662282,21611.662282,core 4 cpu_idle start,327.146537794
21611.662282,46.14,-21565.522282,core 4 cpu_idle,-326.448093544
0.0,46.14,46.14,core 5 cpu_idle,0.69844425
