Start Time (Seconds),End Time (Seconds),Duration (Seconds),Component,Energy Consumption (Joule)
0,35.601,35.601,screen medium,19.554739275
0,35.601,35.601,wifi running,0.486558867
0,35.601,35.601,phone_scanning,18.889570191
0.0,46.059,46.059,core 0 cpu_idle,0.6972181125
0.0,21611.484919,21611.484919,core 1 cpu_idle start,327.143852961
21611.484919,46.059,-21565.425919,core 1 cpu_idle,-326.446634849
0.0,46.059,46.059,core 2 cpu_idle,0.6972181125
0.0,46.059,46.059,core 3 cpu_idle,0.6972181125
0.0,46.059,46.059,core 4 cpu_idle,0.6972181125
0.0,46.059,46.059,core 5 cpu_idle,0.6972181125
