Start Time (Seconds),End Time (Seconds),Duration (Seconds),Component,Energy Consumption (Joule)
0,35.662,35.662,screen medium,19.58824505
0,18.755,18.755,wifi running,0.256324585
18.755,19.02,0.265,wifi scan,0.0597131125
19.02,35.662,16.642,wifi running,0.227446214
0,35.662,35.662,phone_scanning,18.921936242
0.0,46.078,46.078,core 0 cpu_idle,0.697505725
0.0,46.078,46.078,core 1 cpu_idle,0.697505725
0.0,21611.409862,21611.409862,core 2 cpu_idle start,327.142716786
21611.409862,46.078,-21565.331862,core 2 cpu_idle,-326.445211061
0.0,46.078,46.078,core 3 cpu_idle,0.697505725
0.0,46.078,46.078,core 4 cpu_idle,0.697505725
0.0,46.078,46.078,core 5 cpu_idle,0.697505725
