Start Time (Seconds),End Time (Seconds),Duration (Seconds),Component,Energy Consumption (Joule)
0,35.565,35.565,screen medium,19.534965375
0,35.565,35.565,wifi running,0.486066855
0,35.565,35.565,phone_scanning,18.870468915
0.0,46.109,46.109,core 0 cpu_idle,0.6979749875
0.0,46.109,46.109,core 1 cpu_idle,0.6979749875
0.0,46.109,46.109,core 2 cpu_idle,0.6979749875
0.0,21611.398452,21611.398452,core 3 cpu_idle start,327.142544067
21611.398452,46.109,-21565.289452,core 3 cpu_idle,-326.44456908
0.0,46.109,46.109,core 4 cpu_idle,0.6979749875
0.0,46.109,46.109,core 5 cpu_idle,0.6979749875
