Start Time (Seconds),End Time (Seconds),Duration (Seconds),Component,Energy Consumption (Joule)
0,35.637,35.637,screen medium,19.574513175
0,26.943,26.943,wifi radio,7.23525301275
26.943,33.397,6.454,wifi running,0.088206818
33.397,35.637,2.24,wifi radio,0.60152792
0,35.637,35.637,phone_scanning,18.908671467
0.0,46.074,46.074,core 0 cpu_idle,0.697445175
0.0,46.074,46.074,core 1 cpu_idle,0.697445175
0.0,46.074,46.074,core 2 cpu_idle,0.697445175
0.0,46.074,46.074,core 3 cpu_idle,0.697445175
0.0,21611.443899,21611.443899,core 4 cpu_idle start,327.143232021
21611.443899,46.074,-21565.369899,core 4 cpu_idle,-326.445786846
0.0,46.074,46.074,core 5 cpu_idle,0.697445175
