Start Time (Seconds),End Time (Seconds),Duration (Seconds),Component,Energy Consumption (Joule)
0,35.63,35.63,screen medium,19.49826809
0,25.544,25.544,wifi radio,6.83419017064
25.544,26.852,1.308,wifi running,0.01781030352
26.852,35.63,8.778,wifi radio,2.34851712018
0,35.63,35.63,phone_scanning,18.8350199156
0.0,46.091,46.091,core 0 cpu_idle,0.6951214165
0.0,46.091,46.091,core 1 cpu_idle,0.6951214165
0.0,46.091,46.091,core 2 cpu_idle,0.6951214165
0.0,21611.438847,21611.438847,core 3 cpu_idle start,325.932914971
21611.438847,46.091,-21565.347847,core 3 cpu_idle,-325.237793555
0.0,46.091,46.091,core 4 cpu_idle,0.6951214165
0.0,46.091,46.091,core 5 cpu_idle,0.6951214165
