Start Time (Seconds),End Time (Seconds),Duration (Seconds),Component,Energy Consumption (Joule)
0,35.651,35.651,screen medium,19.509760193
0,19.987,19.987,wifi running,0.27215178628
19.987,25.451,5.464,wifi scan,1.2266619896
25.451,35.651,10.2,wifi running,0.138887688
0,35.651,35.651,phone_scanning,18.8461211061
0.0,21611.679939,21611.679939,core 0 cpu_idle start,325.936551
21611.679939,46.136,-21565.543939,core 0 cpu_idle,-325.240750916
0.0,46.136,46.136,core 1 cpu_idle,0.695800084
0.0,46.136,46.136,core 2 cpu_idle,0.695800084
0.0,46.136,46.136,core 3 cpu_idle,0.695800084
0.0,46.136,46.136,core 4 cpu_idle,0.695800084
0.0,46.136,46.136,core 5 cpu_idle,0.695800084
