Start Time (Seconds),End Time (Seconds),Duration (Seconds),Component,Energy Consumption (Joule)
0,35.642,35.642,screen medium,19.504835006
0,23.624,23.624,wifi running,0.32167477856
23.624,29.135,5.511,wifi scan,1.2372134379
29.135,35.642,6.507,wifi running,0.08860217508
0,35.642,35.642,phone_scanning,18.841363453
0.0,47.104,47.104,core 0 cpu_idle,0.710398976
0.0,47.104,47.104,core 1 cpu_idle,0.710398976
0.0,21611.438787,21611.438787,core 2 cpu_idle start,325.932914066
21611.438787,47.104,-21564.334787,core 2 cpu_idle,-325.22251509
0.0,47.104,47.104,core 3 cpu_idle,0.710398976
0.0,47.104,47.104,core 4 cpu_idle,0.710398976
0.0,47.104,47.104,core 5 cpu_idle,0.710398976
