Start Time (Seconds),End Time (Seconds),Duration (Seconds),Component,Energy Consumption (Joule)
0,35.612,35.612,screen medium,19.488417716
0,23.144,23.144,wifi running,0.31513888736
23.144,28.61,5.466,wifi scan,1.2271109874
28.61,35.612,7.002,wifi running,0.09534231288
0,35.612,35.612,phone_scanning,18.8255046094
0.0,47.077,47.077,core 0 cpu_idle,0.7099917755
0.0,21611.309996,21611.309996,core 1 cpu_idle start,325.930971705
21611.309996,47.077,-21564.232996,core 1 cpu_idle,-325.220979929
0.0,47.077,47.077,core 2 cpu_idle,0.7099917755
0.0,47.077,47.077,core 3 cpu_idle,0.7099917755
0.0,47.077,47.077,core 4 cpu_idle,0.7099917755
0.0,47.077,47.077,core 5 cpu_idle,0.7099917755
