Start Time (Seconds),End Time (Seconds),Duration (Seconds),Component,Energy Consumption (Joule)
0,35.598,35.598,screen medium,19.480756314
0,24.29,24.29,wifi running,0.3307433276
24.29,29.61,5.32,wifi scan,1.194334148
29.61,35.598,5.988,wifi running,0.08153524272
0,35.598,35.598,phone_scanning,18.8181038158
0.0,21611.461864,21611.461864,core 0 cpu_idle start,325.933262102
21611.461864,46.131,-21565.330864,core 0 cpu_idle,-325.237537425
0.0,46.131,46.131,core 1 cpu_idle,0.6957246765
0.0,46.131,46.131,core 2 cpu_idle,0.6957246765
0.0,46.131,46.131,core 3 cpu_idle,0.6957246765
0.0,46.131,46.131,core 4 cpu_idle,0.6957246765
0.0,46.131,46.131,core 5 cpu_idle,0.6957246765
