Start Time (Seconds),End Time (Seconds),Duration (Seconds),Component,Energy Consumption (Joule)
0,35.549,35.549,screen medium,19.426853069
0,21.066,21.066,wifi running,0.28644451368
21.066,26.513,5.447,wifi scan,1.2211427761
26.513,35.549,9.036,wifi running,0.12286682928
0,35.549,35.549,phone_scanning,18.76603413
0.0,46.073,46.073,core 0 cpu_idle,0.6938824165
0.0,21611.964949,21611.964949,core 1 cpu_idle start,325.486998114
21611.964949,46.073,-21565.891949,core 1 cpu_idle,-324.793115698
0.0,46.073,46.073,core 2 cpu_idle,0.6938824165
0.0,46.073,46.073,core 3 cpu_idle,0.6938824165
0.0,46.073,46.073,core 4 cpu_idle,0.6938824165
0.0,46.073,46.073,core 5 cpu_idle,0.6938824165
