Start Time (Seconds),End Time (Seconds),Duration (Seconds),Component,Energy Consumption (Joule)
0,35.599,35.599,screen medium,19.454177119
0,20.212,20.212,wifi running,0.27483226576
20.212,25.655,5.443,wifi scan,1.2202460309
25.655,35.599,9.944,wifi running,0.13521334112
0,35.599,35.599,phone_scanning,18.792428732
0.0,46.141,46.141,core 0 cpu_idle,0.6949065305
0.0,46.141,46.141,core 1 cpu_idle,0.6949065305
0.0,46.141,46.141,core 2 cpu_idle,0.6949065305
0.0,46.141,46.141,core 3 cpu_idle,0.6949065305
0.0,46.141,46.141,core 4 cpu_idle,0.6949065305
0.0,21611.365798,21611.365798,core 5 cpu_idle start,325.477974601
21611.365798,46.141,-21565.224798,core 5 cpu_idle,-324.78306807
