Start Time (Seconds),End Time (Seconds),Duration (Seconds),Component,Energy Consumption (Joule)
0,35.679,35.679,screen medium,19.497895599
0,25.058,25.058,wifi running,0.34072565384
25.058,30.494,5.436,wifi scan,1.2186767268
30.494,35.679,5.185,wifi running,0.0705029338
0,35.679,35.679,phone_scanning,18.8346600952
0.0,21611.522872,21611.522872,core 0 cpu_idle start,325.480340214
21611.522872,47.154,-21564.368872,core 0 cpu_idle,-324.770177397
0.0,47.154,47.154,core 1 cpu_idle,0.710162817
0.0,47.154,47.154,core 2 cpu_idle,0.710162817
0.0,47.154,47.154,core 3 cpu_idle,0.710162817
0.0,47.154,47.154,core 4 cpu_idle,0.710162817
0.0,47.154,47.154,core 5 cpu_idle,0.710162817
