Start Time (Seconds),End Time (Seconds),Duration (Seconds),Component,Energy Consumption (Joule)
0,35.635,35.635,screen medium,19.473850435
0,20.277,20.277,wifi running,0.27571610196
20.277,25.714,5.437,wifi scan,1.2189009131
25.714,35.635,9.921,wifi running,0.13490059908
0,35.635,35.635,phone_scanning,18.8114328454
0.0,47.115,47.115,core 0 cpu_idle,0.709575457501
0.0,47.115,47.115,core 1 cpu_idle,0.709575457501
0.0,47.115,47.115,core 2 cpu_idle,0.709575457501
0.0,47.115,47.115,core 3 cpu_idle,0.709575457501
0.0,21611.481999,21611.481999,core 4 cpu_idle start,325.479724646
21611.481999,47.115,-21564.366999,core 4 cpu_idle,-324.770149188
0.0,47.115,47.115,core 5 cpu_idle,0.709575457501
