Start Time (Seconds),End Time (Seconds),Duration (Seconds),Component,Energy Consumption (Joule)
0,35.578,35.578,screen medium,19.442701018
0,20.071,20.071,wifi running,0.27291502108
20.071,25.431,5.36,wifi scan,1.201638568
25.431,35.578,10.147,wifi running,0.13797362956
0,35.578,35.578,phone_scanning,18.7813429991
0.0,46.168,46.168,core 0 cpu_idle,0.695313164
0.0,46.168,46.168,core 1 cpu_idle,0.695313164
0.0,46.168,46.168,core 2 cpu_idle,0.695313164
0.0,46.168,46.168,core 3 cpu_idle,0.695313164
0.0,46.168,46.168,core 4 cpu_idle,0.695313164
0.0,21611.919852,21611.919852,core 5 cpu_idle start,325.486318931
21611.919852,46.168,-21565.751852,core 5 cpu_idle,-324.791005767
