Start Time (Seconds),End Time (Seconds),Duration (Seconds),Component,Energy Consumption (Joule)
0,35.575,35.575,screen medium,19.4997959
0,20.164,20.164,wifi running,0.27500792384
20.164,20.42,0.256,wifi scan,0.0575650816
20.42,35.575,15.155,wifi running,0.2066923768
0,35.575,35.575,phone_scanning,18.836495756
0.0,46.136,46.136,core 0 cpu_idle,0.696930416
0.0,46.136,46.136,core 1 cpu_idle,0.696930416
0.0,46.136,46.136,core 2 cpu_idle,0.696930416
0.0,21611.540994,21611.540994,core 3 cpu_idle start,326.463938255
21611.540994,46.136,-21565.404994,core 3 cpu_idle,-325.767007839
0.0,46.136,46.136,core 4 cpu_idle,0.696930416
0.0,46.136,46.136,core 5 cpu_idle,0.696930416
