Start Time (Seconds),End Time (Seconds),Duration (Seconds),Component,Energy Consumption (Joule)
0,35.632,35.632,screen medium,19.531039424
0,20.227,20.227,wifi running,0.27586715312
20.227,25.616,5.389,wifi scan,1.2117899404
25.616,35.632,10.016,wifi running,0.13660381696
0,35.632,35.632,phone_scanning,18.8666765082
0.0,47.125,47.125,core 0 cpu_idle,0.71187025
0.0,21611.436091,21611.436091,core 1 cpu_idle start,326.462353591
21611.436091,47.125,-21564.311091,core 1 cpu_idle,-325.750483341
0.0,47.125,47.125,core 2 cpu_idle,0.71187025
0.0,47.125,47.125,core 3 cpu_idle,0.71187025
0.0,47.125,47.125,core 4 cpu_idle,0.71187025
0.0,47.125,47.125,core 5 cpu_idle,0.71187025
