Start Time (Seconds),End Time (Seconds),Duration (Seconds),Component,Energy Consumption (Joule)
0,35.575,35.575,screen medium,19.4997959
0,19.313,19.313,wifi running,0.26340150928
19.313,24.81,5.497,wifi scan,1.2360752092
24.81,35.575,10.765,wifi running,0.1468190984
0,35.575,35.575,phone_scanning,18.836495756
0.0,47.128,47.128,core 0 cpu_idle,0.711915568
0.0,47.128,47.128,core 1 cpu_idle,0.711915568
0.0,47.128,47.128,core 2 cpu_idle,0.711915568
0.0,21611.557875,21611.557875,core 3 cpu_idle start,326.46419326
21611.557875,47.128,-21564.429875,core 3 cpu_idle,-325.752277692
0.0,47.128,47.128,core 4 cpu_idle,0.711915568
0.0,47.128,47.128,core 5 cpu_idle,0.711915568
