Start Time (Seconds),End Time (Seconds),Duration (Seconds),Component,Energy Consumption (Joule)
0,35.667,35.667,screen medium,19.550224044
0,20.376,20.376,wifi running,0.27789929856
20.376,20.631,0.255,wifi scan,0.057340218
20.631,35.667,15.036,wifi running,0.20506938816
0,35.667,35.667,phone_scanning,18.885208549
0.0,46.088,46.088,core 0 cpu_idle,0.696205328001
0.0,21611.406181,21611.406181,core 1 cpu_idle start,326.46190177
21611.406181,46.088,-21565.318181,core 1 cpu_idle,-325.765696442
0.0,46.088,46.088,core 2 cpu_idle,0.696205328001
0.0,46.088,46.088,core 3 cpu_idle,0.696205328001
0.0,46.088,46.088,core 4 cpu_idle,0.696205328001
0.0,46.088,46.088,core 5 cpu_idle,0.696205328001
