Start Time (Seconds),End Time (Seconds),Duration (Seconds),Component,Energy Consumption (Joule)
0,35.626,35.626,screen medium,19.527750632
0,20.185,20.185,wifi running,0.2752943336
20.185,20.436,0.251,wifi scan,0.0564407636
20.436,35.626,15.19,wifi running,0.2071697264
0,35.626,35.626,phone_scanning,18.8634995869
0.0,47.039,47.039,core 0 cpu_idle,0.710571134
0.0,47.039,47.039,core 1 cpu_idle,0.710571134
0.0,47.039,47.039,core 2 cpu_idle,0.710571134
0.0,21611.376838,21611.376838,core 3 cpu_idle start,326.461458515
21611.376838,47.039,-21564.337838,core 3 cpu_idle,-325.750887381
0.0,47.039,47.039,core 4 cpu_idle,0.710571134
0.0,47.039,47.039,core 5 cpu_idle,0.710571134
