Start Time (Seconds),End Time (Seconds),Duration (Seconds),Component,Energy Consumption (Joule)
0,35.631,35.631,screen medium,19.512390744
0,35.631,35.631,wifi running,0.48550515552
0,35.631,35.631,phone_scanning,18.848662177
0.0,47.118,47.118,core 0 cpu_idle,0.711104856
0.0,21611.344914,21611.344914,core 1 cpu_idle start,326.158417442
21611.344914,47.118,-21564.226914,core 1 cpu_idle,-325.447312586
0.0,47.118,47.118,core 2 cpu_idle,0.711104856
0.0,47.118,47.118,core 3 cpu_idle,0.711104856
0.0,47.118,47.118,core 4 cpu_idle,0.711104856
0.0,47.118,47.118,core 5 cpu_idle,0.711104856
