Start Time (Seconds),End Time (Seconds),Duration (Seconds),Component,Energy Consumption (Joule)
0,35.607,35.607,screen medium,19.499247768
0,25.256,25.256,wifi running,0.34413623552
25.256,30.723,5.467,wifi scan,1.2281899784
30.723,35.607,4.884,wifi running,0.06654899328
0,35.607,35.607,phone_scanning,18.8359662691
0.0,47.159,47.159,core 0 cpu_idle,0.711723628
0.0,47.159,47.159,core 1 cpu_idle,0.711723628
0.0,21611.671008,21611.671008,core 2 cpu_idle start,326.163338853
21611.671008,47.159,-21564.512008,core 2 cpu_idle,-325.451615225
0.0,47.159,47.159,core 3 cpu_idle,0.711723628
0.0,47.159,47.159,core 4 cpu_idle,0.711723628
0.0,47.159,47.159,core 5 cpu_idle,0.711723628
