Start Time (Seconds),End Time (Seconds),Duration (Seconds),Component,Energy Consumption (Joule)
0,35.624,35.624,screen medium,19.508557376
0,26.866,26.866,wifi running,0.36607396672
26.866,32.37,5.504,wifi scan,1.2365022208
32.37,35.624,3.254,wifi running,0.04433874368
0,35.624,35.624,phone_scanning,18.8449592038
0.0,46.119,46.119,core 0 cpu_idle,0.696027948
0.0,21611.47487,21611.47487,core 1 cpu_idle start,326.160378738
21611.47487,46.119,-21565.35587,core 1 cpu_idle,-325.46435079
0.0,46.119,46.119,core 2 cpu_idle,0.696027948
0.0,46.119,46.119,core 3 cpu_idle,0.696027948
0.0,46.119,46.119,core 4 cpu_idle,0.696027948
0.0,46.119,46.119,core 5 cpu_idle,0.696027948
