Start Time (Seconds),End Time (Seconds),Duration (Seconds),Component,Energy Consumption (Joule)
0,35.672,35.672,screen medium,19.534843328
0,35.672,35.672,wifi running,0.48606381824
0,35.672,35.672,phone_scanning,18.8703510195
0.0,21611.499954,21611.499954,core 0 cpu_idle start,326.160757306
21611.499954,47.096,-21564.403954,core 0 cpu_idle,-325.449984474
0.0,47.096,47.096,core 1 cpu_idle,0.710772832
0.0,47.096,47.096,core 2 cpu_idle,0.710772832
0.0,47.096,47.096,core 3 cpu_idle,0.710772832
0.0,47.096,47.096,core 4 cpu_idle,0.710772832
0.0,47.096,47.096,core 5 cpu_idle,0.710772832
