Start Time (Seconds),End Time (Seconds),Duration (Seconds),Component,Energy Consumption (Joule)
0,35.594,35.594,screen medium,19.492128656
0,35.594,35.594,wifi running,0.48500099648
0,35.594,35.594,phone_scanning,18.829089319
0.0,46.09,46.09,core 0 cpu_idle,0.69559028
0.0,46.09,46.09,core 1 cpu_idle,0.69559028
0.0,46.09,46.09,core 2 cpu_idle,0.69559028
0.0,46.09,46.09,core 3 cpu_idle,0.69559028
0.0,21611.438775,21611.438775,core 4 cpu_idle start,326.159833992
21611.438775,46.09,-21565.348775,core 4 cpu_idle,-325.464243712
0.0,46.09,46.09,core 5 cpu_idle,0.69559028
