device,subject,run_id,energy_consumed,load_time
nexus5x,http1042018080wwwtheguardiancomwwwtheguardiancom1internationalhtml,1,63.535752,543.0
nexus5x,http1042018080wwwtheguardiancomwwwtheguardiancom1internationalhtml,2,78.871968,824.0
nexus5x,http1042018080wwwtheguardiancomwwwtheguardiancom1internationalhtml,3,79.967412,500.0
nexus5x,http1042018080wwwtheguardiancomwwwtheguardiancom1internationalhtml,4,79.967412,475.0
nexus5x,http1042018080wwwtheguardiancomwwwtheguardiancom1internationalhtml,5,78.089508,512.0
