<experiment>
  <configHash>fd445d29629a7cabaa8ef676ea2aa182</configHash>
  <outputDir>/home/team/kebab/dciw/Experiments/output/2019.10.19_194216/</outputDir>
  <subjects>
    <subject>
      <device>nexus5x</device>
      <path>http://10.42.0.1:8080/www.theguardian.com/www.theguardian.com/1/international.html</path>
      <browser>chrome</browser>
      <aggregated>1</aggregated>
    </subject>
  </subjects>
  <runsToRun/>
  <runsDone>
    <run runId="0">
      <device>nexus5x</device>
      <path>http://10.42.0.1:8080/www.theguardian.com/www.theguardian.com/1/international.html</path>
      <browser>chrome</browser>
      <runCount>1</runCount>
    </run>
    <run runId="1">
      <device>nexus5x</device>
      <path>http://10.42.0.1:8080/www.theguardian.com/www.theguardian.com/1/international.html</path>
      <browser>chrome</browser>
      <runCount>2</runCount>
    </run>
    <run runId="2">
      <device>nexus5x</device>
      <path>http://10.42.0.1:8080/www.theguardian.com/www.theguardian.com/1/international.html</path>
      <browser>chrome</browser>
      <runCount>3</runCount>
    </run>
    <run runId="3">
      <device>nexus5x</device>
      <path>http://10.42.0.1:8080/www.theguardian.com/www.theguardian.com/1/international.html</path>
      <browser>chrome</browser>
      <runCount>4</runCount>
    </run>
    <run runId="4">
      <device>nexus5x</device>
      <path>http://10.42.0.1:8080/www.theguardian.com/www.theguardian.com/1/international.html</path>
      <browser>chrome</browser>
      <runCount>5</runCount>
    </run>
  </runsDone>
</experiment>
