Start Time (Seconds),End Time (Seconds),Duration (Seconds),Component,Energy Consumption (Joule)
0,35.552,35.552,screen medium,19.563945632
0,25.563,25.563,wifi radio,6.87736650111
25.563,27.454,1.891,wifi running,0.02589210148
27.454,35.552,8.098,wifi radio,2.17865328506
0,35.552,35.552,phone_scanning,18.8984633869
0.0,47.141,47.141,core 0 cpu_idle,0.7149168355
0.0,21611.551832,21611.551832,core 1 cpu_idle start,327.749989308
21611.551832,47.141,-21564.410832,core 1 cpu_idle,-327.035072473
0.0,47.141,47.141,core 2 cpu_idle,0.7149168355
0.0,47.141,47.141,core 3 cpu_idle,0.7149168355
0.0,47.141,47.141,core 4 cpu_idle,0.7149168355
0.0,47.141,47.141,core 5 cpu_idle,0.7149168355
