Start Time (Seconds),End Time (Seconds),Duration (Seconds),Component,Energy Consumption (Joule)
0,35.618,35.618,screen medium,19.600264838
0,21.809,21.809,wifi running,0.29861493452
21.809,27.319,5.51,wifi scan,1.243878643
27.319,35.618,8.299,wifi running,0.11363223172
0,35.618,35.618,phone_scanning,18.9335471679
0.0,47.11,47.11,core 0 cpu_idle,0.714446705
0.0,47.11,47.11,core 1 cpu_idle,0.714446705
0.0,47.11,47.11,core 2 cpu_idle,0.714446705
0.0,21611.546068,21611.546068,core 3 cpu_idle start,327.749901894
21611.546068,47.11,-21564.436068,core 3 cpu_idle,-327.035455189
0.0,47.11,47.11,core 4 cpu_idle,0.714446705
0.0,47.11,47.11,core 5 cpu_idle,0.714446705
