Start Time (Seconds),End Time (Seconds),Duration (Seconds),Component,Energy Consumption (Joule)
0,35.64,35.64,screen medium,19.61237124
0,24.985,24.985,wifi radio,6.72186371045
24.985,26.215,1.23,wifi running,0.0168415044
26.215,31.726,5.511,wifi scan,1.2441043923
31.726,35.64,3.914,wifi running,0.05359158392
0,35.64,35.64,phone_scanning,18.9452417616
0.0,21611.609844,21611.609844,core 0 cpu_idle start,327.750869089
21611.609844,47.1,-21564.509844,core 0 cpu_idle,-327.036574039
0.0,47.1,47.1,core 1 cpu_idle,0.71429505
0.0,47.1,47.1,core 2 cpu_idle,0.71429505
0.0,47.1,47.1,core 3 cpu_idle,0.71429505
0.0,47.1,47.1,core 4 cpu_idle,0.71429505
0.0,47.1,47.1,core 5 cpu_idle,0.71429505
