Start Time (Seconds),End Time (Seconds),Duration (Seconds),Component,Energy Consumption (Joule)
0,35.687,35.687,screen medium,19.638234917
0,23.589,23.589,wifi running,0.32298719292
23.589,29.038,5.449,wifi scan,1.2301079357
29.038,35.687,6.649,wifi running,0.09103996972
0,35.687,35.687,phone_scanning,18.9702256663
0.0,47.13,47.13,core 0 cpu_idle,0.714750015
0.0,47.13,47.13,core 1 cpu_idle,0.714750015
0.0,47.13,47.13,core 2 cpu_idle,0.714750015
0.0,21611.507636,21611.507636,core 3 cpu_idle start,327.749319054
21611.507636,47.13,-21564.377636,core 3 cpu_idle,-327.034569039
0.0,47.13,47.13,core 4 cpu_idle,0.714750015
0.0,47.13,47.13,core 5 cpu_idle,0.714750015
