Start Time (Seconds),End Time (Seconds),Duration (Seconds),Component,Energy Consumption (Joule)
0,35.591,35.591,screen medium,19.585406981
0,24.778,24.778,wifi running,0.33926731384
24.778,30.282,5.504,wifi scan,1.2425241472
30.282,35.591,5.309,wifi running,0.07269231452
0,35.591,35.591,phone_scanning,18.919194712
0.0,47.062,47.062,core 0 cpu_idle,0.713718761001
0.0,47.062,47.062,core 1 cpu_idle,0.713718761001
0.0,47.062,47.062,core 2 cpu_idle,0.713718761001
0.0,47.062,47.062,core 3 cpu_idle,0.713718761001
0.0,47.062,47.062,core 4 cpu_idle,0.713718761001
0.0,21611.803832,21611.803832,core 5 cpu_idle start,327.753811014
21611.803832,47.062,-21564.741832,core 5 cpu_idle,-327.040092253
