Start Time (Seconds),End Time (Seconds),Duration (Seconds),Component,Energy Consumption (Joule)
0,35.604,35.604,screen medium,19.46595294
0,14.874,14.874,wifi running,0.2023429212
14.874,15.047,0.173,wifi scan,0.0388022565
15.047,35.604,20.557,wifi running,0.2796533166
0,35.604,35.604,phone_scanning,18.8038039896
0.0,46.088,46.088,core 0 cpu_idle,0.69443094
0.0,21611.287918,21611.287918,core 1 cpu_idle start,325.628080704
21611.287918,46.088,-21565.199918,core 1 cpu_idle,-324.933649764
0.0,46.088,46.088,core 2 cpu_idle,0.69443094
0.0,46.088,46.088,core 3 cpu_idle,0.69443094
0.0,46.088,46.088,core 4 cpu_idle,0.69443094
0.0,46.088,46.088,core 5 cpu_idle,0.69443094
