Start Time (Seconds),End Time (Seconds),Duration (Seconds),Component,Energy Consumption (Joule)
0,35.672,35.672,screen medium,19.50313092
0,35.672,35.672,wifi running,0.4852747536
0,35.672,35.672,phone_scanning,18.8397173328
0.0,21611.695924,21611.695924,core 0 cpu_idle start,325.634228335
21611.695924,47.113,-21564.582924,core 0 cpu_idle,-324.924353207
0.0,47.113,47.113,core 1 cpu_idle,0.7098751275
0.0,47.113,47.113,core 2 cpu_idle,0.7098751275
0.0,47.113,47.113,core 3 cpu_idle,0.7098751275
0.0,47.113,47.113,core 4 cpu_idle,0.7098751275
0.0,47.113,47.113,core 5 cpu_idle,0.7098751275
