Start Time (Seconds),End Time (Seconds),Duration (Seconds),Component,Energy Consumption (Joule)
0,35.65,35.65,screen medium,19.49110275
0,24.677,24.677,wifi radio,6.59609917365
24.677,33.542,8.865,wifi running,0.120597687
33.542,35.65,2.108,wifi radio,0.5634630246
0,35.65,35.65,phone_scanning,18.82809831
0.0,46.132,46.132,core 0 cpu_idle,0.69509391
0.0,46.132,46.132,core 1 cpu_idle,0.69509391
0.0,46.132,46.132,core 2 cpu_idle,0.69509391
0.0,46.132,46.132,core 3 cpu_idle,0.69509391
0.0,21611.734009,21611.734009,core 4 cpu_idle start,325.634802181
21611.734009,46.132,-21565.602009,core 4 cpu_idle,-324.939708271
0.0,46.132,46.132,core 5 cpu_idle,0.69509391
