Start Time (Seconds),End Time (Seconds),Duration (Seconds),Component,Energy Consumption (Joule)
0,35.624,35.624,screen medium,19.47688764
0,35.624,35.624,wifi running,0.4846217712
0,35.624,35.624,phone_scanning,18.8143667376
0.0,46.092,46.092,core 0 cpu_idle,0.69449121
0.0,46.092,46.092,core 1 cpu_idle,0.69449121
0.0,46.092,46.092,core 2 cpu_idle,0.69449121
0.0,21612.00436,21612.00436,core 3 cpu_idle start,325.638875694
21612.00436,46.092,-21565.91236,core 3 cpu_idle,-324.944384484
0.0,46.092,46.092,core 4 cpu_idle,0.69449121
0.0,46.092,46.092,core 5 cpu_idle,0.69449121
