Start Time (Seconds),End Time (Seconds),Duration (Seconds),Component,Energy Consumption (Joule)
0,35.705,35.705,screen medium,19.521173175
0,35.705,35.705,wifi running,0.485723679
0,35.705,35.705,phone_scanning,18.857145867
0.0,46.065,46.065,core 0 cpu_idle,0.6940843875
0.0,21611.415852,21611.415852,core 1 cpu_idle start,325.63000835
21611.415852,46.065,-21565.350852,core 1 cpu_idle,-324.935923963
0.0,46.065,46.065,core 2 cpu_idle,0.6940843875
0.0,46.065,46.065,core 3 cpu_idle,0.6940843875
0.0,46.065,46.065,core 4 cpu_idle,0.6940843875
0.0,46.065,46.065,core 5 cpu_idle,0.6940843875
