Start Time (Seconds),End Time (Seconds),Duration (Seconds),Component,Energy Consumption (Joule)
0,35.591,35.591,screen medium,19.653207836
0,23.282,23.282,wifi running,0.31988722976
23.282,28.603,5.321,wifi scan,1.2053703868
28.603,35.591,6.988,wifi running,0.09601288384
0,35.591,35.591,phone_scanning,18.9846892702
0.0,47.11,47.11,core 0 cpu_idle,0.71691998
0.0,47.11,47.11,core 1 cpu_idle,0.71691998
0.0,21611.545848,21611.545848,core 2 cpu_idle start,328.884504715
21611.545848,47.11,-21564.435848,core 2 cpu_idle,-328.167584735
0.0,47.11,47.11,core 3 cpu_idle,0.71691998
0.0,47.11,47.11,core 4 cpu_idle,0.71691998
0.0,47.11,47.11,core 5 cpu_idle,0.71691998
