Start Time (Seconds),End Time (Seconds),Duration (Seconds),Component,Energy Consumption (Joule)
0,35.568,35.568,screen medium,19.640507328
0,21.838,21.838,wifi running,0.30004713184
21.838,27.272,5.434,wifi scan,1.2309683672
27.272,35.568,8.296,wifi running,0.11398438528
0,35.568,35.568,phone_scanning,18.9724207795
0.0,47.095,47.095,core 0 cpu_idle,0.71669171
0.0,47.095,47.095,core 1 cpu_idle,0.71669171
0.0,21611.555041,21611.555041,core 2 cpu_idle start,328.884644614
21611.555041,47.095,-21564.460041,core 2 cpu_idle,-328.167952904
0.0,47.095,47.095,core 3 cpu_idle,0.71669171
0.0,47.095,47.095,core 4 cpu_idle,0.71669171
0.0,47.095,47.095,core 5 cpu_idle,0.71669171
