Start Time (Seconds),End Time (Seconds),Duration (Seconds),Component,Energy Consumption (Joule)
0,35.661,35.661,screen medium,19.691861556
0,23.974,23.974,wifi running,0.32939508832
23.974,29.373,5.399,wifi scan,1.2230397892
29.373,35.661,6.288,wifi running,0.08639510784
0,35.661,35.661,phone_scanning,19.022028155
0.0,21611.355896,21611.355896,core 0 cpu_idle start,328.881614025
21611.355896,46.101,-21565.254896,core 0 cpu_idle,-328.180049007
0.0,46.101,46.101,core 1 cpu_idle,0.701565018
0.0,46.101,46.101,core 2 cpu_idle,0.701565018
0.0,46.101,46.101,core 3 cpu_idle,0.701565018
0.0,46.101,46.101,core 4 cpu_idle,0.701565018
0.0,46.101,46.101,core 5 cpu_idle,0.701565018
