Start Time (Seconds),End Time (Seconds),Duration (Seconds),Component,Energy Consumption (Joule)
0,35.609,35.609,screen medium,19.663147364
0,22.61,22.61,wifi running,0.3106541648
22.61,28.023,5.413,wifi scan,1.2262112204
28.023,35.609,7.586,wifi running,0.10422921248
0,35.609,35.609,phone_scanning,18.9942906978
0.0,47.202,47.202,core 0 cpu_idle,0.718320036
0.0,47.202,47.202,core 1 cpu_idle,0.718320036
0.0,47.202,47.202,core 2 cpu_idle,0.718320036
0.0,47.202,47.202,core 3 cpu_idle,0.718320036
0.0,47.202,47.202,core 4 cpu_idle,0.718320036
0.0,21611.586834,21611.586834,core 5 cpu_idle start,328.88512844
21611.586834,47.202,-21564.384834,core 5 cpu_idle,-328.166808404
