Start Time (Seconds),End Time (Seconds),Duration (Seconds),Component,Energy Consumption (Joule)
0,35.605,35.605,screen medium,19.66093858
0,35.605,35.605,wifi running,0.4892013064
0,35.605,35.605,phone_scanning,18.9921570472
0.0,21611.42192,21611.42192,core 0 cpu_idle start,328.882618779
21611.42192,46.135,-21565.28692,core 0 cpu_idle,-328.180536349
0.0,46.135,46.135,core 1 cpu_idle,0.70208243
0.0,46.135,46.135,core 2 cpu_idle,0.70208243
0.0,46.135,46.135,core 3 cpu_idle,0.70208243
0.0,46.135,46.135,core 4 cpu_idle,0.70208243
0.0,46.135,46.135,core 5 cpu_idle,0.70208243
