Start Time (Seconds),End Time (Seconds),Duration (Seconds),Component,Energy Consumption (Joule)
0,35.566,35.566,screen medium,19.458727656
0,21.727,21.727,wifi running,0.29577573456
21.727,27.059,5.332,wifi scan,1.1967503376
27.059,35.566,8.507,wifi running,0.11580817296
0,35.566,35.566,phone_scanning,18.796824479
0.0,46.113,46.113,core 0 cpu_idle,0.695291814
0.0,46.113,46.113,core 1 cpu_idle,0.695291814
0.0,46.113,46.113,core 2 cpu_idle,0.695291814
0.0,21611.353859,21611.353859,core 3 cpu_idle start,325.855993486
21611.353859,46.113,-21565.240859,core 3 cpu_idle,-325.160701672
0.0,46.113,46.113,core 4 cpu_idle,0.695291814
0.0,46.113,46.113,core 5 cpu_idle,0.695291814
