Start Time (Seconds),End Time (Seconds),Duration (Seconds),Component,Energy Consumption (Joule)
0,35.675,35.675,screen medium,19.5183633
0,25.288,25.288,wifi radio,6.76412831136
25.288,29.413,4.125,wifi running,0.05615478
29.413,35.675,6.262,wifi radio,1.67498305464
0,35.675,35.675,phone_scanning,18.854431572
0.0,46.089,46.089,core 0 cpu_idle,0.694929942
0.0,46.089,46.089,core 1 cpu_idle,0.694929942
0.0,21611.418648,21611.418648,core 2 cpu_idle start,325.856970375
21611.418648,46.089,-21565.329648,core 2 cpu_idle,-325.162040433
0.0,46.089,46.089,core 3 cpu_idle,0.694929942
0.0,46.089,46.089,core 4 cpu_idle,0.694929942
0.0,46.089,46.089,core 5 cpu_idle,0.694929942
