Start Time (Seconds),End Time (Seconds),Duration (Seconds),Component,Energy Consumption (Joule)
0,35.652,35.652,screen medium,19.505779632
0,23.968,23.968,wifi running,0.32628309504
23.968,29.428,5.46,wifi scan,1.225479528
29.428,35.652,6.224,wifi running,0.08472905472
0,35.652,35.652,phone_scanning,18.8422759469
0.0,21611.672877,21611.672877,core 0 cpu_idle start,325.860803639
21611.672877,47.132,-21564.540877,core 0 cpu_idle,-325.150147343
0.0,47.132,47.132,core 1 cpu_idle,0.710656296
0.0,47.132,47.132,core 2 cpu_idle,0.710656296
0.0,47.132,47.132,core 3 cpu_idle,0.710656296
0.0,47.132,47.132,core 4 cpu_idle,0.710656296
0.0,47.132,47.132,core 5 cpu_idle,0.710656296
