Start Time (Seconds),End Time (Seconds),Duration (Seconds),Component,Energy Consumption (Joule)
0,35.679,35.679,screen medium,19.520551764
0,25.621,25.621,wifi radio,6.85320039012
25.621,30.563,4.942,wifi running,0.06727682976
30.563,35.679,5.116,wifi radio,1.36844671152
0,35.679,35.679,phone_scanning,18.8565455938
0.0,21611.392177,21611.392177,core 0 cpu_idle start,325.856571245
21611.392177,47.128,-21564.264177,core 0 cpu_idle,-325.145975261
0.0,47.128,47.128,core 1 cpu_idle,0.710595984
0.0,47.128,47.128,core 2 cpu_idle,0.710595984
0.0,47.128,47.128,core 3 cpu_idle,0.710595984
0.0,47.128,47.128,core 4 cpu_idle,0.710595984
0.0,47.128,47.128,core 5 cpu_idle,0.710595984
