Start Time (Seconds),End Time (Seconds),Duration (Seconds),Component,Energy Consumption (Joule)
0,35.614,35.614,screen medium,19.484989224
0,22.922,22.922,wifi running,0.31204360416
22.922,28.474,5.552,wifi scan,1.2461286336
28.474,35.614,7.14,wifi running,0.0971988192
0,35.614,35.614,phone_scanning,18.8221927402
0.0,46.166,46.166,core 0 cpu_idle,0.696090948
0.0,46.166,46.166,core 1 cpu_idle,0.696090948
0.0,46.166,46.166,core 2 cpu_idle,0.696090948
0.0,21611.510192,21611.510192,core 3 cpu_idle start,325.858350675
21611.510192,46.166,-21565.344192,core 3 cpu_idle,-325.162259727
0.0,46.166,46.166,core 4 cpu_idle,0.696090948
0.0,46.166,46.166,core 5 cpu_idle,0.696090948
