Start Time (Seconds),End Time (Seconds),Duration (Seconds),Component,Energy Consumption (Joule)
0,35.632,35.632,screen medium,19.521988896
0,25.776,25.776,wifi radio,6.90426295776
25.776,32.855,7.079,wifi running,0.09650262696
32.855,35.632,2.777,wifi radio,0.74383683402
0,35.632,35.632,phone_scanning,18.8579338406
0.0,47.074,47.074,core 0 cpu_idle,0.710770326
0.0,21611.511382,21611.511382,core 1 cpu_idle start,326.312210357
21611.511382,47.074,-21564.437382,core 1 cpu_idle,-325.601440031
0.0,47.074,47.074,core 2 cpu_idle,0.710770326
0.0,47.074,47.074,core 3 cpu_idle,0.710770326
0.0,47.074,47.074,core 4 cpu_idle,0.710770326
0.0,47.074,47.074,core 5 cpu_idle,0.710770326
