Start Time (Seconds),End Time (Seconds),Duration (Seconds),Component,Energy Consumption (Joule)
0,35.663,35.663,screen medium,19.538973114
0,35.663,35.663,wifi running,0.48616657512
0,35.663,35.663,phone_scanning,18.8743403278
0.0,47.132,47.132,core 0 cpu_idle,0.711646068
0.0,47.132,47.132,core 1 cpu_idle,0.711646068
0.0,47.132,47.132,core 2 cpu_idle,0.711646068
0.0,47.132,47.132,core 3 cpu_idle,0.711646068
0.0,21611.770823,21611.770823,core 4 cpu_idle start,326.316127656
21611.770823,47.132,-21564.638823,core 4 cpu_idle,-325.604481588
0.0,47.132,47.132,core 5 cpu_idle,0.711646068
