Start Time (Seconds),End Time (Seconds),Duration (Seconds),Component,Energy Consumption (Joule)
0,35.657,35.657,screen medium,19.535685846
0,20.455,20.455,wifi running,0.2788474692
20.455,25.896,5.441,wifi scan,1.2229158954
25.896,35.657,9.761,wifi running,0.13306429464
0,35.657,35.657,phone_scanning,18.8711648786
0.0,47.094,47.094,core 0 cpu_idle,0.711072306001
0.0,21611.57894,21611.57894,core 1 cpu_idle start,326.313230415
21611.57894,47.094,-21564.48494,core 1 cpu_idle,-325.602158109
0.0,47.094,47.094,core 2 cpu_idle,0.711072306001
0.0,47.094,47.094,core 3 cpu_idle,0.711072306001
0.0,47.094,47.094,core 4 cpu_idle,0.711072306001
0.0,47.094,47.094,core 5 cpu_idle,0.711072306001
