Start Time (Seconds),End Time (Seconds),Duration (Seconds),Component,Energy Consumption (Joule)
0,35.632,35.632,screen medium,19.521988896
0,35.632,35.632,wifi running,0.48574397568
0,35.632,35.632,phone_scanning,18.8579338406
0.0,47.083,47.083,core 0 cpu_idle,0.710906217
0.0,47.083,47.083,core 1 cpu_idle,0.710906217
0.0,21611.425427,21611.425427,core 2 cpu_idle start,326.310912522
21611.425427,47.083,-21564.342427,core 2 cpu_idle,-325.600006305
0.0,47.083,47.083,core 3 cpu_idle,0.710906217
0.0,47.083,47.083,core 4 cpu_idle,0.710906217
0.0,47.083,47.083,core 5 cpu_idle,0.710906217
