Start Time (Seconds),End Time (Seconds),Duration (Seconds),Component,Energy Consumption (Joule)
0,35.585,35.585,screen medium,19.49623863
0,0.461,0.461,wifi scan,0.1036140834
0.461,35.585,35.124,wifi running,0.47881879776
0,35.585,35.585,phone_scanning,18.8330594892
0.0,21611.655819,21611.655819,core 0 cpu_idle start,326.314391211
21611.655819,47.142,-21564.513819,core 0 cpu_idle,-325.602594153
0.0,47.142,47.142,core 1 cpu_idle,0.711797058
0.0,47.142,47.142,core 2 cpu_idle,0.711797058
0.0,47.142,47.142,core 3 cpu_idle,0.711797058
0.0,47.142,47.142,core 4 cpu_idle,0.711797058
0.0,47.142,47.142,core 5 cpu_idle,0.711797058
