Start Time (Seconds),End Time (Seconds),Duration (Seconds),Component,Energy Consumption (Joule)
0,35.681,35.681,screen medium,19.498988561
0,35.681,35.681,wifi running,0.48517168388
0,35.681,35.681,phone_scanning,18.8357158792
0.0,46.146,46.146,core 0 cpu_idle,0.694981833
0.0,46.146,46.146,core 1 cpu_idle,0.694981833
0.0,46.146,46.146,core 2 cpu_idle,0.694981833
0.0,46.146,46.146,core 3 cpu_idle,0.694981833
0.0,21611.835757,21611.835757,core 4 cpu_idle start,325.485052418
21611.835757,46.146,-21565.689757,core 4 cpu_idle,-324.790070585
0.0,46.146,46.146,core 5 cpu_idle,0.694981833
