Start Time (Seconds),End Time (Seconds),Duration (Seconds),Component,Energy Consumption (Joule)
0,35.63,35.63,screen medium,19.47111803
0,35.63,35.63,wifi running,0.4844782124
0,35.63,35.63,phone_scanning,18.8087933852
0.0,47.174,47.174,core 0 cpu_idle,0.710464027
0.0,47.174,47.174,core 1 cpu_idle,0.710464027
0.0,47.174,47.174,core 2 cpu_idle,0.710464027
0.0,21611.44696,21611.44696,core 3 cpu_idle start,325.479196941
21611.44696,47.174,-21564.27296,core 3 cpu_idle,-324.768732914
0.0,47.174,47.174,core 4 cpu_idle,0.710464027
0.0,47.174,47.174,core 5 cpu_idle,0.710464027
