Start Time (Seconds),End Time (Seconds),Duration (Seconds),Component,Energy Consumption (Joule)
0,35.606,35.606,screen medium,19.458002486
0,27.778,27.778,wifi radio,7.42153909406
27.778,35.606,7.828,wifi running,0.10644107344
0,35.606,35.606,phone_scanning,18.7961239762
0.0,21611.665863,21611.665863,core 0 cpu_idle start,325.48249373
21611.665863,47.121,-21564.544863,core 0 cpu_idle,-324.772827909
0.0,47.121,47.121,core 1 cpu_idle,0.709665820501
0.0,47.121,47.121,core 2 cpu_idle,0.709665820501
0.0,47.121,47.121,core 3 cpu_idle,0.709665820501
0.0,47.121,47.121,core 4 cpu_idle,0.709665820501
0.0,47.121,47.121,core 5 cpu_idle,0.709665820501
