Start Time (Seconds),End Time (Seconds),Duration (Seconds),Component,Energy Consumption (Joule)
0,35.597,35.597,screen medium,19.453084157
0,35.597,35.597,wifi running,0.48402949556
0,35.597,35.597,phone_scanning,18.7913729479
0.0,46.16,46.16,core 0 cpu_idle,0.69519268
0.0,46.16,46.16,core 1 cpu_idle,0.69519268
0.0,46.16,46.16,core 2 cpu_idle,0.69519268
0.0,46.16,46.16,core 3 cpu_idle,0.69519268
0.0,21611.574864,21611.574864,core 4 cpu_idle start,325.481123239
21611.574864,46.16,-21565.414864,core 4 cpu_idle,-324.785930559
0.0,46.16,46.16,core 5 cpu_idle,0.69519268
