Start Time (Seconds),End Time (Seconds),Duration (Seconds),Component,Energy Consumption (Joule)
0,35.649,35.649,screen medium,19.481501169
0,10.366,10.366,wifi running,0.14095147768
10.366,10.514,0.148,wifi scan,0.0331795724
10.514,25.5,14.986,wifi radio,4.00385862422
25.5,32.909,7.409,wifi running,0.10074372932
32.909,35.649,2.74,wifi radio,0.7320547598
0,35.649,35.649,phone_scanning,18.818823334
0.0,46.132,46.132,core 0 cpu_idle,0.694770986
0.0,21611.609984,21611.609984,core 1 cpu_idle start,325.481652164
21611.609984,46.132,-21565.477984,core 1 cpu_idle,-324.786881178
0.0,46.132,46.132,core 2 cpu_idle,0.694770986
0.0,46.132,46.132,core 3 cpu_idle,0.694770986
0.0,46.132,46.132,core 4 cpu_idle,0.694770986
0.0,46.132,46.132,core 5 cpu_idle,0.694770986
