Start Time (Seconds),End Time (Seconds),Duration (Seconds),Component,Energy Consumption (Joule)
0,35.616,35.616,screen medium,19.508699616
0,35.616,35.616,wifi running,0.48541331328
0,35.616,35.616,phone_scanning,18.8450966054
0.0,47.075,47.075,core 0 cpu_idle,0.7106206625
0.0,21611.435029,21611.435029,core 1 cpu_idle start,326.23541748
21611.435029,47.075,-21564.360029,core 1 cpu_idle,-325.524796818
0.0,47.075,47.075,core 2 cpu_idle,0.7106206625
0.0,47.075,47.075,core 3 cpu_idle,0.7106206625
0.0,47.075,47.075,core 4 cpu_idle,0.7106206625
0.0,47.075,47.075,core 5 cpu_idle,0.7106206625
