Start Time (Seconds),End Time (Seconds),Duration (Seconds),Component,Energy Consumption (Joule)
0,35.65,35.65,screen medium,19.52732315
0,35.65,35.65,wifi running,0.485876702
0,35.65,35.65,phone_scanning,18.863086646
0.0,47.095,47.095,core 0 cpu_idle,0.7109225725
0.0,47.095,47.095,core 1 cpu_idle,0.7109225725
0.0,47.095,47.095,core 2 cpu_idle,0.7109225725
0.0,21611.597724,21611.597724,core 3 cpu_idle start,326.237873443
21611.597724,47.095,-21564.502724,core 3 cpu_idle,-325.52695087
0.0,47.095,47.095,core 4 cpu_idle,0.7109225725
0.0,47.095,47.095,core 5 cpu_idle,0.7109225725
