Start Time (Seconds),End Time (Seconds),Duration (Seconds),Component,Energy Consumption (Joule)
0,35.629,35.629,screen medium,19.515820379
0,10.458,10.458,wifi running,0.14253291864
10.458,10.709,0.251,wifi scan,0.0564015323
10.709,31.456,20.747,wifi radio,5.55592564499
31.456,35.629,4.173,wifi running,0.05687415084
0,35.629,35.629,phone_scanning,18.8519751504
0.0,46.083,46.083,core 0 cpu_idle,0.6956459265
0.0,46.083,46.083,core 1 cpu_idle,0.6956459265
0.0,21611.374919,21611.374919,core 2 cpu_idle start,326.23451009
21611.374919,46.083,-21565.291919,core 2 cpu_idle,-325.538864163
0.0,46.083,46.083,core 3 cpu_idle,0.6956459265
0.0,46.083,46.083,core 4 cpu_idle,0.6956459265
0.0,46.083,46.083,core 5 cpu_idle,0.6956459265
