Start Time (Seconds),End Time (Seconds),Duration (Seconds),Component,Energy Consumption (Joule)
0,35.593,35.593,screen medium,19.496101343
0,35.593,35.593,wifi running,0.48509984444
0,35.593,35.593,phone_scanning,18.8329268721
0.0,47.103,47.103,core 0 cpu_idle,0.7110433365
0.0,47.103,47.103,core 1 cpu_idle,0.7110433365
0.0,47.103,47.103,core 2 cpu_idle,0.7110433365
0.0,47.103,47.103,core 3 cpu_idle,0.7110433365
0.0,21611.297838,21611.297838,core 4 cpu_idle start,326.233346514
21611.297838,47.103,-21564.194838,core 4 cpu_idle,-325.522303177
0.0,47.103,47.103,core 5 cpu_idle,0.7110433365
