Start Time (Seconds),End Time (Seconds),Duration (Seconds),Component,Energy Consumption (Joule)
0,35.563,35.563,screen medium,19.479668813
0,35.563,35.563,wifi running,0.48469097204
0,35.563,35.563,phone_scanning,18.8170533069
0.0,47.097,47.097,core 0 cpu_idle,0.7109527635
0.0,47.097,47.097,core 1 cpu_idle,0.7109527635
0.0,47.097,47.097,core 2 cpu_idle,0.7109527635
0.0,47.097,47.097,core 3 cpu_idle,0.7109527635
0.0,47.097,47.097,core 4 cpu_idle,0.7109527635
0.0,21611.484782,21611.484782,core 5 cpu_idle start,326.236168527
21611.484782,47.097,-21564.387782,core 5 cpu_idle,-325.525215763
