Start Time (Seconds),End Time (Seconds),Duration (Seconds),Component,Energy Consumption (Joule)
0,35.643,35.643,screen medium,19.64570874
0,33.673,33.673,wifi radio,9.0738835138
33.673,35.643,1.97,wifi running,0.027017368
0,35.643,35.643,phone_scanning,18.9774452616
0.0,21611.622816,21611.622816,core 0 cpu_idle start,328.280550575
21611.622816,47.161,-21564.461816,core 0 cpu_idle,-327.564174985
0.0,47.161,47.161,core 1 cpu_idle,0.71637559
0.0,47.161,47.161,core 2 cpu_idle,0.71637559
0.0,47.161,47.161,core 3 cpu_idle,0.71637559
0.0,47.161,47.161,core 4 cpu_idle,0.71637559
0.0,47.161,47.161,core 5 cpu_idle,0.71637559
