Start Time (Seconds),End Time (Seconds),Duration (Seconds),Component,Energy Consumption (Joule)
0,35.654,35.654,screen medium,19.65177172
0,31.613,31.613,wifi radio,8.5187740778
31.613,33.324,1.711,wifi running,0.0234653384
33.324,35.654,2.33,wifi radio,0.627866498
0,35.654,35.654,phone_scanning,18.9833020048
0.0,46.144,46.144,core 0 cpu_idle,0.70092736
0.0,21611.569873,21611.569873,core 1 cpu_idle start,328.279746371
21611.569873,46.144,-21565.425873,core 1 cpu_idle,-327.578819011
0.0,46.144,46.144,core 2 cpu_idle,0.70092736
0.0,46.144,46.144,core 3 cpu_idle,0.70092736
0.0,46.144,46.144,core 4 cpu_idle,0.70092736
0.0,46.144,46.144,core 5 cpu_idle,0.70092736
