Start Time (Seconds),End Time (Seconds),Duration (Seconds),Component,Energy Consumption (Joule)
0,35.585,35.585,screen medium,19.6137403
0,22.357,22.357,wifi running,0.3066128408
22.357,27.674,5.317,wifi scan,1.202248138
27.674,35.585,7.911,wifi running,0.1084946184
0,35.585,35.585,phone_scanning,18.946564252
0.0,46.057,46.057,core 0 cpu_idle,0.69960583
0.0,46.057,46.057,core 1 cpu_idle,0.69960583
0.0,46.057,46.057,core 2 cpu_idle,0.69960583
0.0,21611.471893,21611.471893,core 3 cpu_idle start,328.278258055
21611.471893,46.057,-21565.414893,core 3 cpu_idle,-327.578652225
0.0,46.057,46.057,core 4 cpu_idle,0.69960583
0.0,46.057,46.057,core 5 cpu_idle,0.69960583
