Start Time (Seconds),End Time (Seconds),Duration (Seconds),Component,Energy Consumption (Joule)
0,35.644,35.644,screen medium,19.64625992
0,10.397,10.397,wifi running,0.1425886168
10.397,10.652,0.255,wifi scan,0.05765907
10.652,30.571,19.919,wifi radio,5.3675848814
30.571,32.695,2.124,wifi running,0.0291293856
32.695,35.644,2.949,wifi radio,0.7946687994
0,35.644,35.644,phone_scanning,18.9779776928
0.0,47.099,47.099,core 0 cpu_idle,0.71543381
0.0,21611.644458,21611.644458,core 1 cpu_idle start,328.280879317
21611.644458,47.099,-21564.545458,core 1 cpu_idle,-327.565445507
0.0,47.099,47.099,core 2 cpu_idle,0.71543381
0.0,47.099,47.099,core 3 cpu_idle,0.71543381
0.0,47.099,47.099,core 4 cpu_idle,0.71543381
0.0,47.099,47.099,core 5 cpu_idle,0.71543381
