Start Time (Seconds),End Time (Seconds),Duration (Seconds),Component,Energy Consumption (Joule)
0,35.578,35.578,screen medium,19.60988204
0,23.878,23.878,wifi running,0.3274724432
23.878,29.322,5.444,wifi scan,1.230964616
29.322,35.578,6.256,wifi running,0.0857972864
0,35.578,35.578,phone_scanning,18.9428372336
0.0,46.131,46.131,core 0 cpu_idle,0.70072989
0.0,21611.408062,21611.408062,core 1 cpu_idle start,328.277288462
21611.408062,46.131,-21565.277062,core 1 cpu_idle,-327.576558572
0.0,46.131,46.131,core 2 cpu_idle,0.70072989
0.0,46.131,46.131,core 3 cpu_idle,0.70072989
0.0,46.131,46.131,core 4 cpu_idle,0.70072989
0.0,46.131,46.131,core 5 cpu_idle,0.70072989
