Start Time (Seconds),End Time (Seconds),Duration (Seconds),Component,Energy Consumption (Joule)
0,35.671,35.671,screen medium,19.57053744
0,20.053,20.053,wifi running,0.2737475136
20.053,25.441,5.388,wifi scan,1.212687936
25.441,35.671,10.23,wifi running,0.139651776
0,35.671,35.671,phone_scanning,18.9048309696
0.0,47.096,47.096,core 0 cpu_idle,0.71209152
0.0,47.096,47.096,core 1 cpu_idle,0.71209152
0.0,21611.504907,21611.504907,core 2 cpu_idle start,326.765954194
21611.504907,47.096,-21564.408907,core 2 cpu_idle,-326.053862674
0.0,47.096,47.096,core 3 cpu_idle,0.71209152
0.0,47.096,47.096,core 4 cpu_idle,0.71209152
0.0,47.096,47.096,core 5 cpu_idle,0.71209152
