Start Time (Seconds),End Time (Seconds),Duration (Seconds),Component,Energy Consumption (Joule)
0,35.604,35.604,screen medium,19.53377856
0,19.637,19.637,wifi running,0.2680686144
19.637,25.132,5.495,wifi scan,1.23677064
25.132,35.604,10.472,wifi running,0.1429553664
0,35.604,35.604,phone_scanning,18.8693224704
0.0,21611.506839,21611.506839,core 0 cpu_idle start,326.765983406
21611.506839,47.085,-21564.421839,core 0 cpu_idle,-326.054058206
0.0,47.085,47.085,core 1 cpu_idle,0.7119252
0.0,47.085,47.085,core 2 cpu_idle,0.7119252
0.0,47.085,47.085,core 3 cpu_idle,0.7119252
0.0,47.085,47.085,core 4 cpu_idle,0.7119252
0.0,47.085,47.085,core 5 cpu_idle,0.7119252
