Start Time (Seconds),End Time (Seconds),Duration (Seconds),Component,Energy Consumption (Joule)
0,35.678,35.678,screen medium,19.57437792
0,20.085,20.085,wifi running,0.274184352
20.085,25.552,5.467,wifi scan,1.230468624
25.552,35.678,10.126,wifi running,0.1382320512
0,35.678,35.678,phone_scanning,18.9085408128
0.0,47.115,47.115,core 0 cpu_idle,0.7123788
0.0,21611.916341,21611.916341,core 1 cpu_idle start,326.772175076
21611.916341,47.115,-21564.801341,core 1 cpu_idle,-326.059796276
0.0,47.115,47.115,core 2 cpu_idle,0.7123788
0.0,47.115,47.115,core 3 cpu_idle,0.7123788
0.0,47.115,47.115,core 4 cpu_idle,0.7123788
0.0,47.115,47.115,core 5 cpu_idle,0.7123788
