Start Time (Seconds),End Time (Seconds),Duration (Seconds),Component,Energy Consumption (Joule)
0,35.663,35.663,screen medium,19.56614832
0,20.218,20.218,wifi running,0.2759999616
20.218,25.605,5.387,wifi scan,1.212462864
25.605,35.663,10.058,wifi running,0.1373037696
0,35.663,35.663,phone_scanning,18.9005911488
0.0,21611.438679,21611.438679,core 0 cpu_idle start,326.764952826
21611.438679,47.072,-21564.366679,core 0 cpu_idle,-326.053224186
0.0,47.072,47.072,core 1 cpu_idle,0.71172864
0.0,47.072,47.072,core 2 cpu_idle,0.71172864
0.0,47.072,47.072,core 3 cpu_idle,0.71172864
0.0,47.072,47.072,core 4 cpu_idle,0.71172864
0.0,47.072,47.072,core 5 cpu_idle,0.71172864
