Start Time (Seconds),End Time (Seconds),Duration (Seconds),Component,Energy Consumption (Joule)
0,35.65,35.65,screen medium,19.559016
0,35.65,35.65,wifi running,0.48666528
0,35.65,35.65,phone_scanning,18.89370144
0.0,46.093,46.093,core 0 cpu_idle,0.69692616
0.0,21611.401307,21611.401307,core 1 cpu_idle start,326.764387762
21611.401307,46.093,-21565.308307,core 1 cpu_idle,-326.067461602
0.0,46.093,46.093,core 2 cpu_idle,0.69692616
0.0,46.093,46.093,core 3 cpu_idle,0.69692616
0.0,46.093,46.093,core 4 cpu_idle,0.69692616
0.0,46.093,46.093,core 5 cpu_idle,0.69692616
