Start Time (Seconds),End Time (Seconds),Duration (Seconds),Component,Energy Consumption (Joule)
0,35.604,35.604,screen medium,19.493083188
0,20.23,20.23,wifi running,0.2755884348
20.23,25.671,5.441,wifi scan,1.2220654671
25.671,35.604,9.933,wifi running,0.13531487508
0,35.604,35.604,phone_scanning,18.8300113819
0.0,46.114,46.114,core 0 cpu_idle,0.695791089
0.0,21611.423071,21611.423071,core 1 cpu_idle start,326.083957007
21611.423071,46.114,-21565.309071,core 1 cpu_idle,-325.388165918
0.0,46.114,46.114,core 2 cpu_idle,0.695791089
0.0,46.114,46.114,core 3 cpu_idle,0.695791089
0.0,46.114,46.114,core 4 cpu_idle,0.695791089
0.0,46.114,46.114,core 5 cpu_idle,0.695791089
