Start Time (Seconds),End Time (Seconds),Duration (Seconds),Component,Energy Consumption (Joule)
0,35.635,35.635,screen medium,19.510055595
0,24.423,24.423,wifi running,0.33270866748
24.423,29.853,5.43,wifi scan,1.219594833
29.853,35.635,5.782,wifi running,0.07876679832
0,35.635,35.635,phone_scanning,18.8464064598
0.0,21611.425118,21611.425118,core 0 cpu_idle start,326.083987893
21611.425118,46.153,-21565.272118,core 0 cpu_idle,-325.387608352
0.0,46.153,46.153,core 1 cpu_idle,0.6963795405
0.0,46.153,46.153,core 2 cpu_idle,0.6963795405
0.0,46.153,46.153,core 3 cpu_idle,0.6963795405
0.0,46.153,46.153,core 4 cpu_idle,0.6963795405
0.0,46.153,46.153,core 5 cpu_idle,0.6963795405
