Start Time (Seconds),End Time (Seconds),Duration (Seconds),Component,Energy Consumption (Joule)
0,35.651,35.651,screen medium,19.518815547
0,21.549,21.549,wifi running,0.29355685524
21.549,27.078,5.529,wifi scan,1.2418305399
27.078,35.651,8.573,wifi running,0.11678792148
0,35.651,35.651,phone_scanning,18.8548684355
0.0,21611.708842,21611.708842,core 0 cpu_idle start,326.088268863
21611.708842,47.09,-21564.618842,core 0 cpu_idle,-325.377751398
0.0,47.09,47.09,core 1 cpu_idle,0.710517465
0.0,47.09,47.09,core 2 cpu_idle,0.710517465
0.0,47.09,47.09,core 3 cpu_idle,0.710517465
0.0,47.09,47.09,core 4 cpu_idle,0.710517465
0.0,47.09,47.09,core 5 cpu_idle,0.710517465
