Start Time (Seconds),End Time (Seconds),Duration (Seconds),Component,Energy Consumption (Joule)
0,35.607,35.607,screen medium,19.494725679
0,26.505,26.505,wifi radio,7.09459308495
26.505,28.553,2.048,wifi running,0.02789941248
28.553,35.607,7.054,wifi radio,1.88814410946
0,35.607,35.607,phone_scanning,18.8315980024
0.0,46.1,46.1,core 0 cpu_idle,0.69557985
0.0,46.1,46.1,core 1 cpu_idle,0.69557985
0.0,21611.622037,21611.622037,core 2 cpu_idle start,326.086959105
21611.622037,46.1,-21565.522037,core 2 cpu_idle,-325.391379255
0.0,46.1,46.1,core 3 cpu_idle,0.69557985
0.0,46.1,46.1,core 4 cpu_idle,0.69557985
0.0,46.1,46.1,core 5 cpu_idle,0.69557985
