Start Time (Seconds),End Time (Seconds),Duration (Seconds),Component,Energy Consumption (Joule)
0,35.658,35.658,screen medium,19.685676402
0,35.658,35.658,wifi running,0.48981683016
0,35.658,35.658,phone_scanning,19.0160533937
0.0,47.143,47.143,core 0 cpu_idle,0.7172571735
0.0,21611.512766,21611.512766,core 1 cpu_idle start,328.808360978
21611.512766,47.143,-21564.369766,core 1 cpu_idle,-328.091103805
0.0,47.143,47.143,core 2 cpu_idle,0.7172571735
0.0,47.143,47.143,core 3 cpu_idle,0.7172571735
0.0,47.143,47.143,core 4 cpu_idle,0.7172571735
0.0,47.143,47.143,core 5 cpu_idle,0.7172571735
