Start Time (Seconds),End Time (Seconds),Duration (Seconds),Component,Energy Consumption (Joule)
0,35.677,35.677,screen medium,19.696165713
0,35.677,35.677,wifi running,0.49007782404
0,35.677,35.677,phone_scanning,19.0261859029
0.0,47.095,47.095,core 0 cpu_idle,0.7165268775
0.0,21611.480831,21611.480831,core 1 cpu_idle start,328.807875103
21611.480831,47.095,-21564.385831,core 1 cpu_idle,-328.091348226
0.0,47.095,47.095,core 2 cpu_idle,0.7165268775
0.0,47.095,47.095,core 3 cpu_idle,0.7165268775
0.0,47.095,47.095,core 4 cpu_idle,0.7165268775
0.0,47.095,47.095,core 5 cpu_idle,0.7165268775
