Start Time (Seconds),End Time (Seconds),Duration (Seconds),Component,Energy Consumption (Joule)
0,35.656,35.656,screen medium,19.684572264
0,25.706,25.706,wifi radio,6.93818384238
25.706,30.954,5.248,wifi running,0.07208925696
30.954,35.656,4.702,wifi radio,1.26909439146
0,35.656,35.656,phone_scanning,19.0149868138
0.0,47.097,47.097,core 0 cpu_idle,0.7165573065
0.0,21611.622189,21611.622189,core 1 cpu_idle start,328.810025795
21611.622189,47.097,-21564.525189,core 1 cpu_idle,-328.093468488
0.0,47.097,47.097,core 2 cpu_idle,0.7165573065
0.0,47.097,47.097,core 3 cpu_idle,0.7165573065
0.0,47.097,47.097,core 4 cpu_idle,0.7165573065
0.0,47.097,47.097,core 5 cpu_idle,0.7165573065
