Start Time (Seconds),End Time (Seconds),Duration (Seconds),Component,Energy Consumption (Joule)
0,35.66,35.66,screen medium,19.68678054
0,35.66,35.66,wifi running,0.4898443032
0,35.66,35.66,phone_scanning,19.0171199736
0.0,46.078,46.078,core 0 cpu_idle,0.701053731
0.0,46.078,46.078,core 1 cpu_idle,0.701053731
0.0,46.078,46.078,core 2 cpu_idle,0.701053731
0.0,21611.333159,21611.333159,core 3 cpu_idle start,328.805628348
21611.333159,46.078,-21565.255159,core 3 cpu_idle,-328.104574617
0.0,46.078,46.078,core 4 cpu_idle,0.701053731
0.0,46.078,46.078,core 5 cpu_idle,0.701053731
