Start Time (Seconds),End Time (Seconds),Duration (Seconds),Component,Energy Consumption (Joule)
0,35.672,35.672,screen medium,19.693405368
0,19.133,19.133,wifi running,0.26282083716
19.133,19.413,0.28,wifi scan,0.063414036
19.413,35.672,16.259,wifi running,0.22334207868
0,35.672,35.672,phone_scanning,19.0235194531
0.0,21611.491825,21611.491825,core 0 cpu_idle start,328.808042371
21611.491825,47.101,-21564.390825,core 0 cpu_idle,-328.091424207
0.0,47.101,47.101,core 1 cpu_idle,0.716618164499
0.0,47.101,47.101,core 2 cpu_idle,0.716618164499
0.0,47.101,47.101,core 3 cpu_idle,0.716618164499
0.0,47.101,47.101,core 4 cpu_idle,0.716618164499
0.0,47.101,47.101,core 5 cpu_idle,0.716618164499
