Start Time (Seconds),End Time (Seconds),Duration (Seconds),Component,Energy Consumption (Joule)
0,35.56,35.56,screen medium,19.4644772
0,35.56,35.56,wifi running,0.484312976
0,35.56,35.56,phone_scanning,18.802378448
0.0,21611.541635,21611.541635,core 0 cpu_idle start,326.010105564
21611.541635,46.096,-21565.445635,core 0 cpu_idle,-325.314747404
0.0,46.096,46.096,core 1 cpu_idle,0.69535816
0.0,46.096,46.096,core 2 cpu_idle,0.69535816
0.0,46.096,46.096,core 3 cpu_idle,0.69535816
0.0,46.096,46.096,core 4 cpu_idle,0.69535816
0.0,46.096,46.096,core 5 cpu_idle,0.69535816
