Start Time (Seconds),End Time (Seconds),Duration (Seconds),Component,Energy Consumption (Joule)
0,35.621,35.621,screen medium,19.49786677
0,25.921,25.921,wifi radio,6.9366643759
25.921,27.673,1.752,wifi running,0.0238615392
27.673,35.621,7.948,wifi radio,2.1269475892
0,35.621,35.621,phone_scanning,18.8346322468
0.0,46.065,46.065,core 0 cpu_idle,0.694890525
0.0,46.065,46.065,core 1 cpu_idle,0.694890525
0.0,46.065,46.065,core 2 cpu_idle,0.694890525
0.0,21611.540943,21611.540943,core 3 cpu_idle start,326.010095125
21611.540943,46.065,-21565.475943,core 3 cpu_idle,-325.3152046
0.0,46.065,46.065,core 4 cpu_idle,0.694890525
0.0,46.065,46.065,core 5 cpu_idle,0.694890525
