Start Time (Seconds),End Time (Seconds),Duration (Seconds),Component,Energy Consumption (Joule)
0,35.617,35.617,screen medium,19.49567729
0,35.617,35.617,wifi running,0.4850892932
0,35.617,35.617,phone_scanning,18.8325172436
0.0,47.126,47.126,core 0 cpu_idle,0.71089571
0.0,21611.482095,21611.482095,core 1 cpu_idle start,326.009207403
21611.482095,47.126,-21564.356095,core 1 cpu_idle,-325.298311693
0.0,47.126,47.126,core 2 cpu_idle,0.71089571
0.0,47.126,47.126,core 3 cpu_idle,0.71089571
0.0,47.126,47.126,core 4 cpu_idle,0.71089571
0.0,47.126,47.126,core 5 cpu_idle,0.71089571
