Start Time (Seconds),End Time (Seconds),Duration (Seconds),Component,Energy Consumption (Joule)
0,35.707,35.707,screen medium,19.54494059
0,25.553,25.553,wifi radio,6.8381846687
25.553,27.102,1.549,wifi running,0.0210967604
27.102,35.707,8.605,wifi radio,2.3027659795
0,35.707,35.707,phone_scanning,18.8801048156
0.0,46.12,46.12,core 0 cpu_idle,0.6957202
0.0,46.12,46.12,core 1 cpu_idle,0.6957202
0.0,46.12,46.12,core 2 cpu_idle,0.6957202
0.0,21611.523899,21611.523899,core 3 cpu_idle start,326.009838016
21611.523899,46.12,-21565.403899,core 3 cpu_idle,-325.314117816
0.0,46.12,46.12,core 4 cpu_idle,0.6957202
0.0,46.12,46.12,core 5 cpu_idle,0.6957202
