Start Time (Seconds),End Time (Seconds),Duration (Seconds),Component,Energy Consumption (Joule)
0,35.628,35.628,screen medium,19.50169836
0,35.628,35.628,wifi running,0.4852391088
0,35.628,35.628,phone_scanning,18.8383335024
0.0,21611.464074,21611.464074,core 0 cpu_idle start,326.008935556
21611.464074,46.117,-21565.347074,core 0 cpu_idle,-325.313260611
0.0,46.117,46.117,core 1 cpu_idle,0.695674945
0.0,46.117,46.117,core 2 cpu_idle,0.695674945
0.0,46.117,46.117,core 3 cpu_idle,0.695674945
0.0,46.117,46.117,core 4 cpu_idle,0.695674945
0.0,46.117,46.117,core 5 cpu_idle,0.695674945
