Start Time (Seconds),End Time (Seconds),Duration (Seconds),Component,Energy Consumption (Joule)
0,35.581,35.581,screen medium,19.56634771
0,24.178,24.178,wifi radio,6.5002480466
24.178,24.647,0.469,wifi running,0.0064172332
24.647,35.581,10.934,wifi radio,2.9396026198
0,35.581,35.581,phone_scanning,18.9007837564
0.0,47.142,47.142,core 0 cpu_idle,0.71443701
0.0,21611.537541,21611.537541,core 1 cpu_idle start,327.522851434
21611.537541,47.142,-21564.395541,core 1 cpu_idle,-326.808414424
0.0,47.142,47.142,core 2 cpu_idle,0.71443701
0.0,47.142,47.142,core 3 cpu_idle,0.71443701
0.0,47.142,47.142,core 4 cpu_idle,0.71443701
0.0,47.142,47.142,core 5 cpu_idle,0.71443701
