Start Time (Seconds),End Time (Seconds),Duration (Seconds),Component,Energy Consumption (Joule)
0,35.583,35.583,screen medium,19.56744753
0,35.583,35.583,wifi scan,8.027275719
0,35.583,35.583,phone_scanning,18.9018461652
0.0,21611.433218,21611.433218,core 0 cpu_idle start,327.521270419
21611.433218,46.09,-21565.343218,core 0 cpu_idle,-326.822776469
0.0,46.09,46.09,core 1 cpu_idle,0.69849395
0.0,46.09,46.09,core 2 cpu_idle,0.69849395
0.0,46.09,46.09,core 3 cpu_idle,0.69849395
0.0,46.09,46.09,core 4 cpu_idle,0.69849395
0.0,46.09,46.09,core 5 cpu_idle,0.69849395
