Start Time (Seconds),End Time (Seconds),Duration (Seconds),Component,Energy Consumption (Joule)
0,35.658,35.658,screen medium,19.60869078
0,35.658,35.658,wifi running,0.4879012824
0,35.658,35.658,phone_scanning,18.9416864952
0.0,46.132,46.132,core 0 cpu_idle,0.69913046
0.0,46.132,46.132,core 1 cpu_idle,0.69913046
0.0,21611.375621,21611.375621,core 2 cpu_idle start,327.520397536
21611.375621,46.132,-21565.243621,core 2 cpu_idle,-326.821267076
0.0,46.132,46.132,core 3 cpu_idle,0.69913046
0.0,46.132,46.132,core 4 cpu_idle,0.69913046
0.0,46.132,46.132,core 5 cpu_idle,0.69913046
