Start Time (Seconds),End Time (Seconds),Duration (Seconds),Component,Energy Consumption (Joule)
0,35.57,35.57,screen medium,19.5602987
0,35.57,35.57,wifi running,0.486697196
0,35.57,35.57,phone_scanning,18.894940508
0.0,21611.746123,21611.746123,core 0 cpu_idle start,327.526012494
21611.746123,46.14,-21565.606123,core 0 cpu_idle,-326.826760794
0.0,46.14,46.14,core 1 cpu_idle,0.6992517
0.0,46.14,46.14,core 2 cpu_idle,0.6992517
0.0,46.14,46.14,core 3 cpu_idle,0.6992517
0.0,46.14,46.14,core 4 cpu_idle,0.6992517
0.0,46.14,46.14,core 5 cpu_idle,0.6992517
