Start Time (Seconds),End Time (Seconds),Duration (Seconds),Component,Energy Consumption (Joule)
0,35.628,35.628,screen medium,19.59219348
0,13.423,13.423,wifi running,0.1836642244
13.423,13.68,0.257,wifi scan,0.057977401
13.68,35.628,21.948,wifi running,0.3003100944
0,35.628,35.628,phone_scanning,18.9257503632
0.0,47.073,47.073,core 0 cpu_idle,0.713391315
0.0,47.073,47.073,core 1 cpu_idle,0.713391315
0.0,47.073,47.073,core 2 cpu_idle,0.713391315
0.0,47.073,47.073,core 3 cpu_idle,0.713391315
0.0,21611.458959,21611.458959,core 4 cpu_idle start,327.521660524
21611.458959,47.073,-21564.385959,core 4 cpu_idle,-326.808269209
0.0,47.073,47.073,core 5 cpu_idle,0.713391315
