Start Time (Seconds),End Time (Seconds),Duration (Seconds),Component,Energy Consumption (Joule)
0,35.697,35.697,screen medium,19.607469675
0,33.934,33.934,wifi radio,9.1126109095
33.934,35.072,1.138,wifi running,0.015553046
35.072,35.697,0.625,wifi radio,0.16783703125
0,35.697,35.697,phone_scanning,18.940506927
0.0,46.083,46.083,core 0 cpu_idle,0.6975814125
0.0,46.083,46.083,core 1 cpu_idle,0.6975814125
0.0,46.083,46.083,core 2 cpu_idle,0.6975814125
0.0,21611.456958,21611.456958,core 3 cpu_idle start,327.143429702
21611.456958,46.083,-21565.373958,core 3 cpu_idle,-326.445848289
0.0,46.083,46.083,core 4 cpu_idle,0.6975814125
0.0,46.083,46.083,core 5 cpu_idle,0.6975814125
