Start Time (Seconds),End Time (Seconds),Duration (Seconds),Component,Energy Consumption (Joule)
0,35.715,35.715,screen medium,19.617356625
0,35.715,35.715,wifi scan,8.0477502375
0,35.715,35.715,phone_scanning,18.950057565
0.0,47.024,47.024,core 0 cpu_idle,0.7118258
0.0,21611.209678,21611.209678,core 1 cpu_idle start,327.139686501
21611.209678,47.024,-21564.185678,core 1 cpu_idle,-326.427860701
0.0,47.024,47.024,core 2 cpu_idle,0.7118258
0.0,47.024,47.024,core 3 cpu_idle,0.7118258
0.0,47.024,47.024,core 4 cpu_idle,0.7118258
0.0,47.024,47.024,core 5 cpu_idle,0.7118258
