Start Time (Seconds),End Time (Seconds),Duration (Seconds),Component,Energy Consumption (Joule)
0,35.587,35.587,screen medium,19.547049425
0,35.587,35.587,wifi running,0.486367529
0,35.587,35.587,phone_scanning,18.882141917
0.0,47.135,47.135,core 0 cpu_idle,0.7135060625
0.0,47.135,47.135,core 1 cpu_idle,0.7135060625
0.0,47.135,47.135,core 2 cpu_idle,0.7135060625
0.0,21611.558115,21611.558115,core 3 cpu_idle start,327.144960966
21611.558115,47.135,-21564.423115,core 3 cpu_idle,-326.431454903
0.0,47.135,47.135,core 4 cpu_idle,0.7135060625
0.0,47.135,47.135,core 5 cpu_idle,0.7135060625
