Start Time (Seconds),End Time (Seconds),Duration (Seconds),Component,Energy Consumption (Joule)
0,35.617,35.617,screen medium,19.563527675
0,35.617,35.617,wifi running,0.486777539
0,35.617,35.617,phone_scanning,18.898059647
0.0,46.144,46.144,core 0 cpu_idle,0.6985048
0.0,21611.328534,21611.328534,core 1 cpu_idle start,327.141485683
21611.328534,46.144,-21565.184534,core 1 cpu_idle,-326.442980883
0.0,46.144,46.144,core 2 cpu_idle,0.6985048
0.0,46.144,46.144,core 3 cpu_idle,0.6985048
0.0,46.144,46.144,core 4 cpu_idle,0.6985048
0.0,46.144,46.144,core 5 cpu_idle,0.6985048
