Start Time (Seconds),End Time (Seconds),Duration (Seconds),Component,Energy Consumption (Joule)
0,35.63,35.63,screen medium,19.57066825
0,35.63,35.63,wifi running,0.48695521
0,35.63,35.63,phone_scanning,18.90495733
0.0,46.132,46.132,core 0 cpu_idle,0.69832315
0.0,21611.824858,21611.824858,core 1 cpu_idle start,327.148998788
21611.824858,46.132,-21565.692858,core 1 cpu_idle,-326.450675638
0.0,46.132,46.132,core 2 cpu_idle,0.69832315
0.0,46.132,46.132,core 3 cpu_idle,0.69832315
0.0,46.132,46.132,core 4 cpu_idle,0.69832315
0.0,46.132,46.132,core 5 cpu_idle,0.69832315
