Start Time (Seconds),End Time (Seconds),Duration (Seconds),Component,Energy Consumption (Joule)
0,35.656,35.656,screen medium,19.503439784
0,24.942,24.942,wifi radio,6.67003029546
24.942,28.386,3.444,wifi running,0.04687325328
28.386,35.656,7.27,wifi radio,1.9441552501
0,35.656,35.656,phone_scanning,18.8400156906
0.0,21611.760821,21611.760821,core 0 cpu_idle start,325.786488496
21611.760821,47.074,-21564.686821,core 0 cpu_idle,-325.076871483
0.0,47.074,47.074,core 1 cpu_idle,0.709617013
0.0,47.074,47.074,core 2 cpu_idle,0.709617013
0.0,47.074,47.074,core 3 cpu_idle,0.709617013
0.0,47.074,47.074,core 4 cpu_idle,0.709617013
0.0,47.074,47.074,core 5 cpu_idle,0.709617013
