Start Time (Seconds),End Time (Seconds),Duration (Seconds),Component,Energy Consumption (Joule)
0,35.645,35.645,screen medium,19.497422905
0,31.977,31.977,wifi radio,8.55134146251
31.977,34.205,2.228,wifi running,0.03032334736
34.205,35.645,1.44,wifi radio,0.3850871472
0,35.645,35.645,phone_scanning,18.8342034802
0.0,47.072,47.072,core 0 cpu_idle,0.709586864
0.0,21611.613843,21611.613843,core 1 cpu_idle start,325.784272876
21611.613843,47.072,-21564.541843,core 1 cpu_idle,-325.074686012
0.0,47.072,47.072,core 2 cpu_idle,0.709586864
0.0,47.072,47.072,core 3 cpu_idle,0.709586864
0.0,47.072,47.072,core 4 cpu_idle,0.709586864
0.0,47.072,47.072,core 5 cpu_idle,0.709586864
