Start Time (Seconds),End Time (Seconds),Duration (Seconds),Component,Energy Consumption (Joule)
0,35.617,35.617,screen medium,19.482107213
0,26.33,26.33,wifi radio,7.0412115179
26.33,34.714,8.384,wifi running,0.11410724608
34.714,35.617,0.903,wifi radio,0.24148173189
0,35.617,35.617,phone_scanning,18.8194087629
0.0,47.086,47.086,core 0 cpu_idle,0.709797907
0.0,47.086,47.086,core 1 cpu_idle,0.709797907
0.0,47.086,47.086,core 2 cpu_idle,0.709797907
0.0,21612.10289,21612.10289,core 3 cpu_idle start,325.791645015
21612.10289,47.086,-21565.01689,core 3 cpu_idle,-325.081847108
0.0,47.086,47.086,core 4 cpu_idle,0.709797907
0.0,47.086,47.086,core 5 cpu_idle,0.709797907
