Start Time (Seconds),End Time (Seconds),Duration (Seconds),Component,Energy Consumption (Joule)
0,35.658,35.658,screen medium,19.504533762
0,34.394,34.394,wifi radio,9.19769954222
34.394,35.658,1.264,wifi running,0.01720319168
0,35.658,35.658,phone_scanning,18.8410724561
0.0,47.049,47.049,core 0 cpu_idle,0.7092401505
0.0,47.049,47.049,core 1 cpu_idle,0.7092401505
0.0,47.049,47.049,core 2 cpu_idle,0.7092401505
0.0,21611.567978,21611.567978,core 3 cpu_idle start,325.783581484
21611.567978,47.049,-21564.518978,core 3 cpu_idle,-325.074341334
0.0,47.049,47.049,core 4 cpu_idle,0.7092401505
0.0,47.049,47.049,core 5 cpu_idle,0.7092401505
