Start Time (Seconds),End Time (Seconds),Duration (Seconds),Component,Energy Consumption (Joule)
0,35.632,35.632,screen medium,19.490312048
0,35.632,35.632,wifi running,0.48495579584
0,35.632,35.632,phone_scanning,18.8273345043
0.0,47.104,47.104,core 0 cpu_idle,0.710069248
0.0,47.104,47.104,core 1 cpu_idle,0.710069248
0.0,21611.518384,21611.518384,core 2 cpu_idle start,325.78283388
21611.518384,47.104,-21564.414384,core 2 cpu_idle,-325.072764632
0.0,47.104,47.104,core 3 cpu_idle,0.710069248
0.0,47.104,47.104,core 4 cpu_idle,0.710069248
0.0,47.104,47.104,core 5 cpu_idle,0.710069248
