Start Time (Seconds),End Time (Seconds),Duration (Seconds),Component,Energy Consumption (Joule)
0,35.607,35.607,screen medium,19.517336124
0,23.879,23.879,wifi running,0.32567517424
23.879,29.348,5.469,wifi scan,1.2297790284
29.348,35.607,6.259,wifi running,0.08536374704
0,35.607,35.607,phone_scanning,18.8534393362
0.0,47.139,47.139,core 0 cpu_idle,0.712081733999
0.0,47.139,47.139,core 1 cpu_idle,0.712081733999
0.0,21611.724824,21611.724824,core 2 cpu_idle start,326.466715191
21611.724824,47.139,-21564.585824,core 2 cpu_idle,-325.754633457
0.0,47.139,47.139,core 3 cpu_idle,0.712081733999
0.0,47.139,47.139,core 4 cpu_idle,0.712081733999
0.0,47.139,47.139,core 5 cpu_idle,0.712081733999
