Start Time (Seconds),End Time (Seconds),Duration (Seconds),Component,Energy Consumption (Joule)
0,35.601,35.601,screen medium,19.514047332
0,24.682,24.682,wifi running,0.33662693792
24.682,30.214,5.532,wifi scan,1.2439454352
30.214,35.601,5.387,wifi running,0.07347092272
0,35.601,35.601,phone_scanning,18.8502624149
0.0,47.074,47.074,core 0 cpu_idle,0.711099843999
0.0,21611.425695,21611.425695,core 1 cpu_idle start,326.462196549
21611.425695,47.074,-21564.351695,core 1 cpu_idle,-325.751096705
0.0,47.074,47.074,core 2 cpu_idle,0.711099843999
0.0,47.074,47.074,core 3 cpu_idle,0.711099843999
0.0,47.074,47.074,core 4 cpu_idle,0.711099843999
0.0,47.074,47.074,core 5 cpu_idle,0.711099843999
