Start Time (Seconds),End Time (Seconds),Duration (Seconds),Component,Energy Consumption (Joule)
0,35.688,35.688,screen medium,19.561734816
0,22.657,22.657,wifi running,0.30900885392
22.657,28.007,5.35,wifi scan,1.20302026
28.007,35.688,7.681,wifi running,0.10475777936
0,35.688,35.688,phone_scanning,18.8963277734
0.0,47.167,47.167,core 0 cpu_idle,0.712504702
0.0,47.167,47.167,core 1 cpu_idle,0.712504702
0.0,47.167,47.167,core 2 cpu_idle,0.712504702
0.0,21611.651984,21611.651984,core 3 cpu_idle start,326.46561487
21611.651984,47.167,-21564.484984,core 3 cpu_idle,-325.753110168
0.0,47.167,47.167,core 4 cpu_idle,0.712504702
0.0,47.167,47.167,core 5 cpu_idle,0.712504702
