Start Time (Seconds),End Time (Seconds),Duration (Seconds),Component,Energy Consumption (Joule)
0,35.629,35.629,screen medium,19.529395028
0,35.629,35.629,wifi running,0.48592825424
0,35.629,35.629,phone_scanning,18.8650880475
0.0,46.128,46.128,core 0 cpu_idle,0.696809568
0.0,46.128,46.128,core 1 cpu_idle,0.696809568
0.0,21611.569977,21611.569977,core 2 cpu_idle start,326.464376073
21611.569977,46.128,-21565.441977,core 2 cpu_idle,-325.767566505
0.0,46.128,46.128,core 3 cpu_idle,0.696809568
0.0,46.128,46.128,core 4 cpu_idle,0.696809568
0.0,46.128,46.128,core 5 cpu_idle,0.696809568
