Start Time (Seconds),End Time (Seconds),Duration (Seconds),Component,Energy Consumption (Joule)
0,35.655,35.655,screen medium,19.54364646
0,23.496,23.496,wifi running,0.32045160576
23.496,29.037,5.541,wifi scan,1.2459692076
29.037,35.655,6.618,wifi running,0.09025999008
0,35.655,35.655,phone_scanning,18.8788547064
0.0,47.155,47.155,core 0 cpu_idle,0.71232343
0.0,47.155,47.155,core 1 cpu_idle,0.71232343
0.0,47.155,47.155,core 2 cpu_idle,0.71232343
0.0,47.155,47.155,core 3 cpu_idle,0.71232343
0.0,21611.49838,21611.49838,core 4 cpu_idle start,326.463294528
21611.49838,47.155,-21564.34338,core 4 cpu_idle,-325.750971098
0.0,47.155,47.155,core 5 cpu_idle,0.71232343
