Start Time (Seconds),End Time (Seconds),Duration (Seconds),Component,Energy Consumption (Joule)
0,35.662,35.662,screen medium,19.56559968
0,35.662,35.662,wifi running,0.4868290944
0,35.662,35.662,phone_scanning,18.9000611712
0.0,47.17,47.17,core 0 cpu_idle,0.7132104
0.0,47.17,47.17,core 1 cpu_idle,0.7132104
0.0,21611.421109,21611.421109,core 2 cpu_idle start,326.764687168
21611.421109,47.17,-21564.251109,core 2 cpu_idle,-326.051476768
0.0,47.17,47.17,core 3 cpu_idle,0.7132104
0.0,47.17,47.17,core 4 cpu_idle,0.7132104
0.0,47.17,47.17,core 5 cpu_idle,0.7132104
