Start Time (Seconds),End Time (Seconds),Duration (Seconds),Component,Energy Consumption (Joule)
0,35.687,35.687,screen medium,19.57931568
0,34.72,34.72,wifi radio,9.312903936
34.72,35.687,0.967,wifi running,0.0132007104
0,35.687,35.687,phone_scanning,18.9133106112
0.0,46.183,46.183,core 0 cpu_idle,0.69828696
0.0,46.183,46.183,core 1 cpu_idle,0.69828696
0.0,21611.487943,21611.487943,core 2 cpu_idle start,326.765697698
21611.487943,46.183,-21565.304943,core 2 cpu_idle,-326.067410738
0.0,46.183,46.183,core 3 cpu_idle,0.69828696
0.0,46.183,46.183,core 4 cpu_idle,0.69828696
0.0,46.183,46.183,core 5 cpu_idle,0.69828696
