Start Time (Seconds),End Time (Seconds),Duration (Seconds),Component,Energy Consumption (Joule)
0,35.634,35.634,screen medium,19.55023776
0,29.345,29.345,wifi radio,7.871174136
29.345,35.634,6.289,wifi running,0.0858523968
35.634,35.634,0.0,wifi radio,0.0
0,35.634,35.634,phone_scanning,18.8852217984
0.0,47.136,47.136,core 0 cpu_idle,0.71269632
0.0,47.136,47.136,core 1 cpu_idle,0.71269632
0.0,47.136,47.136,core 2 cpu_idle,0.71269632
0.0,47.136,47.136,core 3 cpu_idle,0.71269632
0.0,47.136,47.136,core 4 cpu_idle,0.71269632
0.0,21611.416309,21611.416309,core 5 cpu_idle start,326.764614592
21611.416309,47.136,-21564.280309,core 5 cpu_idle,-326.051918272
