Start Time (Seconds),End Time (Seconds),Duration (Seconds),Component,Energy Consumption (Joule)
0,35.571,35.571,screen medium,19.51567344
0,35.571,35.571,wifi running,0.4855868352
0,35.571,35.571,phone_scanning,18.8518332096
0.0,47.124,47.124,core 0 cpu_idle,0.71251488
0.0,47.124,47.124,core 1 cpu_idle,0.71251488
0.0,47.124,47.124,core 2 cpu_idle,0.71251488
0.0,21611.542912,21611.542912,core 3 cpu_idle start,326.766528829
21611.542912,47.124,-21564.418912,core 3 cpu_idle,-326.054013949
0.0,47.124,47.124,core 4 cpu_idle,0.71251488
0.0,47.124,47.124,core 5 cpu_idle,0.71251488
