Start Time (Seconds),End Time (Seconds),Duration (Seconds),Component,Energy Consumption (Joule)
0,35.581,35.581,screen medium,19.52115984
0,35.581,35.581,wifi running,0.4857233472
0,35.581,35.581,phone_scanning,18.8571329856
0.0,46.077,46.077,core 0 cpu_idle,0.69668424
0.0,21611.46796,21611.46796,core 1 cpu_idle start,326.765395555
21611.46796,46.077,-21565.39096,core 1 cpu_idle,-326.068711315
0.0,46.077,46.077,core 2 cpu_idle,0.69668424
0.0,46.077,46.077,core 3 cpu_idle,0.69668424
0.0,46.077,46.077,core 4 cpu_idle,0.69668424
0.0,46.077,46.077,core 5 cpu_idle,0.69668424
