Start Time (Seconds),End Time (Seconds),Duration (Seconds),Component,Energy Consumption (Joule)
0,35.555,35.555,screen medium,19.5068952
0,35.555,35.555,wifi running,0.485368416
0,35.555,35.555,phone_scanning,18.843353568
0.0,47.139,47.139,core 0 cpu_idle,0.71274168
0.0,47.139,47.139,core 1 cpu_idle,0.71274168
0.0,21611.558136,21611.558136,core 2 cpu_idle start,326.766759016
21611.558136,47.139,-21564.419136,core 2 cpu_idle,-326.054017336
0.0,47.139,47.139,core 3 cpu_idle,0.71274168
0.0,47.139,47.139,core 4 cpu_idle,0.71274168
0.0,47.139,47.139,core 5 cpu_idle,0.71274168
