Start Time (Seconds),End Time (Seconds),Duration (Seconds),Component,Energy Consumption (Joule)
0,35.556,35.556,screen medium,19.50744384
0,35.556,35.556,wifi running,0.4853820672
0,35.556,35.556,phone_scanning,18.8438835456
0.0,47.129,47.129,core 0 cpu_idle,0.71259048
0.0,47.129,47.129,core 1 cpu_idle,0.71259048
0.0,21611.492894,21611.492894,core 2 cpu_idle start,326.765772557
21611.492894,47.129,-21564.363894,core 2 cpu_idle,-326.053182077
0.0,47.129,47.129,core 3 cpu_idle,0.71259048
0.0,47.129,47.129,core 4 cpu_idle,0.71259048
0.0,47.129,47.129,core 5 cpu_idle,0.71259048
