Start Time (Seconds),End Time (Seconds),Duration (Seconds),Component,Energy Consumption (Joule)
0,35.583,35.583,screen medium,19.52225712
0,35.583,35.583,wifi running,0.4857506496
0,35.583,35.583,phone_scanning,18.8581929408
0.0,47.078,47.078,core 0 cpu_idle,0.71181936
0.0,21611.346976,21611.346976,core 1 cpu_idle start,326.763566277
21611.346976,47.078,-21564.268976,core 1 cpu_idle,-326.051746917
0.0,47.078,47.078,core 2 cpu_idle,0.71181936
0.0,47.078,47.078,core 3 cpu_idle,0.71181936
0.0,47.078,47.078,core 4 cpu_idle,0.71181936
0.0,47.078,47.078,core 5 cpu_idle,0.71181936
