Start Time (Seconds),End Time (Seconds),Duration (Seconds),Component,Energy Consumption (Joule)
0,35.584,35.584,screen medium,19.52280576
0,33.19,33.19,wifi radio,8.902513872
33.19,33.661,0.471,wifi running,0.0064297152
33.661,35.584,1.923,wifi radio,0.5158039824
0,35.584,35.584,phone_scanning,18.8587229184
0.0,47.161,47.161,core 0 cpu_idle,0.713074319999
0.0,47.161,47.161,core 1 cpu_idle,0.713074319999
0.0,47.161,47.161,core 2 cpu_idle,0.713074319999
0.0,47.161,47.161,core 3 cpu_idle,0.713074319999
0.0,21611.596144,21611.596144,core 4 cpu_idle start,326.767333697
21611.596144,47.161,-21564.435144,core 4 cpu_idle,-326.054259377
0.0,47.161,47.161,core 5 cpu_idle,0.713074319999
