Start Time (Seconds),End Time (Seconds),Duration (Seconds),Component,Energy Consumption (Joule)
0,35.567,35.567,screen medium,19.51347888
0,35.567,35.567,wifi running,0.4855322304
0,35.567,35.567,phone_scanning,18.8497132992
0.0,46.075,46.075,core 0 cpu_idle,0.696654
0.0,46.075,46.075,core 1 cpu_idle,0.696654
0.0,21611.533163,21611.533163,core 2 cpu_idle start,326.766381425
21611.533163,46.075,-21565.458163,core 2 cpu_idle,-326.069727425
0.0,46.075,46.075,core 3 cpu_idle,0.696654
0.0,46.075,46.075,core 4 cpu_idle,0.696654
0.0,46.075,46.075,core 5 cpu_idle,0.696654
