Start Time (Seconds),End Time (Seconds),Duration (Seconds),Component,Energy Consumption (Joule)
0,35.567,35.567,screen medium,19.472825799
0,26.109,26.109,wifi radio,6.98859576891
26.109,32.991,6.882,wifi running,0.09375183432
32.991,35.567,2.576,wifi radio,0.68951789424
0,35.567,35.567,phone_scanning,18.8104430632
0.0,47.07,47.07,core 0 cpu_idle,0.710215695
0.0,47.07,47.07,core 1 cpu_idle,0.710215695
0.0,47.07,47.07,core 2 cpu_idle,0.710215695
0.0,47.07,47.07,core 3 cpu_idle,0.710215695
0.0,21611.477718,21611.477718,core 4 cpu_idle start,326.084781548
21611.477718,47.07,-21564.407718,core 4 cpu_idle,-325.374565853
0.0,47.07,47.07,core 5 cpu_idle,0.710215695
