Start Time (Seconds),End Time (Seconds),Duration (Seconds),Component,Energy Consumption (Joule)
0,35.623,35.623,screen medium,19.503485631
0,23.204,23.204,wifi running,0.31610252304
23.204,28.661,5.457,wifi scan,1.2256591167
28.661,35.623,6.962,wifi running,0.09484165512
0,35.623,35.623,phone_scanning,18.840059978
0.0,47.056,47.056,core 0 cpu_idle,0.710004456
0.0,47.056,47.056,core 1 cpu_idle,0.710004456
0.0,21611.69786,21611.69786,core 2 cpu_idle start,326.088103161
21611.69786,47.056,-21564.64186,core 2 cpu_idle,-325.378098705
0.0,47.056,47.056,core 3 cpu_idle,0.710004456
0.0,47.056,47.056,core 4 cpu_idle,0.710004456
0.0,47.056,47.056,core 5 cpu_idle,0.710004456
