Start Time (Seconds),End Time (Seconds),Duration (Seconds),Component,Energy Consumption (Joule)
0,35.64,35.64,screen medium,19.51279308
0,24.719,24.719,wifi running,0.33674100444
24.719,30.139,5.42,wifi scan,1.217348802
30.139,35.64,5.501,wifi running,0.07493880276
0,35.64,35.64,phone_scanning,18.8490508272
0.0,47.062,47.062,core 0 cpu_idle,0.710094987
0.0,47.062,47.062,core 1 cpu_idle,0.710094987
0.0,47.062,47.062,core 2 cpu_idle,0.710094987
0.0,21611.657879,21611.657879,core 3 cpu_idle start,326.087499907
21611.657879,47.062,-21564.595879,core 3 cpu_idle,-325.37740492
0.0,47.062,47.062,core 4 cpu_idle,0.710094987
0.0,47.062,47.062,core 5 cpu_idle,0.710094987
