Start Time (Seconds),End Time (Seconds),Duration (Seconds),Component,Energy Consumption (Joule)
0,35.048,35.048,screen medium,19.188674856
0,35.048,35.048,wifi running,0.47745049248
0,35.048,35.048,phone_scanning,18.535957727
0.0,47.053,47.053,core 0 cpu_idle,0.7099591905
0.0,47.053,47.053,core 1 cpu_idle,0.7099591905
0.0,47.053,47.053,core 2 cpu_idle,0.7099591905
0.0,21611.549,21611.549,core 3 cpu_idle start,326.085857086
21611.549,47.053,-21564.496,core 3 cpu_idle,-325.375897896
0.0,47.053,47.053,core 4 cpu_idle,0.7099591905
0.0,47.053,47.053,core 5 cpu_idle,0.7099591905
