Start Time (Seconds),End Time (Seconds),Duration (Seconds),Component,Energy Consumption (Joule)
0,35.616,35.616,screen medium,19.499653152
0,29.453,29.453,wifi radio,7.88368421547
29.453,33.117,3.664,wifi running,0.04991379264
33.117,35.616,2.499,wifi radio,0.66890730501
0,35.616,35.616,phone_scanning,18.8363578637
0.0,47.082,47.082,core 0 cpu_idle,0.710396757
0.0,47.082,47.082,core 1 cpu_idle,0.710396757
0.0,47.082,47.082,core 2 cpu_idle,0.710396757
0.0,21611.634869,21611.634869,core 3 cpu_idle start,326.087152721
21611.634869,47.082,-21564.552869,core 3 cpu_idle,-325.376755964
0.0,47.082,47.082,core 4 cpu_idle,0.710396757
0.0,47.082,47.082,core 5 cpu_idle,0.710396757
