Start Time (Seconds),End Time (Seconds),Duration (Seconds),Component,Energy Consumption (Joule)
0,35.619,35.619,screen medium,19.532960934
0,30.128,30.128,wifi radio,8.07745599136
30.128,33.01,2.882,wifi running,0.03932454416
33.01,35.619,2.609,wifi radio,0.69948495358
0,35.619,35.619,phone_scanning,18.8685326566
0.0,47.149,47.149,core 0 cpu_idle,0.712562837001
0.0,47.149,47.149,core 1 cpu_idle,0.712562837001
0.0,47.149,47.149,core 2 cpu_idle,0.712562837001
0.0,21611.563229,21611.563229,core 3 cpu_idle start,326.61555508
21611.563229,47.149,-21564.414229,core 3 cpu_idle,-325.902992243
0.0,47.149,47.149,core 4 cpu_idle,0.712562837001
0.0,47.149,47.149,core 5 cpu_idle,0.712562837001
