Start Time (Seconds),End Time (Seconds),Duration (Seconds),Component,Energy Consumption (Joule)
0,35.664,35.664,screen medium,19.557638304
0,35.664,35.664,wifi running,0.48663100032
0,35.664,35.664,phone_scanning,18.8923706074
0.0,47.163,47.163,core 0 cpu_idle,0.712774419
0.0,47.163,47.163,core 1 cpu_idle,0.712774419
0.0,47.163,47.163,core 2 cpu_idle,0.712774419
0.0,21611.487871,21611.487871,core 3 cpu_idle start,326.614416194
21611.487871,47.163,-21564.324871,core 3 cpu_idle,-325.901641775
0.0,47.163,47.163,core 4 cpu_idle,0.712774419
0.0,47.163,47.163,core 5 cpu_idle,0.712774419
