Start Time (Seconds),End Time (Seconds),Duration (Seconds),Component,Energy Consumption (Joule)
0,35.612,35.612,screen medium,19.529122232
0,32.061,32.061,wifi radio,8.59570222182
32.061,35.612,3.551,wifi running,0.04845296888
0,35.612,35.612,phone_scanning,18.8648245309
0.0,47.14,47.14,core 0 cpu_idle,0.71242682
0.0,47.14,47.14,core 1 cpu_idle,0.71242682
0.0,21611.565978,21611.565978,core 2 cpu_idle start,326.615596626
21611.565978,47.14,-21564.425978,core 2 cpu_idle,-325.903169806
0.0,47.14,47.14,core 3 cpu_idle,0.71242682
0.0,47.14,47.14,core 4 cpu_idle,0.71242682
0.0,47.14,47.14,core 5 cpu_idle,0.71242682
