Start Time (Seconds),End Time (Seconds),Duration (Seconds),Component,Energy Consumption (Joule)
0,35.632,35.632,screen medium,19.540089952
0,30.415,30.415,wifi radio,8.1544020173
30.415,35.632,5.217,wifi running,0.07118533896
0,35.632,35.632,phone_scanning,18.8754191757
0.0,47.107,47.107,core 0 cpu_idle,0.711928091
0.0,47.107,47.107,core 1 cpu_idle,0.711928091
0.0,21611.487857,21611.487857,core 2 cpu_idle start,326.614415983
21611.487857,47.107,-21564.380857,core 2 cpu_idle,-325.902487892
0.0,47.107,47.107,core 3 cpu_idle,0.711928091
0.0,47.107,47.107,core 4 cpu_idle,0.711928091
0.0,47.107,47.107,core 5 cpu_idle,0.711928091
