Start Time (Seconds),End Time (Seconds),Duration (Seconds),Component,Energy Consumption (Joule)
0,35.59,35.59,screen medium,19.51705774
0,15.879,15.879,wifi running,0.21666704952
15.879,16.166,0.287,wifi scan,0.0645657586
16.166,32.699,16.533,wifi radio,4.43257368246
32.699,34.213,1.514,wifi running,0.02065834832
34.213,35.59,1.377,wifi radio,0.36918006174
0,35.59,35.59,phone_scanning,18.8531704216
0.0,46.095,46.095,core 0 cpu_idle,0.696633735
0.0,46.095,46.095,core 1 cpu_idle,0.696633735
0.0,21611.663911,21611.663911,core 2 cpu_idle start,326.617076687
21611.663911,46.095,-21565.568911,core 2 cpu_idle,-325.920442952
0.0,46.095,46.095,core 3 cpu_idle,0.696633735
0.0,46.095,46.095,core 4 cpu_idle,0.696633735
0.0,46.095,46.095,core 5 cpu_idle,0.696633735
