Start Time (Seconds),End Time (Seconds),Duration (Seconds),Component,Energy Consumption (Joule)
0,35.615,35.615,screen medium,19.019656525
0,24.561,24.561,wifi radio,6.41259342045
24.561,27.634,3.073,wifi running,0.0408334094
27.634,33.169,5.535,wifi scan,1.2126105675
33.169,35.615,2.446,wifi running,0.0325019588
0,35.615,35.615,phone_scanning,18.372688681
0.0,46.153,46.153,core 0 cpu_idle,0.6792567775
0.0,46.153,46.153,core 1 cpu_idle,0.6792567775
0.0,46.153,46.153,core 2 cpu_idle,0.6792567775
0.0,21611.541927,21611.541927,core 3 cpu_idle start,318.067868311
21611.541927,46.153,-21565.388927,core 3 cpu_idle,-317.388611533
0.0,46.153,46.153,core 4 cpu_idle,0.6792567775
0.0,46.153,46.153,core 5 cpu_idle,0.6792567775
