Start Time (Seconds),End Time (Seconds),Duration (Seconds),Component,Energy Consumption (Joule)
0,35.674,35.674,screen medium,19.05116459
0,30.697,30.697,wifi radio,8.01463214965
30.697,35.57,4.873,wifi running,0.0647514494
35.57,35.674,0.104,wifi radio,0.0271531988
0,35.674,35.674,phone_scanning,18.4031249756
0.0,47.122,47.122,core 0 cpu_idle,0.693518035
0.0,21611.736216,21611.736216,core 1 cpu_idle start,318.070727759
21611.736216,47.122,-21564.614216,core 1 cpu_idle,-317.377209724
0.0,47.122,47.122,core 2 cpu_idle,0.693518035
0.0,47.122,47.122,core 3 cpu_idle,0.693518035
0.0,47.122,47.122,core 4 cpu_idle,0.693518035
0.0,47.122,47.122,core 5 cpu_idle,0.693518035
