Start Time (Seconds),End Time (Seconds),Duration (Seconds),Component,Energy Consumption (Joule)
0,35.615,35.615,screen medium,19.019656525
0,13.965,13.965,wifi running,0.185564127
13.965,14.241,0.276,wifi scan,0.060466218
14.241,29.137,14.896,wifi radio,3.8891735512
29.137,35.615,6.478,wifi running,0.0860783684
0,35.615,35.615,phone_scanning,18.372688681
0.0,46.123,46.123,core 0 cpu_idle,0.6788152525
0.0,21611.417832,21611.417832,core 1 cpu_idle start,318.066041942
21611.417832,46.123,-21565.294832,core 1 cpu_idle,-317.38722669
0.0,46.123,46.123,core 2 cpu_idle,0.6788152525
0.0,46.123,46.123,core 3 cpu_idle,0.6788152525
0.0,46.123,46.123,core 4 cpu_idle,0.6788152525
0.0,46.123,46.123,core 5 cpu_idle,0.6788152525
