Start Time (Seconds),End Time (Seconds),Duration (Seconds),Component,Energy Consumption (Joule)
0,35.597,35.597,screen medium,19.656521012
0,22.593,22.593,wifi running,0.31042059024
22.593,28.15,5.557,wifi scan,1.2588316556
28.15,35.597,7.447,wifi running,0.10231939696
0,35.597,35.597,phone_scanning,18.9878897461
0.0,21611.35187,21611.35187,core 0 cpu_idle start,328.881552758
21611.35187,46.112,-21565.23987,core 0 cpu_idle,-328.179820342
0.0,46.112,46.112,core 1 cpu_idle,0.701732416
0.0,46.112,46.112,core 2 cpu_idle,0.701732416
0.0,46.112,46.112,core 3 cpu_idle,0.701732416
0.0,46.112,46.112,core 4 cpu_idle,0.701732416
0.0,46.112,46.112,core 5 cpu_idle,0.701732416
