Start Time (Seconds),End Time (Seconds),Duration (Seconds),Component,Energy Consumption (Joule)
0,35.614,35.614,screen medium,19.665908344
0,35.614,35.614,wifi running,0.48932496352
0,35.614,35.614,phone_scanning,18.996957761
0.0,21611.337406,21611.337406,core 0 cpu_idle start,328.881332645
21611.337406,47.09,-21564.247406,core 0 cpu_idle,-328.164717025
0.0,47.09,47.09,core 1 cpu_idle,0.71661562
0.0,47.09,47.09,core 2 cpu_idle,0.71661562
0.0,47.09,47.09,core 3 cpu_idle,0.71661562
0.0,47.09,47.09,core 4 cpu_idle,0.71661562
0.0,47.09,47.09,core 5 cpu_idle,0.71661562
