Start Time (Seconds),End Time (Seconds),Duration (Seconds),Component,Energy Consumption (Joule)
0,35.628,35.628,screen medium,19.673639088
0,24.024,24.024,wifi running,0.33008207232
24.024,29.458,5.434,wifi scan,1.2309683672
29.458,35.628,6.17,wifi running,0.0847738256
0,35.628,35.628,phone_scanning,19.0044255379
0.0,47.119,47.119,core 0 cpu_idle,0.717056942
0.0,47.119,47.119,core 1 cpu_idle,0.717056942
0.0,21611.898221,21611.898221,core 2 cpu_idle start,328.889867127
21611.898221,47.119,-21564.779221,core 2 cpu_idle,-328.172810185
0.0,47.119,47.119,core 3 cpu_idle,0.717056942
0.0,47.119,47.119,core 4 cpu_idle,0.717056942
0.0,47.119,47.119,core 5 cpu_idle,0.717056942
