Start Time (Seconds),End Time (Seconds),Duration (Seconds),Component,Energy Consumption (Joule)
0,35.628,35.628,screen medium,19.673639088
0,5.359,5.359,wifi running,0.07363094512
5.359,5.515,0.156,wifi scan,0.0353388048
5.515,35.628,30.113,wifi running,0.41374298384
0,35.628,35.628,phone_scanning,19.0044255379
0.0,21611.436529,21611.436529,core 0 cpu_idle start,328.882841098
21611.436529,46.12,-21565.316529,core 0 cpu_idle,-328.180986938
0.0,46.12,46.12,core 1 cpu_idle,0.70185416
0.0,46.12,46.12,core 2 cpu_idle,0.70185416
0.0,46.12,46.12,core 3 cpu_idle,0.70185416
0.0,46.12,46.12,core 4 cpu_idle,0.70185416
0.0,46.12,46.12,core 5 cpu_idle,0.70185416
