Start Time (Seconds),End Time (Seconds),Duration (Seconds),Component,Energy Consumption (Joule)
0,35.611,35.611,screen medium,19.515006055
0,35.611,35.611,wifi running,0.4855702294
0,35.611,35.611,phone_scanning,18.8511885262
0.0,21611.694319,21611.694319,core 0 cpu_idle start,326.390613453
21611.694319,47.09,-21564.604319,core 0 cpu_idle,-325.679436728
0.0,47.09,47.09,core 1 cpu_idle,0.711176725
0.0,47.09,47.09,core 2 cpu_idle,0.711176725
0.0,47.09,47.09,core 3 cpu_idle,0.711176725
0.0,47.09,47.09,core 4 cpu_idle,0.711176725
0.0,47.09,47.09,core 5 cpu_idle,0.711176725
