Start Time (Seconds),End Time (Seconds),Duration (Seconds),Component,Energy Consumption (Joule)
0,35.578,35.578,screen medium,19.49692189
0,25.707,25.707,wifi radio,6.88737702345
25.707,32.887,7.18,wifi running,0.097902172
32.887,35.578,2.691,wifi radio,0.72096827985
0,35.578,35.578,phone_scanning,18.8337195076
0.0,47.189,47.189,core 0 cpu_idle,0.7126718725
0.0,47.189,47.189,core 1 cpu_idle,0.7126718725
0.0,47.189,47.189,core 2 cpu_idle,0.7126718725
0.0,47.189,47.189,core 3 cpu_idle,0.7126718725
0.0,21611.499397,21611.499397,core 4 cpu_idle start,326.387669643
21611.499397,47.189,-21564.310397,core 4 cpu_idle,-325.674997771
0.0,47.189,47.189,core 5 cpu_idle,0.7126718725
