Start Time (Seconds),End Time (Seconds),Duration (Seconds),Component,Energy Consumption (Joule)
0,35.562,35.562,screen medium,19.48815381
0,33.385,33.385,wifi radio,8.94445411475
33.385,34.345,0.96,wifi running,0.013089984
34.345,35.562,1.217,wifi radio,0.32605663195
0,35.562,35.562,phone_scanning,18.8252496804
0.0,46.102,46.102,core 0 cpu_idle,0.696255455
0.0,21611.527272,21611.527272,core 1 cpu_idle start,326.388090625
21611.527272,46.102,-21565.425272,core 1 cpu_idle,-325.69183517
0.0,46.102,46.102,core 2 cpu_idle,0.696255455
0.0,46.102,46.102,core 3 cpu_idle,0.696255455
0.0,46.102,46.102,core 4 cpu_idle,0.696255455
0.0,46.102,46.102,core 5 cpu_idle,0.696255455
