Start Time (Seconds),End Time (Seconds),Duration (Seconds),Component,Energy Consumption (Joule)
0,35.613,35.613,screen medium,19.516102065
0,35.613,35.613,wifi running,0.4855975002
0,35.613,35.613,phone_scanning,18.8522472546
0.0,46.145,46.145,core 0 cpu_idle,0.6969048625
0.0,46.145,46.145,core 1 cpu_idle,0.6969048625
0.0,21611.641886,21611.641886,core 2 cpu_idle start,326.389821583
21611.641886,46.145,-21565.496886,core 2 cpu_idle,-325.692916721
0.0,46.145,46.145,core 3 cpu_idle,0.6969048625
0.0,46.145,46.145,core 4 cpu_idle,0.6969048625
0.0,46.145,46.145,core 5 cpu_idle,0.6969048625
