Start Time (Seconds),End Time (Seconds),Duration (Seconds),Component,Energy Consumption (Joule)
0,35.551,35.551,screen medium,19.482125755
0,16.118,16.118,wifi running,0.2197753772
16.118,16.404,0.286,wifi scan,0.064296089
16.404,35.551,19.147,wifi running,0.2610770038
0,35.551,35.551,phone_scanning,18.8194266742
0.0,47.078,47.078,core 0 cpu_idle,0.710995495001
0.0,47.078,47.078,core 1 cpu_idle,0.710995495001
0.0,47.078,47.078,core 2 cpu_idle,0.710995495001
0.0,47.078,47.078,core 3 cpu_idle,0.710995495001
0.0,47.078,47.078,core 4 cpu_idle,0.710995495001
0.0,21611.324867,21611.324867,core 5 cpu_idle start,326.385033804
21611.324867,47.078,-21564.246867,core 5 cpu_idle,-325.674038309
