Start Time (Seconds),End Time (Seconds),Duration (Seconds),Component,Energy Consumption (Joule)
0,35.601,35.601,screen medium,19.649687142
0,20.162,20.162,wifi running,0.27689200432
20.162,25.539,5.377,wifi scan,1.2174958282
25.539,35.315,9.776,wifi radio,2.63798653664
35.315,35.601,0.286,wifi running,0.00392774096
0,35.601,35.601,phone_scanning,18.9812883353
0.0,47.094,47.094,core 0 cpu_idle,0.716346834001
0.0,21611.50074,21611.50074,core 1 cpu_idle start,328.732537756
21611.50074,47.094,-21564.40674,core 1 cpu_idle,-328.016190922
0.0,47.094,47.094,core 2 cpu_idle,0.716346834001
0.0,47.094,47.094,core 3 cpu_idle,0.716346834001
0.0,47.094,47.094,core 4 cpu_idle,0.716346834001
0.0,47.094,47.094,core 5 cpu_idle,0.716346834001
