Start Time (Seconds),End Time (Seconds),Duration (Seconds),Component,Energy Consumption (Joule)
0,35.614,35.614,screen medium,19.656862388
0,23.772,23.772,wifi running,0.32646943392
23.772,29.213,5.441,wifi scan,1.2319871306
29.213,35.614,6.401,wifi running,0.08790723736
0,35.614,35.614,phone_scanning,18.9882195099
0.0,47.099,47.099,core 0 cpu_idle,0.716422889
0.0,47.099,47.099,core 1 cpu_idle,0.716422889
0.0,47.099,47.099,core 2 cpu_idle,0.716422889
0.0,21611.458678,21611.458678,core 3 cpu_idle start,328.731897951
21611.458678,47.099,-21564.359678,core 3 cpu_idle,-328.015475062
0.0,47.099,47.099,core 4 cpu_idle,0.716422889
0.0,47.099,47.099,core 5 cpu_idle,0.716422889
