Start Time (Seconds),End Time (Seconds),Duration (Seconds),Component,Energy Consumption (Joule)
0,35.551,35.551,screen medium,19.622090042
0,19.976,19.976,wifi running,0.27433759936
19.976,20.259,0.283,wifi scan,0.0640787278
20.259,35.551,15.292,wifi running,0.21001054112
0,35.551,35.551,phone_scanning,18.9546299713
0.0,46.155,46.155,core 0 cpu_idle,0.702063705
0.0,46.155,46.155,core 1 cpu_idle,0.702063705
0.0,46.155,46.155,core 2 cpu_idle,0.702063705
0.0,46.155,46.155,core 3 cpu_idle,0.702063705
0.0,21611.801733,21611.801733,core 4 cpu_idle start,328.737116161
21611.801733,46.155,-21565.646733,core 4 cpu_idle,-328.035052456
0.0,46.155,46.155,core 5 cpu_idle,0.702063705
