Start Time (Seconds),End Time (Seconds),Duration (Seconds),Component,Energy Consumption (Joule)
0,35.598,35.598,screen medium,19.648031316
0,20.238,20.238,wifi running,0.27793573968
20.238,25.663,5.425,wifi scan,1.228364305
25.663,35.598,9.935,wifi running,0.1364409316
0,35.598,35.598,phone_scanning,18.9796888334
0.0,47.082,47.082,core 0 cpu_idle,0.716164302
0.0,47.082,47.082,core 1 cpu_idle,0.716164302
0.0,47.082,47.082,core 2 cpu_idle,0.716164302
0.0,47.082,47.082,core 3 cpu_idle,0.716164302
0.0,47.082,47.082,core 4 cpu_idle,0.716164302
0.0,21611.367864,21611.367864,core 5 cpu_idle start,328.730516579
21611.367864,47.082,-21564.285864,core 5 cpu_idle,-328.014352277
