Start Time (Seconds),End Time (Seconds),Duration (Seconds),Component,Energy Consumption (Joule)
0,35.552,35.552,screen medium,19.622641984
0,25.483,25.483,wifi radio,6.87641273662
25.483,28.069,2.586,wifi running,0.03551446896
28.069,35.552,7.483,wifi radio,2.01923621662
0,35.552,35.552,phone_scanning,18.9551631386
0.0,21611.484642,21611.484642,core 0 cpu_idle start,328.732292889
21611.484642,46.094,-21565.390642,core 0 cpu_idle,-328.031157055
0.0,46.094,46.094,core 1 cpu_idle,0.701135834
0.0,46.094,46.094,core 2 cpu_idle,0.701135834
0.0,46.094,46.094,core 3 cpu_idle,0.701135834
0.0,46.094,46.094,core 4 cpu_idle,0.701135834
0.0,46.094,46.094,core 5 cpu_idle,0.701135834
