Start Time (Seconds),End Time (Seconds),Duration (Seconds),Component,Energy Consumption (Joule)
0,35.639,35.639,screen medium,19.571085572
0,22.431,22.431,wifi running,0.30649359504
22.431,27.964,5.533,wifi scan,1.2464764532
27.964,35.639,7.675,wifi running,0.104869972
0,35.639,35.639,phone_scanning,18.9053604565
0.0,46.116,46.116,core 0 cpu_idle,0.697919544001
0.0,46.116,46.116,core 1 cpu_idle,0.697919544001
0.0,21611.53685,21611.53685,core 2 cpu_idle start,327.068998688
21611.53685,46.116,-21565.42085,core 2 cpu_idle,-326.371079144
0.0,46.116,46.116,core 3 cpu_idle,0.697919544001
0.0,46.116,46.116,core 4 cpu_idle,0.697919544001
0.0,46.116,46.116,core 5 cpu_idle,0.697919544001
