Start Time (Seconds),End Time (Seconds),Duration (Seconds),Component,Energy Consumption (Joule)
0,35.565,35.565,screen medium,19.53044862
0,23.58,23.58,wifi running,0.3221933472
23.58,29.08,5.5,wifi scan,1.2390422
29.08,35.565,6.485,wifi running,0.0886100024
0,35.565,35.565,phone_scanning,18.8661058008
0.0,46.034,46.034,core 0 cpu_idle,0.696678556001
0.0,46.034,46.034,core 1 cpu_idle,0.696678556001
0.0,21611.302674,21611.302674,core 2 cpu_idle start,327.065454668
21611.302674,46.034,-21565.268674,core 2 cpu_idle,-326.368776112
0.0,46.034,46.034,core 3 cpu_idle,0.696678556001
0.0,46.034,46.034,core 4 cpu_idle,0.696678556001
0.0,46.034,46.034,core 5 cpu_idle,0.696678556001
