Start Time (Seconds),End Time (Seconds),Duration (Seconds),Component,Energy Consumption (Joule)
0,35.644,35.644,screen medium,19.573831312
0,20.141,20.141,wifi running,0.27520340144
20.141,25.586,5.445,wifi scan,1.226651778
25.586,35.644,10.058,wifi running,0.13743090272
0,35.644,35.644,phone_scanning,18.9080127981
0.0,47.139,47.139,core 0 cpu_idle,0.713401625999
0.0,47.139,47.139,core 1 cpu_idle,0.713401625999
0.0,47.139,47.139,core 2 cpu_idle,0.713401625999
0.0,21611.833522,21611.833522,core 3 cpu_idle start,327.073488522
21611.833522,47.139,-21564.694522,core 3 cpu_idle,-326.360086896
0.0,47.139,47.139,core 4 cpu_idle,0.713401625999
0.0,47.139,47.139,core 5 cpu_idle,0.713401625999
