Start Time (Seconds),End Time (Seconds),Duration (Seconds),Component,Energy Consumption (Joule)
0,35.621,35.621,screen medium,19.561200908
0,35.621,35.621,wifi running,0.48671964464
0,35.621,35.621,phone_scanning,18.8958120267
0.0,46.119,46.119,core 0 cpu_idle,0.697964946
0.0,46.119,46.119,core 1 cpu_idle,0.697964946
0.0,46.119,46.119,core 2 cpu_idle,0.697964946
0.0,21611.503936,21611.503936,core 3 cpu_idle start,327.068500567
21611.503936,46.119,-21565.384936,core 3 cpu_idle,-326.370535621
0.0,46.119,46.119,core 4 cpu_idle,0.697964946
0.0,46.119,46.119,core 5 cpu_idle,0.697964946
