Start Time (Seconds),End Time (Seconds),Duration (Seconds),Component,Energy Consumption (Joule)
0,35.597,35.597,screen medium,19.548021356
0,21.309,21.309,wifi running,0.29116276656
21.309,26.659,5.35,wifi scan,1.20525014
26.659,35.597,8.938,wifi running,0.12212740192
0,35.597,35.597,phone_scanning,18.883080787
0.0,47.103,47.103,core 0 cpu_idle,0.712856802
0.0,47.103,47.103,core 1 cpu_idle,0.712856802
0.0,21611.445912,21611.445912,core 2 cpu_idle start,327.067622432
21611.445912,47.103,-21564.342912,core 2 cpu_idle,-326.35476563
0.0,47.103,47.103,core 3 cpu_idle,0.712856802
0.0,47.103,47.103,core 4 cpu_idle,0.712856802
0.0,47.103,47.103,core 5 cpu_idle,0.712856802
