Start Time (Seconds),End Time (Seconds),Duration (Seconds),Component,Energy Consumption (Joule)
0,35.588,35.588,screen medium,19.520480644
0,23.875,23.875,wifi running,0.325846955
23.875,29.338,5.463,wifi scan,1.2292837137
29.338,35.588,6.25,wifi running,0.08530025
0,35.588,35.588,phone_scanning,18.856476893
0.0,47.116,47.116,core 0 cpu_idle,0.712229014
0.0,21611.957952,21611.957952,core 1 cpu_idle start,326.697162381
21611.957952,47.116,-21564.841952,core 1 cpu_idle,-325.984933367
0.0,47.116,47.116,core 2 cpu_idle,0.712229014
0.0,47.116,47.116,core 3 cpu_idle,0.712229014
0.0,47.116,47.116,core 4 cpu_idle,0.712229014
0.0,47.116,47.116,core 5 cpu_idle,0.712229014
