Start Time (Seconds),End Time (Seconds),Duration (Seconds),Component,Energy Consumption (Joule)
0,35.674,35.674,screen medium,19.567652762
0,35.674,35.674,wifi running,0.48688017896
0,35.674,35.674,phone_scanning,18.9020444161
0.0,47.168,47.168,core 0 cpu_idle,0.713015072
0.0,47.168,47.168,core 1 cpu_idle,0.713015072
0.0,47.168,47.168,core 2 cpu_idle,0.713015072
0.0,21611.481859,21611.481859,core 3 cpu_idle start,326.689965522
21611.481859,47.168,-21564.313859,core 3 cpu_idle,-325.97695045
0.0,47.168,47.168,core 4 cpu_idle,0.713015072
0.0,47.168,47.168,core 5 cpu_idle,0.713015072
