Start Time (Seconds),End Time (Seconds),Duration (Seconds),Component,Energy Consumption (Joule)
0,35.647,35.647,screen medium,19.552842911
0,22.532,22.532,wifi running,0.30751763728
22.532,27.89,5.358,wifi scan,1.2056566242
27.89,35.647,7.757,wifi running,0.10586784628
0,35.647,35.647,phone_scanning,18.8877383332
0.0,47.052,47.052,core 0 cpu_idle,0.711261558
0.0,21611.499913,21611.499913,core 1 cpu_idle start,326.690238435
21611.499913,47.052,-21564.447913,core 1 cpu_idle,-325.978976877
0.0,47.052,47.052,core 2 cpu_idle,0.711261558
0.0,47.052,47.052,core 3 cpu_idle,0.711261558
0.0,47.052,47.052,core 4 cpu_idle,0.711261558
0.0,47.052,47.052,core 5 cpu_idle,0.711261558
