Start Time (Seconds),End Time (Seconds),Duration (Seconds),Component,Energy Consumption (Joule)
0,35.59,35.59,screen medium,19.52157767
0,5.334,5.334,wifi running,0.07279864536
5.334,5.591,0.257,wifi scan,0.0578301143
5.591,26.767,21.176,wifi radio,5.67869825096
26.767,30.662,3.895,wifi running,0.0531591158
30.662,35.59,4.928,wifi radio,1.32152554688
0,35.59,35.59,phone_scanning,18.8575366028
0.0,21611.712857,21611.712857,core 0 cpu_idle start,326.693457403
21611.712857,47.144,-21564.568857,core 0 cpu_idle,-325.980805127
0.0,47.144,47.144,core 1 cpu_idle,0.712652276
0.0,47.144,47.144,core 2 cpu_idle,0.712652276
0.0,47.144,47.144,core 3 cpu_idle,0.712652276
0.0,47.144,47.144,core 4 cpu_idle,0.712652276
0.0,47.144,47.144,core 5 cpu_idle,0.712652276
