Start Time (Seconds),End Time (Seconds),Duration (Seconds),Component,Energy Consumption (Joule)
0,35.648,35.648,screen medium,19.553391424
0,35.648,35.648,wifi running,0.48652532992
0,35.648,35.648,phone_scanning,18.8882681882
0.0,47.097,47.097,core 0 cpu_idle,0.7119418005
0.0,47.097,47.097,core 1 cpu_idle,0.7119418005
0.0,21611.505087,21611.505087,core 2 cpu_idle start,326.690316648
21611.505087,47.097,-21564.408087,core 2 cpu_idle,-325.978374847
0.0,47.097,47.097,core 3 cpu_idle,0.7119418005
0.0,47.097,47.097,core 4 cpu_idle,0.7119418005
0.0,47.097,47.097,core 5 cpu_idle,0.7119418005
