Start Time (Seconds),End Time (Seconds),Duration (Seconds),Component,Energy Consumption (Joule)
0,35.625,35.625,screen medium,19.024996875
0,26.638,26.638,wifi radio,6.9548741311
26.638,35.352,8.714,wifi running,0.1157898892
35.352,35.625,0.273,wifi radio,0.07127714685
0,35.625,35.625,phone_scanning,18.377847375
0.0,21611.481314,21611.481314,core 0 cpu_idle start,318.066976239
21611.481314,47.091,-21564.390314,core 0 cpu_idle,-317.373914446
0.0,47.091,47.091,core 1 cpu_idle,0.6930617925
0.0,47.091,47.091,core 2 cpu_idle,0.6930617925
0.0,47.091,47.091,core 3 cpu_idle,0.6930617925
0.0,47.091,47.091,core 4 cpu_idle,0.6930617925
0.0,47.091,47.091,core 5 cpu_idle,0.6930617925
