Start Time (Seconds),End Time (Seconds),Duration (Seconds),Component,Energy Consumption (Joule)
0,35.681,35.681,screen medium,19.054902835
0,29.822,29.822,wifi radio,7.7861797559
29.822,35.681,5.859,wifi running,0.0778532202
0,35.681,35.681,phone_scanning,18.4067360614
0.0,21611.485888,21611.485888,core 0 cpu_idle start,318.067043557
21611.485888,46.119,-21565.366888,core 0 cpu_idle,-317.388287174
0.0,46.119,46.119,core 1 cpu_idle,0.6787563825
0.0,46.119,46.119,core 2 cpu_idle,0.6787563825
0.0,46.119,46.119,core 3 cpu_idle,0.6787563825
0.0,46.119,46.119,core 4 cpu_idle,0.6787563825
0.0,46.119,46.119,core 5 cpu_idle,0.6787563825
