Start Time (Seconds),End Time (Seconds),Duration (Seconds),Component,Energy Consumption (Joule)
0,35.633,35.633,screen medium,19.255538705
0,35.633,35.633,wifi running,0.4791141914
0,35.633,35.633,phone_scanning,18.6005471522
0.0,46.113,46.113,core 0 cpu_idle,0.6867378525
0.0,46.113,46.113,core 1 cpu_idle,0.6867378525
0.0,46.113,46.113,core 2 cpu_idle,0.6867378525
0.0,46.113,46.113,core 3 cpu_idle,0.6867378525
0.0,46.113,46.113,core 4 cpu_idle,0.6867378525
0.0,21611.560944,21611.560944,core 5 cpu_idle start,321.850171359
21611.560944,46.113,-21565.447944,core 5 cpu_idle,-321.163433506
