Start Time (Seconds),End Time (Seconds),Duration (Seconds),Component,Energy Consumption (Joule)
0,35.664,35.664,screen medium,19.27229064
0,35.664,35.664,wifi running,0.4795310112
0,35.664,35.664,phone_scanning,18.6167292576
0.0,46.13,46.13,core 0 cpu_idle,0.686991025
0.0,21611.546189,21611.546189,core 1 cpu_idle start,321.84995162
21611.546189,46.13,-21565.416189,core 1 cpu_idle,-321.162960595
0.0,46.13,46.13,core 2 cpu_idle,0.686991025
0.0,46.13,46.13,core 3 cpu_idle,0.686991025
0.0,46.13,46.13,core 4 cpu_idle,0.686991025
0.0,46.13,46.13,core 5 cpu_idle,0.686991025
