Start Time (Seconds),End Time (Seconds),Duration (Seconds),Component,Energy Consumption (Joule)
0,35.634,35.634,screen medium,19.25607909
0,20.091,20.091,wifi running,0.2701395678
20.091,25.579,5.488,wifi scan,1.216610024
25.579,35.634,10.055,wifi running,0.135197519
0,35.634,35.634,phone_scanning,18.6010691556
0.0,47.122,47.122,core 0 cpu_idle,0.701764385
0.0,47.122,47.122,core 1 cpu_idle,0.701764385
0.0,47.122,47.122,core 2 cpu_idle,0.701764385
0.0,47.122,47.122,core 3 cpu_idle,0.701764385
0.0,47.122,47.122,core 4 cpu_idle,0.701764385
0.0,21611.45514,21611.45514,core 5 cpu_idle start,321.848595672
21611.45514,47.122,-21564.33314,core 5 cpu_idle,-321.146831287
