Start Time (Seconds),End Time (Seconds),Duration (Seconds),Component,Energy Consumption (Joule)
0,35.606,35.606,screen medium,19.53487584
0,35.606,35.606,wifi running,0.4860646272
0,35.606,35.606,phone_scanning,18.8703824256
0.0,46.078,46.078,core 0 cpu_idle,0.696699360001
0.0,46.078,46.078,core 1 cpu_idle,0.696699360001
0.0,46.078,46.078,core 2 cpu_idle,0.696699360001
0.0,21611.423059,21611.423059,core 3 cpu_idle start,326.764716652
21611.423059,46.078,-21565.345059,core 3 cpu_idle,-326.068017292
0.0,46.078,46.078,core 4 cpu_idle,0.696699360001
0.0,46.078,46.078,core 5 cpu_idle,0.696699360001
