Start Time (Seconds),End Time (Seconds),Duration (Seconds),Component,Energy Consumption (Joule)
0,35.582,35.582,screen medium,19.52170848
0,35.582,35.582,wifi running,0.4857369984
0,35.582,35.582,phone_scanning,18.8576629632
0.0,47.142,47.142,core 0 cpu_idle,0.71278704
0.0,47.142,47.142,core 1 cpu_idle,0.71278704
0.0,47.142,47.142,core 2 cpu_idle,0.71278704
0.0,21611.53135,21611.53135,core 3 cpu_idle start,326.766354012
21611.53135,47.142,-21564.38935,core 3 cpu_idle,-326.053566972
0.0,47.142,47.142,core 4 cpu_idle,0.71278704
0.0,47.142,47.142,core 5 cpu_idle,0.71278704
