Start Time (Seconds),End Time (Seconds),Duration (Seconds),Component,Energy Consumption (Joule)
0,35.601,35.601,screen medium,19.53213264
0,35.601,35.601,wifi running,0.4859963712
0,35.601,35.601,phone_scanning,18.8677325376
0.0,47.119,47.119,core 0 cpu_idle,0.71243928
0.0,47.119,47.119,core 1 cpu_idle,0.71243928
0.0,21611.40282,21611.40282,core 2 cpu_idle start,326.764410638
21611.40282,47.119,-21564.28382,core 2 cpu_idle,-326.051971358
0.0,47.119,47.119,core 3 cpu_idle,0.71243928
0.0,47.119,47.119,core 4 cpu_idle,0.71243928
0.0,47.119,47.119,core 5 cpu_idle,0.71243928
