Start Time (Seconds),End Time (Seconds),Duration (Seconds),Component,Energy Consumption (Joule)
0,35.601,35.601,screen medium,19.53213264
0,35.601,35.601,wifi running,0.4859963712
0,35.601,35.601,phone_scanning,18.8677325376
0.0,47.117,47.117,core 0 cpu_idle,0.71240904
0.0,21611.408985,21611.408985,core 1 cpu_idle start,326.764503853
21611.408985,47.117,-21564.291985,core 1 cpu_idle,-326.052094813
0.0,47.117,47.117,core 2 cpu_idle,0.71240904
0.0,47.117,47.117,core 3 cpu_idle,0.71240904
0.0,47.117,47.117,core 4 cpu_idle,0.71240904
0.0,47.117,47.117,core 5 cpu_idle,0.71240904
