Start Time (Seconds),End Time (Seconds),Duration (Seconds),Component,Energy Consumption (Joule)
0,35.591,35.591,screen medium,19.52664624
0,35.591,35.591,wifi running,0.4858598592
0,35.591,35.591,phone_scanning,18.8624327616
0.0,21611.435201,21611.435201,core 0 cpu_idle start,326.764900239
21611.435201,47.106,-21564.329201,core 0 cpu_idle,-326.052657519
0.0,47.106,47.106,core 1 cpu_idle,0.71224272
0.0,47.106,47.106,core 2 cpu_idle,0.71224272
0.0,47.106,47.106,core 3 cpu_idle,0.71224272
0.0,47.106,47.106,core 4 cpu_idle,0.71224272
0.0,47.106,47.106,core 5 cpu_idle,0.71224272
