Start Time (Seconds),End Time (Seconds),Duration (Seconds),Component,Energy Consumption (Joule)
0,35.687,35.687,screen medium,19.556654435
0,35.687,35.687,wifi running,0.4866065198
0,35.687,35.687,phone_scanning,18.8914202054
0.0,46.148,46.148,core 0 cpu_idle,0.69695017
0.0,46.148,46.148,core 1 cpu_idle,0.69695017
0.0,21611.500065,21611.500065,core 2 cpu_idle start,326.387679732
21611.500065,46.148,-21565.352065,core 2 cpu_idle,-325.690729562
0.0,46.148,46.148,core 3 cpu_idle,0.69695017
0.0,46.148,46.148,core 4 cpu_idle,0.69695017
0.0,46.148,46.148,core 5 cpu_idle,0.69695017
