Start Time (Seconds),End Time (Seconds),Duration (Seconds),Component,Energy Consumption (Joule)
0,35.648,35.648,screen medium,19.53528224
0,35.648,35.648,wifi running,0.4860747392
0,35.648,35.648,phone_scanning,18.8707750016
0.0,46.097,46.097,core 0 cpu_idle,0.6961799425
0.0,46.097,46.097,core 1 cpu_idle,0.6961799425
0.0,21611.50386,21611.50386,core 2 cpu_idle start,326.387737046
21611.50386,46.097,-21565.40686,core 2 cpu_idle,-325.691557103
0.0,46.097,46.097,core 3 cpu_idle,0.6961799425
0.0,46.097,46.097,core 4 cpu_idle,0.6961799425
0.0,46.097,46.097,core 5 cpu_idle,0.6961799425
