Start Time (Seconds),End Time (Seconds),Duration (Seconds),Component,Energy Consumption (Joule)
0,35.679,35.679,screen medium,19.552270395
0,35.679,35.679,wifi running,0.4864974366
0,35.679,35.679,phone_scanning,18.8871852918
0.0,46.077,46.077,core 0 cpu_idle,0.6958778925
0.0,46.077,46.077,core 1 cpu_idle,0.6958778925
0.0,21611.527985,21611.527985,core 2 cpu_idle start,326.388101393
21611.527985,46.077,-21565.450985,core 2 cpu_idle,-325.692223501
0.0,46.077,46.077,core 3 cpu_idle,0.6958778925
0.0,46.077,46.077,core 4 cpu_idle,0.6958778925
0.0,46.077,46.077,core 5 cpu_idle,0.6958778925
