Start Time (Seconds),End Time (Seconds),Duration (Seconds),Component,Energy Consumption (Joule)
0,35.667,35.667,screen medium,19.545694335
0,30.88,30.88,wifi radio,8.273318648
30.88,33.872,2.992,wifi running,0.0407971168
33.872,35.667,1.795,wifi radio,0.48091343825
0,35.667,35.667,phone_scanning,18.8808329214
0.0,47.135,47.135,core 0 cpu_idle,0.7118563375
0.0,47.135,47.135,core 1 cpu_idle,0.7118563375
0.0,47.135,47.135,core 2 cpu_idle,0.7118563375
0.0,47.135,47.135,core 3 cpu_idle,0.7118563375
0.0,21611.642085,21611.642085,core 4 cpu_idle start,326.389824589
21611.642085,47.135,-21564.507085,core 4 cpu_idle,-325.677968251
0.0,47.135,47.135,core 5 cpu_idle,0.7118563375
