Start Time (Seconds),End Time (Seconds),Duration (Seconds),Component,Energy Consumption (Joule)
0,35.615,35.615,screen medium,19.517198075
0,35.615,35.615,wifi running,0.485624771
0,35.615,35.615,phone_scanning,18.853305983
0.0,46.054,46.054,core 0 cpu_idle,0.695530535
0.0,46.054,46.054,core 1 cpu_idle,0.695530535
0.0,46.054,46.054,core 2 cpu_idle,0.695530535
0.0,46.054,46.054,core 3 cpu_idle,0.695530535
0.0,46.054,46.054,core 4 cpu_idle,0.695530535
0.0,21611.622077,21611.622077,core 5 cpu_idle start,326.389522418
21611.622077,46.054,-21565.568077,core 5 cpu_idle,-325.693991883
