Start Time (Seconds),End Time (Seconds),Duration (Seconds),Component,Energy Consumption (Joule)
0,35.644,35.644,screen medium,19.48782234
0,15.507,15.507,wifi running,0.2109541266
15.507,15.804,0.297,wifi scan,0.0666142785
15.804,35.644,19.84,wifi running,0.269899392
0,35.644,35.644,phone_scanning,18.8249294856
0.0,46.065,46.065,core 0 cpu_idle,0.6940843875
0.0,46.065,46.065,core 1 cpu_idle,0.6940843875
0.0,46.065,46.065,core 2 cpu_idle,0.6940843875
0.0,21611.5925,21611.5925,core 3 cpu_idle start,325.632669994
21611.5925,46.065,-21565.5275,core 3 cpu_idle,-324.938585606
0.0,46.065,46.065,core 4 cpu_idle,0.6940843875
0.0,46.065,46.065,core 5 cpu_idle,0.6940843875
