Start Time (Seconds),End Time (Seconds),Duration (Seconds),Component,Energy Consumption (Joule)
0,35.662,35.662,screen medium,19.49766357
0,35.662,35.662,wifi running,0.4851387156
0,35.662,35.662,phone_scanning,18.8344359588
0.0,47.152,47.152,core 0 cpu_idle,0.71046276
0.0,47.152,47.152,core 1 cpu_idle,0.71046276
0.0,47.152,47.152,core 2 cpu_idle,0.71046276
0.0,47.152,47.152,core 3 cpu_idle,0.71046276
0.0,47.152,47.152,core 4 cpu_idle,0.71046276
0.0,21611.738954,21611.738954,core 5 cpu_idle start,325.634876689
21611.738954,47.152,-21564.586954,core 5 cpu_idle,-324.924413929
