Start Time (Seconds),End Time (Seconds),Duration (Seconds),Component,Energy Consumption (Joule)
0,35.68,35.68,screen medium,19.5075048
0,35.68,35.68,wifi running,0.485383584
0,35.68,35.68,phone_scanning,18.843942432
0.0,47.063,47.063,core 0 cpu_idle,0.7091217525
0.0,47.063,47.063,core 1 cpu_idle,0.7091217525
0.0,47.063,47.063,core 2 cpu_idle,0.7091217525
0.0,47.063,47.063,core 3 cpu_idle,0.7091217525
0.0,47.063,47.063,core 4 cpu_idle,0.7091217525
0.0,21611.527793,21611.527793,core 5 cpu_idle start,325.631695021
21611.527793,47.063,-21564.464793,core 5 cpu_idle,-324.922573269
