Start Time (Seconds),End Time (Seconds),Duration (Seconds),Component,Energy Consumption (Joule)
0,35.707,35.707,screen medium,19.522266645
0,35.707,35.707,wifi running,0.4857508866
0,35.707,35.707,phone_scanning,18.8582021418
0.0,47.088,47.088,core 0 cpu_idle,0.70949844
0.0,21611.676074,21611.676074,core 1 cpu_idle start,325.633929245
21611.676074,47.088,-21564.588074,core 1 cpu_idle,-324.924430805
0.0,47.088,47.088,core 2 cpu_idle,0.70949844
0.0,47.088,47.088,core 3 cpu_idle,0.70949844
0.0,47.088,47.088,core 4 cpu_idle,0.70949844
0.0,47.088,47.088,core 5 cpu_idle,0.70949844
