Start Time (Seconds),End Time (Seconds),Duration (Seconds),Component,Energy Consumption (Joule)
0,35.689,35.689,screen medium,19.512425415
0,35.689,35.689,wifi scan,8.0047036545
0,35.689,35.689,phone_scanning,18.8486956686
0.0,46.139,46.139,core 0 cpu_idle,0.6951993825
0.0,46.139,46.139,core 1 cpu_idle,0.6951993825
0.0,21611.928868,21611.928868,core 2 cpu_idle start,325.637738219
21611.928868,46.139,-21565.789868,core 2 cpu_idle,-324.942538836
0.0,46.139,46.139,core 3 cpu_idle,0.6951993825
0.0,46.139,46.139,core 4 cpu_idle,0.6951993825
0.0,46.139,46.139,core 5 cpu_idle,0.6951993825
