Start Time (Seconds),End Time (Seconds),Duration (Seconds),Component,Energy Consumption (Joule)
0,35.621,35.621,screen medium,19.484295169
0,35.621,35.621,wifi running,0.48480608452
0,35.621,35.621,phone_scanning,18.821522294
0.0,21611.478541,21611.478541,core 0 cpu_idle start,325.782233266
21611.478541,47.123,-21564.355541,core 0 cpu_idle,-325.071877603
0.0,47.123,47.123,core 1 cpu_idle,0.7103556635
0.0,47.123,47.123,core 2 cpu_idle,0.7103556635
0.0,47.123,47.123,core 3 cpu_idle,0.7103556635
0.0,47.123,47.123,core 4 cpu_idle,0.7103556635
0.0,47.123,47.123,core 5 cpu_idle,0.7103556635
