Start Time (Seconds),End Time (Seconds),Duration (Seconds),Component,Energy Consumption (Joule)
0,35.631,35.631,screen medium,19.489765059
0,15.124,15.124,wifi running,0.20583945488
15.124,20.468,5.344,wifi scan,1.1991652768
20.468,35.631,15.163,wifi running,0.20637024956
0,35.631,35.631,phone_scanning,18.8268061216
0.0,46.115,46.115,core 0 cpu_idle,0.6951605675
0.0,46.115,46.115,core 1 cpu_idle,0.6951605675
0.0,46.115,46.115,core 2 cpu_idle,0.6951605675
0.0,46.115,46.115,core 3 cpu_idle,0.6951605675
0.0,21611.354803,21611.354803,core 4 cpu_idle start,325.780367978
21611.354803,46.115,-21565.239803,core 4 cpu_idle,-325.08520741
0.0,46.115,46.115,core 5 cpu_idle,0.6951605675
