Start Time (Seconds),End Time (Seconds),Duration (Seconds),Component,Energy Consumption (Joule)
0,35.67,35.67,screen medium,19.51109763
0,35.67,35.67,wifi running,0.4854729804
0,35.67,35.67,phone_scanning,18.8474130492
0.0,21611.532894,21611.532894,core 0 cpu_idle start,325.783052611
21611.532894,47.096,-21564.436894,core 0 cpu_idle,-325.073103959
0.0,47.096,47.096,core 1 cpu_idle,0.709948652
0.0,47.096,47.096,core 2 cpu_idle,0.709948652
0.0,47.096,47.096,core 3 cpu_idle,0.709948652
0.0,47.096,47.096,core 4 cpu_idle,0.709948652
0.0,47.096,47.096,core 5 cpu_idle,0.709948652
