Start Time (Seconds),End Time (Seconds),Duration (Seconds),Component,Energy Consumption (Joule)
0,35.598,35.598,screen medium,19.471714422
0,35.598,35.598,wifi running,0.48449305176
0,35.598,35.598,phone_scanning,18.8093694905
0.0,46.122,46.122,core 0 cpu_idle,0.695266089
0.0,21611.428239,21611.428239,core 1 cpu_idle start,325.781474989
21611.428239,46.122,-21565.306239,core 1 cpu_idle,-325.0862089
0.0,46.122,46.122,core 2 cpu_idle,0.695266089
0.0,46.122,46.122,core 3 cpu_idle,0.695266089
0.0,46.122,46.122,core 4 cpu_idle,0.695266089
0.0,46.122,46.122,core 5 cpu_idle,0.695266089
