Start Time (Seconds),End Time (Seconds),Duration (Seconds),Component,Energy Consumption (Joule)
0,35.606,35.606,screen medium,19.476090334
0,26.138,26.138,wifi radio,6.98986656494
26.138,31.641,5.503,wifi running,0.07489649036
31.641,35.606,3.965,wifi radio,1.06032676295
0,35.606,35.606,phone_scanning,18.8135965526
0.0,47.095,47.095,core 0 cpu_idle,0.7099335775
0.0,21611.689153,21611.689153,core 1 cpu_idle start,325.785408137
21611.689153,47.095,-21564.594153,core 1 cpu_idle,-325.075474559
0.0,47.095,47.095,core 2 cpu_idle,0.7099335775
0.0,47.095,47.095,core 3 cpu_idle,0.7099335775
0.0,47.095,47.095,core 4 cpu_idle,0.7099335775
0.0,47.095,47.095,core 5 cpu_idle,0.7099335775
