Start Time (Seconds),End Time (Seconds),Duration (Seconds),Component,Energy Consumption (Joule)
0,35.606,35.606,screen medium,19.539397802
0,20.287,20.287,wifi running,0.27700600132
20.287,25.661,5.374,wifi scan,1.2098169134
25.661,35.606,9.945,wifi running,0.1357926102
0,35.606,35.606,phone_scanning,18.8747505697
0.0,21611.660986,21611.660986,core 0 cpu_idle start,326.843954922
21611.660986,47.175,-21564.485986,core 0 cpu_idle,-326.130503809
0.0,47.175,47.175,core 1 cpu_idle,0.713451112501
0.0,47.175,47.175,core 2 cpu_idle,0.713451112501
0.0,47.175,47.175,core 3 cpu_idle,0.713451112501
0.0,47.175,47.175,core 4 cpu_idle,0.713451112501
0.0,47.175,47.175,core 5 cpu_idle,0.713451112501
