Start Time (Seconds),End Time (Seconds),Duration (Seconds),Component,Energy Consumption (Joule)
0,35.637,35.637,screen medium,19.556409579
0,21.376,21.376,wifi running,0.29187559936
21.376,26.798,5.422,wifi scan,1.2206228702
26.798,35.637,8.839,wifi running,0.12069088804
0,35.637,35.637,phone_scanning,18.8911836784
0.0,46.057,46.057,core 0 cpu_idle,0.6965430395
0.0,46.057,46.057,core 1 cpu_idle,0.6965430395
0.0,46.057,46.057,core 2 cpu_idle,0.6965430395
0.0,21611.369617,21611.369617,core 3 cpu_idle start,326.839548403
21611.369617,46.057,-21565.312617,core 3 cpu_idle,-326.143005363
0.0,46.057,46.057,core 4 cpu_idle,0.6965430395
0.0,46.057,46.057,core 5 cpu_idle,0.6965430395
