Start Time (Seconds),End Time (Seconds),Duration (Seconds),Component,Energy Consumption (Joule)
0,35.603,35.603,screen medium,19.537751501
0,20.251,20.251,wifi running,0.27651444436
20.251,25.649,5.398,wifi scan,1.2152198918
25.649,35.603,9.954,wifi running,0.13591549944
0,35.603,35.603,phone_scanning,18.8731602688
0.0,46.097,46.097,core 0 cpu_idle,0.6971479795
0.0,46.097,46.097,core 1 cpu_idle,0.6971479795
0.0,21611.931241,21611.931241,core 2 cpu_idle start,326.848042123
21611.931241,46.097,-21565.834241,core 2 cpu_idle,-326.150894144
0.0,46.097,46.097,core 3 cpu_idle,0.6971479795
0.0,46.097,46.097,core 4 cpu_idle,0.6971479795
0.0,46.097,46.097,core 5 cpu_idle,0.6971479795
