Start Time (Seconds),End Time (Seconds),Duration (Seconds),Component,Energy Consumption (Joule)
0,35.593,35.593,screen medium,19.532263831
0,20.283,20.283,wifi running,0.27695138388
20.283,20.57,0.287,wifi scan,0.0646106167
20.57,35.593,15.023,wifi running,0.20512945028
0,35.593,35.593,phone_scanning,18.867859266
0.0,46.089,46.089,core 0 cpu_idle,0.697026991501
0.0,46.089,46.089,core 1 cpu_idle,0.697026991501
0.0,21611.357783,21611.357783,core 2 cpu_idle start,326.839369431
21611.357783,46.089,-21565.268783,core 2 cpu_idle,-326.14234244
0.0,46.089,46.089,core 3 cpu_idle,0.697026991501
0.0,46.089,46.089,core 4 cpu_idle,0.697026991501
0.0,46.089,46.089,core 5 cpu_idle,0.697026991501
