Start Time (Seconds),End Time (Seconds),Duration (Seconds),Component,Energy Consumption (Joule)
0,35.64,35.64,screen medium,19.55805588
0,35.64,35.64,wifi running,0.4866413904
0,35.64,35.64,phone_scanning,18.8927739792
0.0,47.088,47.088,core 0 cpu_idle,0.712135368001
0.0,21611.193908,21611.193908,core 1 cpu_idle start,326.836891068
21611.193908,47.088,-21564.105908,core 1 cpu_idle,-326.1247557
0.0,47.088,47.088,core 2 cpu_idle,0.712135368001
0.0,47.088,47.088,core 3 cpu_idle,0.712135368001
0.0,47.088,47.088,core 4 cpu_idle,0.712135368001
0.0,47.088,47.088,core 5 cpu_idle,0.712135368001
