Start Time (Seconds),End Time (Seconds),Duration (Seconds),Component,Energy Consumption (Joule)
0,35.688,35.688,screen medium,19.520943432
0,35.688,35.688,wifi running,0.48571796256
0,35.688,35.688,phone_scanning,18.8569239389
0.0,21611.575839,21611.575839,core 0 cpu_idle start,325.783699985
21611.575839,47.136,-21564.439839,core 0 cpu_idle,-325.073148353
0.0,47.136,47.136,core 1 cpu_idle,0.710551632
0.0,47.136,47.136,core 2 cpu_idle,0.710551632
0.0,47.136,47.136,core 3 cpu_idle,0.710551632
0.0,47.136,47.136,core 4 cpu_idle,0.710551632
0.0,47.136,47.136,core 5 cpu_idle,0.710551632
