Start Time (Seconds),End Time (Seconds),Duration (Seconds),Component,Energy Consumption (Joule)
0,35.571,35.571,screen medium,19.456945719
0,19.158,19.158,wifi running,0.26074267896
19.158,24.656,5.498,wifi scan,1.2337220606
24.656,35.571,10.915,wifi running,0.1485544598
0,35.571,35.571,phone_scanning,18.795103156
0.0,47.113,47.113,core 0 cpu_idle,0.7102049185
0.0,47.113,47.113,core 1 cpu_idle,0.7102049185
0.0,47.113,47.113,core 2 cpu_idle,0.7102049185
0.0,47.113,47.113,core 3 cpu_idle,0.7102049185
0.0,21611.667131,21611.667131,core 4 cpu_idle start,325.785076166
21611.667131,47.113,-21564.554131,core 4 cpu_idle,-325.074871248
0.0,47.113,47.113,core 5 cpu_idle,0.7102049185
