Start Time (Seconds),End Time (Seconds),Duration (Seconds),Component,Energy Consumption (Joule)
0,35.524,35.524,screen medium,19.431237236
0,30.099,30.099,wifi running,0.40965100188
30.099,35.524,5.425,wifi scan,1.2173412475
0,35.524,35.524,phone_scanning,18.7702691662
0.0,46.086,46.086,core 0 cpu_idle,0.694723407
0.0,21611.42523,21611.42523,core 1 cpu_idle start,325.78142963
21611.42523,46.086,-21565.33923,core 1 cpu_idle,-325.086706223
0.0,46.086,46.086,core 2 cpu_idle,0.694723407
0.0,46.086,46.086,core 3 cpu_idle,0.694723407
0.0,46.086,46.086,core 4 cpu_idle,0.694723407
0.0,46.086,46.086,core 5 cpu_idle,0.694723407
