Start Time (Seconds),End Time (Seconds),Duration (Seconds),Component,Energy Consumption (Joule)
0,35.651,35.651,screen medium,19.500704839
0,35.651,35.651,wifi running,0.48521438812
0,35.651,35.651,phone_scanning,18.8373737768
0.0,46.103,46.103,core 0 cpu_idle,0.6949796735
0.0,46.103,46.103,core 1 cpu_idle,0.6949796735
0.0,46.103,46.103,core 2 cpu_idle,0.6949796735
0.0,46.103,46.103,core 3 cpu_idle,0.6949796735
0.0,46.103,46.103,core 4 cpu_idle,0.6949796735
0.0,21611.856997,21611.856997,core 5 cpu_idle start,325.787938301
21611.856997,46.103,-21565.753997,core 5 cpu_idle,-325.092958628
