Start Time (Seconds),End Time (Seconds),Duration (Seconds),Component,Energy Consumption (Joule)
0,35.584,35.584,screen medium,19.464056576
0,35.584,35.584,wifi running,0.48430251008
0,35.584,35.584,phone_scanning,18.8019721318
0.0,21611.474274,21611.474274,core 0 cpu_idle start,325.782168943
21611.474274,46.073,-21565.401274,core 0 cpu_idle,-325.087641505
0.0,46.073,46.073,core 1 cpu_idle,0.6945274385
0.0,46.073,46.073,core 2 cpu_idle,0.6945274385
0.0,46.073,46.073,core 3 cpu_idle,0.6945274385
0.0,46.073,46.073,core 4 cpu_idle,0.6945274385
0.0,46.073,46.073,core 5 cpu_idle,0.6945274385
