Start Time (Seconds),End Time (Seconds),Duration (Seconds),Component,Energy Consumption (Joule)
0,35.686,35.686,screen medium,19.62408826
0,35.686,35.686,wifi running,0.4882844008
0,35.686,35.686,phone_scanning,18.9565602184
0.0,47.104,47.104,core 0 cpu_idle,0.71386112
0.0,21611.344957,21611.344957,core 1 cpu_idle start,327.519932823
21611.344957,47.104,-21564.240957,core 1 cpu_idle,-326.806071703
0.0,47.104,47.104,core 2 cpu_idle,0.71386112
0.0,47.104,47.104,core 3 cpu_idle,0.71386112
0.0,47.104,47.104,core 4 cpu_idle,0.71386112
0.0,47.104,47.104,core 5 cpu_idle,0.71386112
