Start Time (Seconds),End Time (Seconds),Duration (Seconds),Component,Energy Consumption (Joule)
0,35.659,35.659,screen medium,19.60924069
0,19.828,19.828,wifi running,0.2713025584
19.828,25.17,5.342,wifi scan,1.205117806
25.17,35.659,10.489,wifi running,0.1435188892
0,35.659,35.659,phone_scanning,18.9422176996
0.0,21611.554723,21611.554723,core 0 cpu_idle start,327.523111827
21611.554723,46.132,-21565.422723,core 0 cpu_idle,-326.823981367
0.0,46.132,46.132,core 1 cpu_idle,0.69913046
0.0,46.132,46.132,core 2 cpu_idle,0.69913046
0.0,46.132,46.132,core 3 cpu_idle,0.69913046
0.0,46.132,46.132,core 4 cpu_idle,0.69913046
0.0,46.132,46.132,core 5 cpu_idle,0.69913046
