Start Time (Seconds),End Time (Seconds),Duration (Seconds),Component,Energy Consumption (Joule)
0,35.639,35.639,screen medium,19.59824249
0,34.365,34.365,wifi radio,9.2390199405
34.365,35.639,1.274,wifi running,0.0174318872
0,35.639,35.639,phone_scanning,18.9315936116
0.0,47.133,47.133,core 0 cpu_idle,0.714300615
0.0,47.133,47.133,core 1 cpu_idle,0.714300615
0.0,47.133,47.133,core 2 cpu_idle,0.714300615
0.0,21611.681861,21611.681861,core 3 cpu_idle start,327.525038603
21611.681861,47.133,-21564.548861,core 3 cpu_idle,-326.810737988
0.0,47.133,47.133,core 4 cpu_idle,0.714300615
0.0,47.133,47.133,core 5 cpu_idle,0.714300615
