Start Time (Seconds),End Time (Seconds),Duration (Seconds),Component,Energy Consumption (Joule)
0,35.623,35.623,screen medium,19.58944393
0,26.97,26.97,wifi radio,7.250876409
26.97,27.104,0.134,wifi running,0.0018334952
27.104,35.623,8.519,wifi radio,2.2903305943
0,35.623,35.623,phone_scanning,18.9230943412
0.0,47.089,47.089,core 0 cpu_idle,0.713633795
0.0,47.089,47.089,core 1 cpu_idle,0.713633795
0.0,47.089,47.089,core 2 cpu_idle,0.713633795
0.0,47.089,47.089,core 3 cpu_idle,0.713633795
0.0,21611.281334,21611.281334,core 4 cpu_idle start,327.518968617
21611.281334,47.089,-21564.192334,core 4 cpu_idle,-326.805334822
0.0,47.089,47.089,core 5 cpu_idle,0.713633795
