Start Time (Seconds),End Time (Seconds),Duration (Seconds),Component,Energy Consumption (Joule)
0,35.59,35.59,screen medium,19.5712969
0,24.839,24.839,wifi radio,6.6779576983
24.839,34.534,9.695,wifi running,0.132654746
34.534,35.59,1.056,wifi radio,0.2839052832
0,35.59,35.59,phone_scanning,18.905564596
0.0,46.101,46.101,core 0 cpu_idle,0.698660654999
0.0,46.101,46.101,core 1 cpu_idle,0.698660654999
0.0,46.101,46.101,core 2 cpu_idle,0.698660654999
0.0,46.101,46.101,core 3 cpu_idle,0.698660654999
0.0,21611.418883,21611.418883,core 4 cpu_idle start,327.521053172
21611.418883,46.101,-21565.317883,core 4 cpu_idle,-326.822392517
0.0,46.101,46.101,core 5 cpu_idle,0.698660654999
