Start Time (Seconds),End Time (Seconds),Duration (Seconds),Component,Energy Consumption (Joule)
0,35.584,35.584,screen medium,19.549920768
0,25.783,25.783,wifi radio,6.92534834922
25.783,29.37,3.587,wifi running,0.04903486392
29.37,35.584,6.214,wifi radio,1.66908872676
0,35.584,35.584,phone_scanning,18.8849155891
0.0,47.039,47.039,core 0 cpu_idle,0.712217499
0.0,47.039,47.039,core 1 cpu_idle,0.712217499
0.0,47.039,47.039,core 2 cpu_idle,0.712217499
0.0,21611.389107,21611.389107,core 3 cpu_idle start,327.218042469
21611.389107,47.039,-21564.350107,core 3 cpu_idle,-326.50582497
0.0,47.039,47.039,core 4 cpu_idle,0.712217499
0.0,47.039,47.039,core 5 cpu_idle,0.712217499
