Start Time (Seconds),End Time (Seconds),Duration (Seconds),Component,Energy Consumption (Joule)
0,35.566,35.566,screen medium,19.540031532
0,35.566,35.566,wifi running,0.48619291056
0,35.566,35.566,phone_scanning,18.8753627429
0.0,47.103,47.103,core 0 cpu_idle,0.713186523
0.0,47.103,47.103,core 1 cpu_idle,0.713186523
0.0,47.103,47.103,core 2 cpu_idle,0.713186523
0.0,21611.552918,21611.552918,core 3 cpu_idle start,327.220522731
21611.552918,47.103,-21564.449918,core 3 cpu_idle,-326.507336208
0.0,47.103,47.103,core 4 cpu_idle,0.713186523
0.0,47.103,47.103,core 5 cpu_idle,0.713186523
