Start Time (Seconds),End Time (Seconds),Duration (Seconds),Component,Energy Consumption (Joule)
0,35.58,35.58,screen medium,19.54772316
0,23.796,23.796,wifi running,0.32529512736
23.796,29.193,5.397,wifi scan,1.2164006862
29.193,35.58,6.387,wifi running,0.08731131192
0,35.58,35.58,phone_scanning,18.8827927344
0.0,46.089,46.089,core 0 cpu_idle,0.697833549
0.0,46.089,46.089,core 1 cpu_idle,0.697833549
0.0,21611.729366,21611.729366,core 2 cpu_idle start,327.223194331
21611.729366,46.089,-21565.640366,core 2 cpu_idle,-326.525360782
0.0,46.089,46.089,core 3 cpu_idle,0.697833549
0.0,46.089,46.089,core 4 cpu_idle,0.697833549
0.0,46.089,46.089,core 5 cpu_idle,0.697833549
