Start Time (Seconds),End Time (Seconds),Duration (Seconds),Component,Energy Consumption (Joule)
0,35.575,35.575,screen medium,19.54497615
0,20.525,20.525,wifi running,0.280580034
20.525,20.809,0.284,wifi scan,0.0640092264
20.809,35.575,14.766,wifi running,0.20185358256
0,35.575,35.575,phone_scanning,18.880139166
0.0,21611.614055,21611.614055,core 0 cpu_idle start,327.221448407
21611.614055,47.116,-21564.498055,core 0 cpu_idle,-326.508065051
0.0,47.116,47.116,core 1 cpu_idle,0.713383356
0.0,47.116,47.116,core 2 cpu_idle,0.713383356
0.0,47.116,47.116,core 3 cpu_idle,0.713383356
0.0,47.116,47.116,core 4 cpu_idle,0.713383356
0.0,47.116,47.116,core 5 cpu_idle,0.713383356
