Start Time (Seconds),End Time (Seconds),Duration (Seconds),Component,Energy Consumption (Joule)
0,35.602,35.602,screen medium,19.559810004
0,22.184,22.184,wifi running,0.30325882944
22.184,27.548,5.364,wifi scan,1.2089629944
27.548,35.602,8.054,wifi running,0.11009946864
0,35.602,35.602,phone_scanning,18.8944684354
0.0,46.122,46.122,core 0 cpu_idle,0.698333202
0.0,46.122,46.122,core 1 cpu_idle,0.698333202
0.0,46.122,46.122,core 2 cpu_idle,0.698333202
0.0,21611.559364,21611.559364,core 3 cpu_idle start,327.22062033
21611.559364,46.122,-21565.437364,core 3 cpu_idle,-326.522287128
0.0,46.122,46.122,core 4 cpu_idle,0.698333202
0.0,46.122,46.122,core 5 cpu_idle,0.698333202
