device,subject,run_id,energy_consumed,load_time
nexus5x,http1042018080wwwtheguardiancomwwwtheguardiancom1internationalhtml,1,63.066276,521.0
nexus5x,http1042018080wwwtheguardiancomwwwtheguardiancom1internationalhtml,2,76.368096,658.0
nexus5x,http1042018080wwwtheguardiancomwwwtheguardiancom1internationalhtml,3,75.429144,513.0
nexus5x,http1042018080wwwtheguardiancomwwwtheguardiancom1internationalhtml,4,76.524588,569.0
nexus5x,http1042018080wwwtheguardiancomwwwtheguardiancom1internationalhtml,5,75.585636,497.0
