Start Time (Seconds),End Time (Seconds),Duration (Seconds),Component,Energy Consumption (Joule)
0,35.622,35.622,screen medium,19.534606092
0,10.417,10.417,wifi running,0.14213871496
10.417,10.565,0.148,wifi scan,0.0332952344
10.565,35.622,25.057,wifi running,0.34189975816
0,35.622,35.622,phone_scanning,18.8701218533
0.0,21611.460848,21611.460848,core 0 cpu_idle start,326.614007796
21611.460848,47.071,-21564.389848,core 0 cpu_idle,-325.902623773
0.0,47.071,47.071,core 1 cpu_idle,0.711384023
0.0,47.071,47.071,core 2 cpu_idle,0.711384023
0.0,47.071,47.071,core 3 cpu_idle,0.711384023
0.0,47.071,47.071,core 4 cpu_idle,0.711384023
0.0,47.071,47.071,core 5 cpu_idle,0.711384023
