Start Time (Seconds),End Time (Seconds),Duration (Seconds),Component,Energy Consumption (Joule)
0,35.59,35.59,screen medium,19.51705774
0,35.59,35.59,wifi running,0.4856212792
0,35.59,35.59,phone_scanning,18.8531704216
0.0,47.076,47.076,core 0 cpu_idle,0.711459588
0.0,47.076,47.076,core 1 cpu_idle,0.711459588
0.0,47.076,47.076,core 2 cpu_idle,0.711459588
0.0,47.076,47.076,core 3 cpu_idle,0.711459588
0.0,47.076,47.076,core 4 cpu_idle,0.711459588
0.0,21611.727537,21611.727537,core 5 cpu_idle start,326.618038267
21611.727537,47.076,-21564.651537,core 5 cpu_idle,-325.906578679
