Start Time (Seconds),End Time (Seconds),Duration (Seconds),Component,Energy Consumption (Joule)
0,35.604,35.604,screen medium,19.524735144
0,35.604,35.604,wifi running,0.48581230752
0,35.604,35.604,phone_scanning,18.860586673
0.0,47.063,47.063,core 0 cpu_idle,0.711263119
0.0,47.063,47.063,core 1 cpu_idle,0.711263119
0.0,47.063,47.063,core 2 cpu_idle,0.711263119
0.0,21611.425215,21611.425215,core 3 cpu_idle start,326.613469274
21611.425215,47.063,-21564.362215,core 3 cpu_idle,-325.902206155
0.0,47.063,47.063,core 4 cpu_idle,0.711263119
0.0,47.063,47.063,core 5 cpu_idle,0.711263119
