Start Time (Seconds),End Time (Seconds),Duration (Seconds),Component,Energy Consumption (Joule)
0,35.619,35.619,screen medium,19.532960934
0,35.619,35.619,wifi running,0.48601698072
0,35.619,35.619,phone_scanning,18.8685326566
0.0,46.035,46.035,core 0 cpu_idle,0.695726955
0.0,21611.474933,21611.474933,core 1 cpu_idle start,326.614220662
21611.474933,46.035,-21565.439933,core 1 cpu_idle,-325.918493707
0.0,46.035,46.035,core 2 cpu_idle,0.695726955
0.0,46.035,46.035,core 3 cpu_idle,0.695726955
0.0,46.035,46.035,core 4 cpu_idle,0.695726955
0.0,46.035,46.035,core 5 cpu_idle,0.695726955
