Start Time (Seconds),End Time (Seconds),Duration (Seconds),Component,Energy Consumption (Joule)
0,35.637,35.637,screen medium,19.542831882
0,34.165,34.165,wifi radio,9.1597943423
34.165,35.637,1.472,wifi running,0.02008526336
0,35.637,35.637,phone_scanning,18.8780678369
0.0,46.093,46.093,core 0 cpu_idle,0.696603509
0.0,46.093,46.093,core 1 cpu_idle,0.696603509
0.0,46.093,46.093,core 2 cpu_idle,0.696603509
0.0,21611.387175,21611.387175,core 3 cpu_idle start,326.612894376
21611.387175,46.093,-21565.294175,core 3 cpu_idle,-325.916290867
0.0,46.093,46.093,core 4 cpu_idle,0.696603509
0.0,46.093,46.093,core 5 cpu_idle,0.696603509
