Start Time (Seconds),End Time (Seconds),Duration (Seconds),Component,Energy Consumption (Joule)
0,35.579,35.579,screen medium,19.501988428
0,25.62,25.62,wifi radio,6.8656588728
25.62,25.724,0.104,wifi running,0.00141841024
25.724,31.122,5.398,wifi scan,1.2138137128
31.122,35.579,4.457,wifi running,0.06078706192
0,35.579,35.579,phone_scanning,18.8386137035
0.0,47.117,47.117,core 0 cpu_idle,0.711749402
0.0,47.117,47.117,core 1 cpu_idle,0.711749402
0.0,21611.504569,21611.504569,core 2 cpu_idle start,326.463388019
21611.504569,47.117,-21564.387569,core 2 cpu_idle,-325.751638617
0.0,47.117,47.117,core 3 cpu_idle,0.711749402
0.0,47.117,47.117,core 4 cpu_idle,0.711749402
0.0,47.117,47.117,core 5 cpu_idle,0.711749402
