Start Time (Seconds),End Time (Seconds),Duration (Seconds),Component,Energy Consumption (Joule)
0,35.6,35.6,screen medium,19.5134992
0,30.27,30.27,wifi running,0.4128392112
30.27,35.6,5.33,wifi scan,1.198522988
0,35.6,35.6,phone_scanning,18.849732928
0.0,47.071,47.071,core 0 cpu_idle,0.711054526
0.0,21611.317852,21611.317852,core 1 cpu_idle start,326.460567472
21611.317852,47.071,-21564.246852,core 1 cpu_idle,-325.749512946
0.0,47.071,47.071,core 2 cpu_idle,0.711054526
0.0,47.071,47.071,core 3 cpu_idle,0.711054526
0.0,47.071,47.071,core 4 cpu_idle,0.711054526
0.0,47.071,47.071,core 5 cpu_idle,0.711054526
