Start Time (Seconds),End Time (Seconds),Duration (Seconds),Component,Energy Consumption (Joule)
0,35.592,35.592,screen medium,19.509114144
0,27.071,27.071,wifi running,0.36920945776
27.071,32.529,5.458,wifi scan,1.2273055288
32.529,35.592,3.063,wifi running,0.04177490928
0,35.592,35.592,phone_scanning,18.845497033
0.0,47.107,47.107,core 0 cpu_idle,0.711598342
0.0,47.107,47.107,core 1 cpu_idle,0.711598342
0.0,21611.493863,21611.493863,core 2 cpu_idle start,326.463226294
21611.493863,47.107,-21564.386863,core 2 cpu_idle,-325.751627952
0.0,47.107,47.107,core 3 cpu_idle,0.711598342
0.0,47.107,47.107,core 4 cpu_idle,0.711598342
0.0,47.107,47.107,core 5 cpu_idle,0.711598342
