Start Time (Seconds),End Time (Seconds),Duration (Seconds),Component,Energy Consumption (Joule)
0,35.612,35.612,screen medium,19.520076784
0,35.612,35.612,wifi running,0.48569639872
0,35.612,35.612,phone_scanning,18.8560867706
0.0,47.148,47.148,core 0 cpu_idle,0.712217688
0.0,47.148,47.148,core 1 cpu_idle,0.712217688
0.0,47.148,47.148,core 2 cpu_idle,0.712217688
0.0,21611.478137,21611.478137,core 3 cpu_idle start,326.462988738
21611.478137,47.148,-21564.330137,core 3 cpu_idle,-325.75077105
0.0,47.148,47.148,core 4 cpu_idle,0.712217688
0.0,47.148,47.148,core 5 cpu_idle,0.712217688
