Start Time (Seconds),End Time (Seconds),Duration (Seconds),Component,Energy Consumption (Joule)
0,35.56,35.56,screen medium,19.49157392
0,25.717,25.717,wifi radio,6.89165297548
25.717,28.704,2.987,wifi running,0.04073837872
28.704,34.178,5.474,wifi scan,1.2309033464
34.178,35.56,1.382,wifi running,0.01884848992
0,35.56,35.56,phone_scanning,18.8285534528
0.0,47.171,47.171,core 0 cpu_idle,0.712565126
0.0,47.171,47.171,core 1 cpu_idle,0.712565126
0.0,47.171,47.171,core 2 cpu_idle,0.712565126
0.0,21611.570068,21611.570068,core 3 cpu_idle start,326.464377447
21611.570068,47.171,-21564.399068,core 3 cpu_idle,-325.751812321
0.0,47.171,47.171,core 4 cpu_idle,0.712565126
0.0,47.171,47.171,core 5 cpu_idle,0.712565126
