Start Time (Seconds),End Time (Seconds),Duration (Seconds),Component,Energy Consumption (Joule)
0,35.691,35.691,screen medium,19.703894679
0,35.691,35.691,wifi running,0.49027013532
0,35.691,35.691,phone_scanning,19.0336519624
0.0,21611.441398,21611.441398,core 0 cpu_idle start,328.80727515
21611.441398,46.125,-21565.316398,core 0 cpu_idle,-328.105506337
0.0,46.125,46.125,core 1 cpu_idle,0.7017688125
0.0,46.125,46.125,core 2 cpu_idle,0.7017688125
0.0,46.125,46.125,core 3 cpu_idle,0.7017688125
0.0,46.125,46.125,core 4 cpu_idle,0.7017688125
0.0,46.125,46.125,core 5 cpu_idle,0.7017688125
