Start Time (Seconds),End Time (Seconds),Duration (Seconds),Component,Energy Consumption (Joule)
0,35.638,35.638,screen medium,19.674635022
0,22.741,22.741,wifi running,0.31238220132
22.741,28.218,5.477,wifi scan,1.2404238399
28.218,35.638,7.42,wifi running,0.1019249784
0,35.638,35.638,phone_scanning,19.0053875945
0.0,46.139,46.139,core 0 cpu_idle,0.701981815499
0.0,46.139,46.139,core 1 cpu_idle,0.701981815499
0.0,21611.577577,21611.577577,core 2 cpu_idle start,328.809347045
21611.577577,46.139,-21565.438577,core 2 cpu_idle,-328.10736523
0.0,46.139,46.139,core 3 cpu_idle,0.701981815499
0.0,46.139,46.139,core 4 cpu_idle,0.701981815499
0.0,46.139,46.139,core 5 cpu_idle,0.701981815499
