Start Time (Seconds),End Time (Seconds),Duration (Seconds),Component,Energy Consumption (Joule)
0,35.635,35.635,screen medium,19.672978815
0,35.635,35.635,wifi running,0.4895008902
0,35.635,35.635,phone_scanning,19.0037877246
0.0,46.17,46.17,core 0 cpu_idle,0.702453465
0.0,21611.41388,21611.41388,core 1 cpu_idle start,328.806856477
21611.41388,46.17,-21565.24388,core 1 cpu_idle,-328.104403012
0.0,46.17,46.17,core 2 cpu_idle,0.702453465
0.0,46.17,46.17,core 3 cpu_idle,0.702453465
0.0,46.17,46.17,core 4 cpu_idle,0.702453465
0.0,46.17,46.17,core 5 cpu_idle,0.702453465
