Start Time (Seconds),End Time (Seconds),Duration (Seconds),Component,Energy Consumption (Joule)
0,35.57,35.57,screen medium,19.63709433
0,21.365,21.365,wifi running,0.2934807498
21.365,21.621,0.256,wifi scan,0.0579785472
21.621,35.57,13.949,wifi running,0.19161071748
0,35.57,35.57,phone_scanning,18.9691238772
0.0,46.126,46.126,core 0 cpu_idle,0.701784027
0.0,46.126,46.126,core 1 cpu_idle,0.701784027
0.0,46.126,46.126,core 2 cpu_idle,0.701784027
0.0,46.126,46.126,core 3 cpu_idle,0.701784027
0.0,46.126,46.126,core 4 cpu_idle,0.701784027
0.0,21611.379737,21611.379737,core 5 cpu_idle start,328.806337009
21611.379737,46.126,-21565.253737,core 5 cpu_idle,-328.104552982
