Start Time (Seconds),End Time (Seconds),Duration (Seconds),Component,Energy Consumption (Joule)
0,35.654,35.654,screen medium,19.683468126
0,29.554,29.554,wifi radio,7.97677916742
29.554,31.609,2.055,wifi running,0.0282285486
31.609,35.654,4.045,wifi radio,1.09176665535
0,35.654,35.654,phone_scanning,19.0139202338
0.0,21611.575843,21611.575843,core 0 cpu_idle start,328.809320663
21611.575843,47.167,-21564.408843,core 0 cpu_idle,-328.091698342
0.0,47.167,47.167,core 1 cpu_idle,0.7176223215
0.0,47.167,47.167,core 2 cpu_idle,0.7176223215
0.0,47.167,47.167,core 3 cpu_idle,0.7176223215
0.0,47.167,47.167,core 4 cpu_idle,0.7176223215
0.0,47.167,47.167,core 5 cpu_idle,0.7176223215
