Start Time (Seconds),End Time (Seconds),Duration (Seconds),Component,Energy Consumption (Joule)
0,35.661,35.661,screen medium,19.578637881
0,32.897,32.897,wifi radio,8.83005055779
32.897,35.155,2.258,wifi running,0.03084581544
35.155,35.661,0.506,wifi radio,0.13581802542
0,35.661,35.661,phone_scanning,18.912655868
0.0,46.116,46.116,core 0 cpu_idle,0.697758138001
0.0,46.116,46.116,core 1 cpu_idle,0.697758138001
0.0,46.116,46.116,core 2 cpu_idle,0.697758138001
0.0,21611.548533,21611.548533,core 3 cpu_idle start,326.993535079
21611.548533,46.116,-21565.432533,core 3 cpu_idle,-326.295776941
0.0,46.116,46.116,core 4 cpu_idle,0.697758138001
0.0,46.116,46.116,core 5 cpu_idle,0.697758138001
