Start Time (Seconds),End Time (Seconds),Duration (Seconds),Component,Energy Consumption (Joule)
0,35.668,35.668,screen medium,19.582481028
0,35.668,35.668,wifi running,0.48724913424
0,35.668,35.668,phone_scanning,18.9163682875
0.0,46.072,46.072,core 0 cpu_idle,0.697092396
0.0,21611.395915,21611.395915,core 1 cpu_idle start,326.991225892
21611.395915,46.072,-21565.323915,core 1 cpu_idle,-326.294133496
0.0,46.072,46.072,core 2 cpu_idle,0.697092396
0.0,46.072,46.072,core 3 cpu_idle,0.697092396
0.0,46.072,46.072,core 4 cpu_idle,0.697092396
0.0,46.072,46.072,core 5 cpu_idle,0.697092396
