Start Time (Seconds),End Time (Seconds),Duration (Seconds),Component,Energy Consumption (Joule)
0,35.565,35.565,screen medium,19.525931865
0,35.565,35.565,wifi running,0.4858420842
0,35.565,35.565,phone_scanning,18.8617426866
0.0,46.029,46.029,core 0 cpu_idle,0.6964417845
0.0,46.029,46.029,core 1 cpu_idle,0.6964417845
0.0,21611.240199,21611.240199,core 2 cpu_idle start,326.988869831
21611.240199,46.029,-21565.211199,core 2 cpu_idle,-326.292428046
0.0,46.029,46.029,core 3 cpu_idle,0.6964417845
0.0,46.029,46.029,core 4 cpu_idle,0.6964417845
0.0,46.029,46.029,core 5 cpu_idle,0.6964417845
