Start Time (Seconds),End Time (Seconds),Duration (Seconds),Component,Energy Consumption (Joule)
0,35.564,35.564,screen medium,19.525382844
0,15.535,15.535,wifi running,0.2122186638
15.535,15.809,0.274,wifi scan,0.0617125542
15.809,35.564,19.755,wifi running,0.2698667334
0,35.564,35.564,phone_scanning,18.861212341
0.0,21611.435128,21611.435128,core 0 cpu_idle start,326.991819204
21611.435128,46.064,-21565.371128,core 0 cpu_idle,-326.294847852
0.0,46.064,46.064,core 1 cpu_idle,0.696971352
0.0,46.064,46.064,core 2 cpu_idle,0.696971352
0.0,46.064,46.064,core 3 cpu_idle,0.696971352
0.0,46.064,46.064,core 4 cpu_idle,0.696971352
0.0,46.064,46.064,core 5 cpu_idle,0.696971352
