Start Time (Seconds),End Time (Seconds),Duration (Seconds),Component,Energy Consumption (Joule)
0,35.595,35.595,screen medium,19.542402495
0,35.595,35.595,wifi scan,8.0170013385
0,35.595,35.595,phone_scanning,18.8776530558
0.0,46.074,46.074,core 0 cpu_idle,0.697122656999
0.0,21611.444195,21611.444195,core 1 cpu_idle start,326.991956392
21611.444195,46.074,-21565.370195,core 1 cpu_idle,-326.294833735
0.0,46.074,46.074,core 2 cpu_idle,0.697122656999
0.0,46.074,46.074,core 3 cpu_idle,0.697122656999
0.0,46.074,46.074,core 4 cpu_idle,0.697122656999
0.0,46.074,46.074,core 5 cpu_idle,0.697122656999
