Start Time (Seconds),End Time (Seconds),Duration (Seconds),Component,Energy Consumption (Joule)
0,35.685,35.685,screen medium,19.53289845
0,35.685,35.685,wifi running,0.486015426
0,35.685,35.685,phone_scanning,18.868472298
0.0,46.172,46.172,core 0 cpu_idle,0.69650462
0.0,46.172,46.172,core 1 cpu_idle,0.69650462
0.0,46.172,46.172,core 2 cpu_idle,0.69650462
0.0,21611.45003,21611.45003,core 3 cpu_idle start,326.008723703
21611.45003,46.172,-21565.27803,core 3 cpu_idle,-325.312219083
0.0,46.172,46.172,core 4 cpu_idle,0.69650462
0.0,46.172,46.172,core 5 cpu_idle,0.69650462
