Start Time (Seconds),End Time (Seconds),Duration (Seconds),Component,Energy Consumption (Joule)
0,35.604,35.604,screen medium,19.48856148
0,31.149,31.149,wifi radio,8.3357184771
31.149,34.959,3.81,wifi running,0.051890676
34.959,35.604,0.645,wifi radio,0.1726070955
0,35.604,35.604,phone_scanning,18.8256434832
0.0,46.08,46.08,core 0 cpu_idle,0.6951168
0.0,46.08,46.08,core 1 cpu_idle,0.6951168
0.0,21611.353864,21611.353864,core 2 cpu_idle start,326.007273038
21611.353864,46.08,-21565.273864,core 2 cpu_idle,-325.312156238
0.0,46.08,46.08,core 3 cpu_idle,0.6951168
0.0,46.08,46.08,core 4 cpu_idle,0.6951168
0.0,46.08,46.08,core 5 cpu_idle,0.6951168
