Start Time (Seconds),End Time (Seconds),Duration (Seconds),Component,Energy Consumption (Joule)
0,35.587,35.587,screen medium,19.47925619
0,35.587,35.587,wifi running,0.4846807052
0,35.587,35.587,phone_scanning,18.8166547196
0.0,21611.509936,21611.509936,core 0 cpu_idle start,326.009627385
21611.509936,46.154,-21565.355936,core 0 cpu_idle,-325.313394295
0.0,46.154,46.154,core 1 cpu_idle,0.696233090001
0.0,46.154,46.154,core 2 cpu_idle,0.696233090001
0.0,46.154,46.154,core 3 cpu_idle,0.696233090001
0.0,46.154,46.154,core 4 cpu_idle,0.696233090001
0.0,46.154,46.154,core 5 cpu_idle,0.696233090001
