Start Time (Seconds),End Time (Seconds),Duration (Seconds),Component,Energy Consumption (Joule)
0,35.626,35.626,screen medium,19.50060362
0,25.585,25.585,wifi radio,6.8467481215
25.585,35.626,10.041,wifi running,0.1367544036
0,35.626,35.626,phone_scanning,18.8372760008
0.0,46.107,46.107,core 0 cpu_idle,0.695524095
0.0,46.107,46.107,core 1 cpu_idle,0.695524095
0.0,21611.424205,21611.424205,core 2 cpu_idle start,326.008334132
21611.424205,46.107,-21565.317205,core 2 cpu_idle,-325.312810037
0.0,46.107,46.107,core 3 cpu_idle,0.695524095
0.0,46.107,46.107,core 4 cpu_idle,0.695524095
0.0,46.107,46.107,core 5 cpu_idle,0.695524095
