Start Time (Seconds),End Time (Seconds),Duration (Seconds),Component,Energy Consumption (Joule)
0,35.605,35.605,screen medium,19.48910885
0,35.605,35.605,wifi running,0.484925858
0,35.605,35.605,phone_scanning,18.826172234
0.0,47.099,47.099,core 0 cpu_idle,0.710488415
0.0,47.099,47.099,core 1 cpu_idle,0.710488415
0.0,21611.543965,21611.543965,core 2 cpu_idle start,326.010140712
21611.543965,47.099,-21564.444965,core 2 cpu_idle,-325.299652297
0.0,47.099,47.099,core 3 cpu_idle,0.710488415
0.0,47.099,47.099,core 4 cpu_idle,0.710488415
0.0,47.099,47.099,core 5 cpu_idle,0.710488415
