Start Time (Seconds),End Time (Seconds),Duration (Seconds),Component,Energy Consumption (Joule)
0,35.574,35.574,screen medium,19.643820504
0,35.574,35.574,wifi running,0.48877537632
0,35.574,35.574,phone_scanning,18.9756212554
0.0,21611.545119,21611.545119,core 0 cpu_idle start,328.884493621
21611.545119,47.113,-21564.432119,core 0 cpu_idle,-328.167527987
0.0,47.113,47.113,core 1 cpu_idle,0.716965634
0.0,47.113,47.113,core 2 cpu_idle,0.716965634
0.0,47.113,47.113,core 3 cpu_idle,0.716965634
0.0,47.113,47.113,core 4 cpu_idle,0.716965634
0.0,47.113,47.113,core 5 cpu_idle,0.716965634
