Start Time (Seconds),End Time (Seconds),Duration (Seconds),Component,Energy Consumption (Joule)
0,34.836,34.836,screen medium,19.236299856
0,34.836,34.836,wifi running,0.47863549248
0,34.836,34.836,phone_scanning,18.581962727
0.0,47.135,47.135,core 0 cpu_idle,0.71730043
0.0,47.135,47.135,core 1 cpu_idle,0.71730043
0.0,47.135,47.135,core 2 cpu_idle,0.71730043
0.0,47.135,47.135,core 3 cpu_idle,0.71730043
0.0,47.135,47.135,core 4 cpu_idle,0.71730043
0.0,21611.959898,21611.959898,core 5 cpu_idle start,328.890805728
21611.959898,47.135,-21564.824898,core 5 cpu_idle,-328.173505298
