Start Time (Seconds),End Time (Seconds),Duration (Seconds),Component,Energy Consumption (Joule)
0,35.614,35.614,screen medium,19.665908344
0,35.614,35.614,wifi running,0.48932496352
0,35.614,35.614,phone_scanning,18.996957761
0.0,47.129,47.129,core 0 cpu_idle,0.717209122
0.0,21611.484414,21611.484414,core 1 cpu_idle start,328.883569812
21611.484414,47.129,-21564.355414,core 1 cpu_idle,-328.16636069
0.0,47.129,47.129,core 2 cpu_idle,0.717209122
0.0,47.129,47.129,core 3 cpu_idle,0.717209122
0.0,47.129,47.129,core 4 cpu_idle,0.717209122
0.0,47.129,47.129,core 5 cpu_idle,0.717209122
