Start Time (Seconds),End Time (Seconds),Duration (Seconds),Component,Energy Consumption (Joule)
0,35.577,35.577,screen medium,19.645477092
0,28.602,28.602,wifi radio,7.72160528664
28.602,34.028,5.426,wifi running,0.07455150368
34.028,35.577,1.549,wifi radio,0.41817937868
0,35.577,35.577,phone_scanning,18.9772214933
0.0,47.119,47.119,core 0 cpu_idle,0.717056942
0.0,47.119,47.119,core 1 cpu_idle,0.717056942
0.0,47.119,47.119,core 2 cpu_idle,0.717056942
0.0,47.119,47.119,core 3 cpu_idle,0.717056942
0.0,21611.520917,21611.520917,core 4 cpu_idle start,328.884125315
21611.520917,47.119,-21564.401917,core 4 cpu_idle,-328.167068373
0.0,47.119,47.119,core 5 cpu_idle,0.717056942
