Start Time (Seconds),End Time (Seconds),Duration (Seconds),Component,Energy Consumption (Joule)
0,35.596,35.596,screen medium,19.655968816
0,10.528,10.528,wifi running,0.14465135104
10.528,10.701,0.173,wifi scan,0.0391898284
10.701,35.596,24.895,wifi running,0.3420493336
0,35.596,35.596,phone_scanning,18.9873563334
0.0,21611.416589,21611.416589,core 0 cpu_idle start,328.882537651
21611.416589,47.095,-21564.321589,core 0 cpu_idle,-328.165845941
0.0,47.095,47.095,core 1 cpu_idle,0.71669171
0.0,47.095,47.095,core 2 cpu_idle,0.71669171
0.0,47.095,47.095,core 3 cpu_idle,0.71669171
0.0,47.095,47.095,core 4 cpu_idle,0.71669171
0.0,47.095,47.095,core 5 cpu_idle,0.71669171
