Start Time (Seconds),End Time (Seconds),Duration (Seconds),Component,Energy Consumption (Joule)
0,35.606,35.606,screen medium,19.575573498
0,21.284,21.284,wifi running,0.29115745776
21.284,26.76,5.476,wifi scan,1.2350619684
26.76,35.606,8.846,wifi running,0.12101009544
0,35.606,35.606,phone_scanning,18.9096957223
0.0,47.104,47.104,core 0 cpu_idle,0.713696256
0.0,47.104,47.104,core 1 cpu_idle,0.713696256
0.0,21611.430017,21611.430017,core 2 cpu_idle start,327.445581903
21611.430017,47.104,-21564.326017,core 2 cpu_idle,-326.731885647
0.0,47.104,47.104,core 3 cpu_idle,0.713696256
0.0,47.104,47.104,core 4 cpu_idle,0.713696256
0.0,47.104,47.104,core 5 cpu_idle,0.713696256
