Start Time (Seconds),End Time (Seconds),Duration (Seconds),Component,Energy Consumption (Joule)
0,35.668,35.668,screen medium,19.609660044
0,20.146,20.146,wifi running,0.27559002744
20.146,20.403,0.257,wifi scan,0.0579640113
20.403,35.668,15.265,wifi running,0.2088197046
0,35.668,35.668,phone_scanning,18.942622789
0.0,47.147,47.147,core 0 cpu_idle,0.7143477705
0.0,47.147,47.147,core 1 cpu_idle,0.7143477705
0.0,47.147,47.147,core 2 cpu_idle,0.7143477705
0.0,21611.547875,21611.547875,core 3 cpu_idle start,327.447367628
21611.547875,47.147,-21564.400875,core 3 cpu_idle,-326.733019858
0.0,47.147,47.147,core 4 cpu_idle,0.7143477705
0.0,47.147,47.147,core 5 cpu_idle,0.7143477705
