Start Time (Seconds),End Time (Seconds),Duration (Seconds),Component,Energy Consumption (Joule)
0,35.536,35.536,screen medium,19.537088688
0,20.203,20.203,wifi running,0.27636976692
20.203,20.474,0.271,wifi scan,0.0611215839
20.474,35.536,15.062,wifi running,0.20604273768
0,35.536,35.536,phone_scanning,18.8725200019
0.0,47.129,47.129,core 0 cpu_idle,0.7140750435
0.0,47.129,47.129,core 1 cpu_idle,0.7140750435
0.0,47.129,47.129,core 2 cpu_idle,0.7140750435
0.0,47.129,47.129,core 3 cpu_idle,0.7140750435
0.0,47.129,47.129,core 4 cpu_idle,0.7140750435
0.0,21611.924947,21611.924947,core 5 cpu_idle start,327.453080834
21611.924947,47.129,-21564.795947,core 5 cpu_idle,-326.739005791
