Start Time (Seconds),End Time (Seconds),Duration (Seconds),Component,Energy Consumption (Joule)
0,35.601,35.601,screen medium,19.572824583
0,20.061,20.061,wifi running,0.27442725804
20.061,20.339,0.278,wifi scan,0.0627003702
20.339,35.601,15.262,wifi running,0.20877866568
0,35.601,35.601,phone_scanning,18.9070403137
0.0,47.165,47.165,core 0 cpu_idle,0.7146204975
0.0,47.165,47.165,core 1 cpu_idle,0.7146204975
0.0,21611.815819,21611.815819,core 2 cpu_idle start,327.451427382
21611.815819,47.165,-21564.650819,core 2 cpu_idle,-326.736806884
0.0,47.165,47.165,core 3 cpu_idle,0.7146204975
0.0,47.165,47.165,core 4 cpu_idle,0.7146204975
0.0,47.165,47.165,core 5 cpu_idle,0.7146204975
