Start Time (Seconds),End Time (Seconds),Duration (Seconds),Component,Energy Consumption (Joule)
0,35.585,35.585,screen medium,19.564028055
0,30.702,30.702,wifi radio,8.25231720222
30.702,35.585,4.883,wifi running,0.06679768212
0,35.585,35.585,phone_scanning,18.8985430062
0.0,47.123,47.123,core 0 cpu_idle,0.7139841345
0.0,47.123,47.123,core 1 cpu_idle,0.7139841345
0.0,47.123,47.123,core 2 cpu_idle,0.7139841345
0.0,47.123,47.123,core 3 cpu_idle,0.7139841345
0.0,47.123,47.123,core 4 cpu_idle,0.7139841345
0.0,21611.616065,21611.616065,core 5 cpu_idle start,327.448400809
21611.616065,47.123,-21564.493065,core 5 cpu_idle,-326.734416674
