Start Time (Seconds),End Time (Seconds),Duration (Seconds),Component,Energy Consumption (Joule)
0,35.681,35.681,screen medium,19.517114509
0,14.111,14.111,wifi running,0.19205240332
14.111,14.391,0.28,wifi scan,0.062830516
14.391,32.009,17.618,wifi radio,4.71143427734
32.009,35.681,3.672,wifi running,0.04997636064
0,35.681,35.681,phone_scanning,18.8532252596
0.0,21611.417836,21611.417836,core 0 cpu_idle start,325.781318169
21611.417836,47.046,-21564.371836,core 0 cpu_idle,-325.072123242
0.0,47.046,47.046,core 1 cpu_idle,0.709194927
0.0,47.046,47.046,core 2 cpu_idle,0.709194927
0.0,47.046,47.046,core 3 cpu_idle,0.709194927
0.0,47.046,47.046,core 4 cpu_idle,0.709194927
0.0,47.046,47.046,core 5 cpu_idle,0.709194927
