Start Time (Seconds),End Time (Seconds),Duration (Seconds),Component,Energy Consumption (Joule)
0,35.621,35.621,screen medium,19.484295169
0,35.621,35.621,wifi scan,7.9931636087
0,35.621,35.621,phone_scanning,18.821522294
0.0,47.119,47.119,core 0 cpu_idle,0.7102953655
0.0,47.119,47.119,core 1 cpu_idle,0.7102953655
0.0,21611.686809,21611.686809,core 2 cpu_idle start,325.785372802
21611.686809,47.119,-21564.567809,core 2 cpu_idle,-325.075077437
0.0,47.119,47.119,core 3 cpu_idle,0.7102953655
0.0,47.119,47.119,core 4 cpu_idle,0.7102953655
0.0,47.119,47.119,core 5 cpu_idle,0.7102953655
