Start Time (Seconds),End Time (Seconds),Duration (Seconds),Component,Energy Consumption (Joule)
0,35.601,35.601,screen medium,19.473355389
0,35.601,35.601,wifi running,0.48453388212
0,35.601,35.601,phone_scanning,18.8109546388
0.0,46.14,46.14,core 0 cpu_idle,0.69553743
0.0,21611.651827,21611.651827,core 1 cpu_idle start,325.784845466
21611.651827,46.14,-21565.511827,core 1 cpu_idle,-325.089308036
0.0,46.14,46.14,core 2 cpu_idle,0.69553743
0.0,46.14,46.14,core 3 cpu_idle,0.69553743
0.0,46.14,46.14,core 4 cpu_idle,0.69553743
0.0,46.14,46.14,core 5 cpu_idle,0.69553743
