Start Time (Seconds),End Time (Seconds),Duration (Seconds),Component,Energy Consumption (Joule)
0,35.647,35.647,screen medium,19.498516883
0,35.647,35.647,wifi running,0.48515994764
0,35.647,35.647,phone_scanning,18.8352602457
0.0,47.129,47.129,core 0 cpu_idle,0.7104461105
0.0,47.129,47.129,core 1 cpu_idle,0.7104461105
0.0,47.129,47.129,core 2 cpu_idle,0.7104461105
0.0,47.129,47.129,core 3 cpu_idle,0.7104461105
0.0,47.129,47.129,core 4 cpu_idle,0.7104461105
0.0,21611.462018,21611.462018,core 5 cpu_idle start,325.78198419
21611.462018,47.129,-21564.333018,core 5 cpu_idle,-325.07153808
