Start Time (Seconds),End Time (Seconds),Duration (Seconds),Component,Energy Consumption (Joule)
0,35.614,35.614,screen medium,19.665908344
0,25.002,25.002,wifi running,0.34351947936
25.002,30.355,5.353,wifi scan,1.2126193724
30.355,35.614,5.259,wifi running,0.07225697712
0,35.614,35.614,phone_scanning,18.996957761
0.0,47.17,47.17,core 0 cpu_idle,0.71783306
0.0,47.17,47.17,core 1 cpu_idle,0.71783306
0.0,21611.855235,21611.855235,core 2 cpu_idle start,328.889212966
21611.855235,47.17,-21564.685235,core 2 cpu_idle,-328.171379906
0.0,47.17,47.17,core 3 cpu_idle,0.71783306
0.0,47.17,47.17,core 4 cpu_idle,0.71783306
0.0,47.17,47.17,core 5 cpu_idle,0.71783306
