Start Time (Seconds),End Time (Seconds),Duration (Seconds),Component,Energy Consumption (Joule)
0,35.603,35.603,screen medium,19.659834188
0,20.049,20.049,wifi running,0.27546684432
20.049,20.274,0.225,wifi scan,0.05096943
20.274,35.603,15.329,wifi running,0.21061555472
0,35.603,35.603,phone_scanning,18.9910902219
0.0,46.081,46.081,core 0 cpu_idle,0.701260658
0.0,21611.52957,21611.52957,core 1 cpu_idle start,328.884256996
21611.52957,46.081,-21565.44857,core 1 cpu_idle,-328.182996338
0.0,46.081,46.081,core 2 cpu_idle,0.701260658
0.0,46.081,46.081,core 3 cpu_idle,0.701260658
0.0,46.081,46.081,core 4 cpu_idle,0.701260658
0.0,46.081,46.081,core 5 cpu_idle,0.701260658
