Start Time (Seconds),End Time (Seconds),Duration (Seconds),Component,Energy Consumption (Joule)
0,35.562,35.562,screen medium,19.637194152
0,35.562,35.562,wifi running,0.48861050016
0,35.562,35.562,phone_scanning,18.9692203037
0.0,47.104,47.104,core 0 cpu_idle,0.716828672
0.0,47.104,47.104,core 1 cpu_idle,0.716828672
0.0,47.104,47.104,core 2 cpu_idle,0.716828672
0.0,47.104,47.104,core 3 cpu_idle,0.716828672
0.0,21611.450908,21611.450908,core 4 cpu_idle start,328.883059918
21611.450908,47.104,-21564.346908,core 4 cpu_idle,-328.166231246
0.0,47.104,47.104,core 5 cpu_idle,0.716828672
