Start Time (Seconds),End Time (Seconds),Duration (Seconds),Component,Energy Consumption (Joule)
0,35.633,35.633,screen medium,19.676400068
0,20.026,20.026,wifi running,0.27515083168
20.026,20.317,0.291,wifi scan,0.0659204628
20.317,35.633,15.316,wifi running,0.21043693888
0,35.633,35.633,phone_scanning,19.0070926011
0.0,46.196,46.196,core 0 cpu_idle,0.703010728
0.0,46.196,46.196,core 1 cpu_idle,0.703010728
0.0,46.196,46.196,core 2 cpu_idle,0.703010728
0.0,21611.575621,21611.575621,core 3 cpu_idle start,328.8849578
21611.575621,46.196,-21565.379621,core 3 cpu_idle,-328.181947072
0.0,46.196,46.196,core 4 cpu_idle,0.703010728
0.0,46.196,46.196,core 5 cpu_idle,0.703010728
