Start Time (Seconds),End Time (Seconds),Duration (Seconds),Component,Energy Consumption (Joule)
0,35.614,35.614,screen medium,19.665908344
0,20.276,20.276,wifi running,0.27858575168
20.276,25.703,5.427,wifi scan,1.2293826516
25.703,35.614,9.911,wifi running,0.13617396848
0,35.614,35.614,phone_scanning,18.996957761
0.0,46.047,46.047,core 0 cpu_idle,0.700743246
0.0,21611.417923,21611.417923,core 1 cpu_idle start,328.882557952
21611.417923,46.047,-21565.370923,core 1 cpu_idle,-328.181814706
0.0,46.047,46.047,core 2 cpu_idle,0.700743246
0.0,46.047,46.047,core 3 cpu_idle,0.700743246
0.0,46.047,46.047,core 4 cpu_idle,0.700743246
0.0,46.047,46.047,core 5 cpu_idle,0.700743246
