Start Time (Seconds),End Time (Seconds),Duration (Seconds),Component,Energy Consumption (Joule)
0,35.576,35.576,screen medium,19.500344032
0,35.576,35.576,wifi running,0.48520541056
0,35.576,35.576,phone_scanning,18.8370252429
0.0,47.148,47.148,core 0 cpu_idle,0.712217688
0.0,47.148,47.148,core 1 cpu_idle,0.712217688
0.0,21611.516106,21611.516106,core 2 cpu_idle start,326.463562297
21611.516106,47.148,-21564.368106,core 2 cpu_idle,-325.751344609
0.0,47.148,47.148,core 3 cpu_idle,0.712217688
0.0,47.148,47.148,core 4 cpu_idle,0.712217688
0.0,47.148,47.148,core 5 cpu_idle,0.712217688
