Start Time (Seconds),End Time (Seconds),Duration (Seconds),Component,Energy Consumption (Joule)
0,35.616,35.616,screen medium,19.522269312
0,24.237,24.237,wifi running,0.33055777872
24.237,29.793,5.556,wifi scan,1.2493421616
29.793,35.616,5.823,wifi running,0.07941733488
0,35.616,35.616,phone_scanning,18.8582047181
0.0,46.184,46.184,core 0 cpu_idle,0.697655504
0.0,46.184,46.184,core 1 cpu_idle,0.697655504
0.0,21611.526631,21611.526631,core 2 cpu_idle start,326.463721288
21611.526631,46.184,-21565.342631,core 2 cpu_idle,-325.766065784
0.0,46.184,46.184,core 3 cpu_idle,0.697655504
0.0,46.184,46.184,core 4 cpu_idle,0.697655504
0.0,46.184,46.184,core 5 cpu_idle,0.697655504
