Start Time (Seconds),End Time (Seconds),Duration (Seconds),Component,Energy Consumption (Joule)
0,35.637,35.637,screen medium,19.533780084
0,20.46,20.46,wifi running,0.2790449376
20.46,25.871,5.411,wifi scan,1.2167369396
25.871,35.637,9.766,wifi running,0.13319417696
0,35.637,35.637,phone_scanning,18.8693239426
0.0,46.172,46.172,core 0 cpu_idle,0.697474231999
0.0,46.172,46.172,core 1 cpu_idle,0.697474231999
0.0,46.172,46.172,core 2 cpu_idle,0.697474231999
0.0,21611.588082,21611.588082,core 3 cpu_idle start,326.464649567
21611.588082,46.172,-21565.416082,core 3 cpu_idle,-325.767175335
0.0,46.172,46.172,core 4 cpu_idle,0.697474231999
0.0,46.172,46.172,core 5 cpu_idle,0.697474231999
