Start Time (Seconds),End Time (Seconds),Duration (Seconds),Component,Energy Consumption (Joule)
0,35.633,35.633,screen medium,19.531587556
0,22.999,22.999,wifi running,0.31367324144
22.999,28.46,5.461,wifi scan,1.2279801196
28.46,35.633,7.173,wifi running,0.09782939088
0,35.633,35.633,phone_scanning,18.867205995
0.0,46.083,46.083,core 0 cpu_idle,0.696129798001
0.0,46.083,46.083,core 1 cpu_idle,0.696129798001
0.0,46.083,46.083,core 2 cpu_idle,0.696129798001
0.0,21611.378936,21611.378936,core 3 cpu_idle start,326.461490207
21611.378936,46.083,-21565.295936,core 3 cpu_idle,-325.765360409
0.0,46.083,46.083,core 4 cpu_idle,0.696129798001
0.0,46.083,46.083,core 5 cpu_idle,0.696129798001
