Start Time (Seconds),End Time (Seconds),Duration (Seconds),Component,Energy Consumption (Joule)
0,35.613,35.613,screen medium,19.520624916
0,21.851,21.851,wifi running,0.29801617456
21.851,27.251,5.4,wifi scan,1.21426344
27.251,35.613,8.362,wifi running,0.11404563872
0,35.613,35.613,phone_scanning,18.8566162574
0.0,21611.469963,21611.469963,core 0 cpu_idle start,326.462865261
21611.469963,46.114,-21565.355963,core 0 cpu_idle,-325.766267177
0.0,46.114,46.114,core 1 cpu_idle,0.696598084
0.0,46.114,46.114,core 2 cpu_idle,0.696598084
0.0,46.114,46.114,core 3 cpu_idle,0.696598084
0.0,46.114,46.114,core 4 cpu_idle,0.696598084
0.0,46.114,46.114,core 5 cpu_idle,0.696598084
