Start Time (Seconds),End Time (Seconds),Duration (Seconds),Component,Energy Consumption (Joule)
0,35.67,35.67,screen medium,19.69230123
0,35.67,35.67,wifi running,0.4899816684
0,35.67,35.67,phone_scanning,19.0224528732
0.0,46.991,46.991,core 0 cpu_idle,0.7149445695
0.0,21611.429166,21611.429166,core 1 cpu_idle start,328.807089046
21611.429166,46.991,-21564.438166,core 1 cpu_idle,-328.092144477
0.0,46.991,46.991,core 2 cpu_idle,0.7149445695
0.0,46.991,46.991,core 3 cpu_idle,0.7149445695
0.0,46.991,46.991,core 4 cpu_idle,0.7149445695
0.0,46.991,46.991,core 5 cpu_idle,0.7149445695
