Start Time (Seconds),End Time (Seconds),Duration (Seconds),Component,Energy Consumption (Joule)
0,35.608,35.608,screen medium,19.658072952
0,35.608,35.608,wifi running,0.48913000416
0,35.608,35.608,phone_scanning,18.9893888957
0.0,47.068,47.068,core 0 cpu_idle,0.716116086
0.0,21611.556395,21611.556395,core 1 cpu_idle start,328.809024772
21611.556395,47.068,-21564.488395,core 1 cpu_idle,-328.092908686
0.0,47.068,47.068,core 2 cpu_idle,0.716116086
0.0,47.068,47.068,core 3 cpu_idle,0.716116086
0.0,47.068,47.068,core 4 cpu_idle,0.716116086
0.0,47.068,47.068,core 5 cpu_idle,0.716116086
