Start Time (Seconds),End Time (Seconds),Duration (Seconds),Component,Energy Consumption (Joule)
0,35.614,35.614,screen medium,19.661385366
0,35.614,35.614,wifi running,0.48921242328
0,35.614,35.614,phone_scanning,18.9925886354
0.0,47.111,47.111,core 0 cpu_idle,0.7167703095
0.0,21611.766811,21611.766811,core 1 cpu_idle start,328.812226146
21611.766811,47.111,-21564.655811,core 1 cpu_idle,-328.095455836
0.0,47.111,47.111,core 2 cpu_idle,0.7167703095
0.0,47.111,47.111,core 3 cpu_idle,0.7167703095
0.0,47.111,47.111,core 4 cpu_idle,0.7167703095
0.0,47.111,47.111,core 5 cpu_idle,0.7167703095
