Start Time (Seconds),End Time (Seconds),Duration (Seconds),Component,Energy Consumption (Joule)
0,35.728,35.728,screen medium,19.724321232
0,26.362,26.362,wifi running,0.36212214024
26.362,31.908,5.546,wifi scan,1.2560508702
31.908,35.728,3.82,wifi running,0.0524735064
0,35.728,35.728,phone_scanning,19.0533836909
0.0,47.097,47.097,core 0 cpu_idle,0.7165573065
0.0,47.097,47.097,core 1 cpu_idle,0.7165573065
0.0,47.097,47.097,core 2 cpu_idle,0.7165573065
0.0,21611.577739,21611.577739,core 3 cpu_idle start,328.80934951
21611.577739,47.097,-21564.480739,core 3 cpu_idle,-328.092792204
0.0,47.097,47.097,core 4 cpu_idle,0.7165573065
0.0,47.097,47.097,core 5 cpu_idle,0.7165573065
