Start Time (Seconds),End Time (Seconds),Duration (Seconds),Component,Energy Consumption (Joule)
0,35.643,35.643,screen medium,19.677395367
0,35.643,35.643,wifi running,0.48961078236
0,35.643,35.643,phone_scanning,19.0080540443
0.0,47.067,47.067,core 0 cpu_idle,0.7161008715
0.0,47.067,47.067,core 1 cpu_idle,0.7161008715
0.0,21611.54105,21611.54105,core 2 cpu_idle start,328.808791305
21611.54105,47.067,-21564.47405,core 2 cpu_idle,-328.092690434
0.0,47.067,47.067,core 3 cpu_idle,0.7161008715
0.0,47.067,47.067,core 4 cpu_idle,0.7161008715
0.0,47.067,47.067,core 5 cpu_idle,0.7161008715
