Start Time (Seconds),End Time (Seconds),Duration (Seconds),Component,Energy Consumption (Joule)
0,35.672,35.672,screen medium,19.5937378
0,35.672,35.672,wifi running,0.487529224
0,35.672,35.672,phone_scanning,18.927242152
0.0,46.071,46.071,core 0 cpu_idle,0.6973997625
0.0,21611.420865,21611.420865,core 1 cpu_idle start,327.142883344
21611.420865,46.071,-21565.349865,core 1 cpu_idle,-326.445483581
0.0,46.071,46.071,core 2 cpu_idle,0.6973997625
0.0,46.071,46.071,core 3 cpu_idle,0.6973997625
0.0,46.071,46.071,core 4 cpu_idle,0.6973997625
0.0,46.071,46.071,core 5 cpu_idle,0.6973997625
