Start Time (Seconds),End Time (Seconds),Duration (Seconds),Component,Energy Consumption (Joule)
0,35.58,35.58,screen medium,19.5432045
0,35.58,35.58,wifi scan,8.01733035
0,35.58,35.58,phone_scanning,18.87842778
0.0,21611.571809,21611.571809,core 0 cpu_idle start,327.145168259
21611.571809,46.161,-21565.410809,core 0 cpu_idle,-326.446406121
0.0,46.161,46.161,core 1 cpu_idle,0.698762137499
0.0,46.161,46.161,core 2 cpu_idle,0.698762137499
0.0,46.161,46.161,core 3 cpu_idle,0.698762137499
0.0,46.161,46.161,core 4 cpu_idle,0.698762137499
0.0,46.161,46.161,core 5 cpu_idle,0.698762137499
