Start Time (Seconds),End Time (Seconds),Duration (Seconds),Component,Energy Consumption (Joule)
0,35.585,35.585,screen medium,19.545950875
0,35.585,35.585,wifi running,0.486340195
0,35.585,35.585,phone_scanning,18.881080735
0.0,46.073,46.073,core 0 cpu_idle,0.6974300375
0.0,46.073,46.073,core 1 cpu_idle,0.6974300375
0.0,21611.306016,21611.306016,core 2 cpu_idle start,327.141144817
21611.306016,46.073,-21565.233016,core 2 cpu_idle,-326.44371478
0.0,46.073,46.073,core 3 cpu_idle,0.6974300375
0.0,46.073,46.073,core 4 cpu_idle,0.6974300375
0.0,46.073,46.073,core 5 cpu_idle,0.6974300375
