Start Time (Seconds),End Time (Seconds),Duration (Seconds),Component,Energy Consumption (Joule)
0,35.612,35.612,screen medium,19.5607813
0,15.615,15.615,wifi running,0.213410205
15.615,15.897,0.282,wifi scan,0.063543765
15.897,35.612,19.715,wifi running,0.269444905
0,35.612,35.612,phone_scanning,18.895406692
0.0,46.089,46.089,core 0 cpu_idle,0.6976722375
0.0,46.089,46.089,core 1 cpu_idle,0.6976722375
0.0,46.089,46.089,core 2 cpu_idle,0.6976722375
0.0,46.089,46.089,core 3 cpu_idle,0.6976722375
0.0,21611.507771,21611.507771,core 4 cpu_idle start,327.144198884
21611.507771,46.089,-21565.418771,core 4 cpu_idle,-326.446526646
0.0,46.089,46.089,core 5 cpu_idle,0.6976722375
