Start Time (Seconds),End Time (Seconds),Duration (Seconds),Component,Energy Consumption (Joule)
0,35.59,35.59,screen medium,19.54869725
0,35.59,35.59,wifi running,0.48640853
0,35.59,35.59,phone_scanning,18.88373369
0.0,46.151,46.151,core 0 cpu_idle,0.6986107625
0.0,21611.440162,21611.440162,core 1 cpu_idle start,327.143175452
21611.440162,46.151,-21565.289162,core 1 cpu_idle,-326.44456469
0.0,46.151,46.151,core 2 cpu_idle,0.6986107625
0.0,46.151,46.151,core 3 cpu_idle,0.6986107625
0.0,46.151,46.151,core 4 cpu_idle,0.6986107625
0.0,46.151,46.151,core 5 cpu_idle,0.6986107625
