Start Time (Seconds),End Time (Seconds),Duration (Seconds),Component,Energy Consumption (Joule)
0,35.614,35.614,screen medium,19.507604114
0,35.614,35.614,wifi scan,8.0027257822
0,35.614,35.614,phone_scanning,18.8440383678
0.0,47.119,47.119,core 0 cpu_idle,0.7112848645
0.0,47.119,47.119,core 1 cpu_idle,0.7112848645
0.0,21611.513378,21611.513378,core 2 cpu_idle start,326.236600198
21611.513378,47.119,-21564.394378,core 2 cpu_idle,-325.525315333
0.0,47.119,47.119,core 3 cpu_idle,0.7112848645
0.0,47.119,47.119,core 4 cpu_idle,0.7112848645
0.0,47.119,47.119,core 5 cpu_idle,0.7112848645
