Start Time (Seconds),End Time (Seconds),Duration (Seconds),Component,Energy Consumption (Joule)
0,35.618,35.618,screen medium,19.509795118
0,13.475,13.475,wifi running,0.183651853
13.475,13.753,0.278,wifi scan,0.0624686294
13.753,35.618,21.865,wifi running,0.2979998342
0,35.618,35.618,phone_scanning,18.8461548431
0.0,21611.570489,21611.570489,core 0 cpu_idle start,326.237462317
21611.570489,47.135,-21564.435489,core 0 cpu_idle,-325.525935924
0.0,47.135,47.135,core 1 cpu_idle,0.7115263925
0.0,47.135,47.135,core 2 cpu_idle,0.7115263925
0.0,47.135,47.135,core 3 cpu_idle,0.7115263925
0.0,47.135,47.135,core 4 cpu_idle,0.7115263925
0.0,47.135,47.135,core 5 cpu_idle,0.7115263925
