Start Time (Seconds),End Time (Seconds),Duration (Seconds),Component,Energy Consumption (Joule)
0,35.699,35.699,screen medium,19.554162949
0,24.878,24.878,wifi radio,6.66218336126
24.878,34.488,9.61,wifi running,0.1309754588
34.488,35.699,1.211,wifi radio,0.32429873987
0,35.699,35.699,phone_scanning,18.8890134692
0.0,47.12,47.12,core 0 cpu_idle,0.71129996
0.0,47.12,47.12,core 1 cpu_idle,0.71129996
0.0,21611.448996,21611.448996,core 2 cpu_idle start,326.235628319
21611.448996,47.12,-21564.328996,core 2 cpu_idle,-325.524328359
0.0,47.12,47.12,core 3 cpu_idle,0.71129996
0.0,47.12,47.12,core 4 cpu_idle,0.71129996
0.0,47.12,47.12,core 5 cpu_idle,0.71129996
