Start Time (Seconds),End Time (Seconds),Duration (Seconds),Component,Energy Consumption (Joule)
0,35.566,35.566,screen medium,19.481312066
0,35.566,35.566,wifi running,0.48473185928
0,35.566,35.566,phone_scanning,18.8186406634
0.0,21611.897533,21611.897533,core 0 cpu_idle start,326.242399209
21611.897533,46.119,-21565.778533,core 0 cpu_idle,-325.546209845
0.0,46.119,46.119,core 1 cpu_idle,0.6961893645
0.0,46.119,46.119,core 2 cpu_idle,0.6961893645
0.0,46.119,46.119,core 3 cpu_idle,0.6961893645
0.0,46.119,46.119,core 4 cpu_idle,0.6961893645
0.0,46.119,46.119,core 5 cpu_idle,0.6961893645
