Start Time (Seconds),End Time (Seconds),Duration (Seconds),Component,Energy Consumption (Joule)
0,35.6,35.6,screen medium,19.4999356
0,24.53,24.53,wifi radio,6.5689909901
24.53,25.272,0.742,wifi running,0.01011277736
25.272,35.6,10.328,wifi radio,2.76577818776
0,35.6,35.6,phone_scanning,18.836630704
0.0,47.115,47.115,core 0 cpu_idle,0.7112244825
0.0,47.115,47.115,core 1 cpu_idle,0.7112244825
0.0,47.115,47.115,core 2 cpu_idle,0.7112244825
0.0,21611.518048,21611.518048,core 3 cpu_idle start,326.236670694
21611.518048,47.115,-21564.403048,core 3 cpu_idle,-325.525446211
0.0,47.115,47.115,core 4 cpu_idle,0.7112244825
0.0,47.115,47.115,core 5 cpu_idle,0.7112244825
