device,subject,run_id,energy_consumed,load_time
nexus5x,http1042018080wwwtheguardiancomwwwtheguardiancom2internationalhtml,1,64.636416,773.0
nexus5x,http1042018080wwwtheguardiancomwwwtheguardiancom2internationalhtml,2,78.620256,778.0
nexus5x,http1042018080wwwtheguardiancomwwwtheguardiancom2internationalhtml,3,75.668112,694.0
nexus5x,http1042018080wwwtheguardiancomwwwtheguardiancom2internationalhtml,4,52.361712,529.0
nexus5x,http1042018080wwwtheguardiancomwwwtheguardiancom2internationalhtml,5,81.261648,515.0
