Start Time (Seconds),End Time (Seconds),Duration (Seconds),Component,Energy Consumption (Joule)
0,35.561,35.561,screen medium,19.537284522
0,26.252,26.252,wifi radio,7.05132237768
26.252,29.343,3.091,wifi running,0.04225446456
29.343,35.561,6.218,wifi radio,1.67016313212
0,35.561,35.561,phone_scanning,18.8727091745
0.0,46.1,46.1,core 0 cpu_idle,0.698000100001
0.0,46.1,46.1,core 1 cpu_idle,0.698000100001
0.0,21611.411863,21611.411863,core 2 cpu_idle start,327.218387018
21611.411863,46.1,-21565.311863,core 2 cpu_idle,-326.520386918
0.0,46.1,46.1,core 3 cpu_idle,0.698000100001
0.0,46.1,46.1,core 4 cpu_idle,0.698000100001
0.0,46.1,46.1,core 5 cpu_idle,0.698000100001
