Start Time (Seconds),End Time (Seconds),Duration (Seconds),Component,Energy Consumption (Joule)
0,35.666,35.666,screen medium,19.594971732
0,14.141,14.141,wifi running,0.19330973256
14.141,14.426,0.285,wifi scan,0.064234611
14.426,35.666,21.24,wifi running,0.2903541984
0,35.666,35.666,phone_scanning,18.9284341109
0.0,47.115,47.115,core 0 cpu_idle,0.713368215
0.0,47.115,47.115,core 1 cpu_idle,0.713368215
0.0,47.115,47.115,core 2 cpu_idle,0.713368215
0.0,21611.398946,21611.398946,core 3 cpu_idle start,327.218191441
21611.398946,47.115,-21564.283946,core 3 cpu_idle,-326.504823226
0.0,47.115,47.115,core 4 cpu_idle,0.713368215
0.0,47.115,47.115,core 5 cpu_idle,0.713368215
