Start Time (Seconds),End Time (Seconds),Duration (Seconds),Component,Energy Consumption (Joule)
0,35.674,35.674,screen medium,19.599366948
0,35.674,35.674,wifi running,0.48766928784
0,35.674,35.674,phone_scanning,18.9326798203
0.0,47.107,47.107,core 0 cpu_idle,0.713247086999
0.0,47.107,47.107,core 1 cpu_idle,0.713247086999
0.0,47.107,47.107,core 2 cpu_idle,0.713247086999
0.0,47.107,47.107,core 3 cpu_idle,0.713247086999
0.0,47.107,47.107,core 4 cpu_idle,0.713247086999
0.0,21611.45413,21611.45413,core 5 cpu_idle start,327.219026982
21611.45413,47.107,-21564.34713,core 5 cpu_idle,-326.505779895
