Start Time (Seconds),End Time (Seconds),Duration (Seconds),Component,Energy Consumption (Joule)
0,35.607,35.607,screen medium,19.562557014
0,35.607,35.607,wifi scan,8.0252694522
0,35.607,35.607,phone_scanning,18.8971220038
0.0,47.055,47.055,core 0 cpu_idle,0.712459755
0.0,47.055,47.055,core 1 cpu_idle,0.712459755
0.0,47.055,47.055,core 2 cpu_idle,0.712459755
0.0,47.055,47.055,core 3 cpu_idle,0.712459755
0.0,47.055,47.055,core 4 cpu_idle,0.712459755
0.0,21611.533074,21611.533074,core 5 cpu_idle start,327.220222273
21611.533074,47.055,-21564.478074,core 5 cpu_idle,-326.507762518
