Start Time (Seconds),End Time (Seconds),Duration (Seconds),Component,Energy Consumption (Joule)
0,35.604,35.604,screen medium,19.560908808
0,35.604,35.604,wifi running,0.48671237664
0,35.604,35.604,phone_scanning,18.8955298627
0.0,46.071,46.071,core 0 cpu_idle,0.697561011
0.0,46.071,46.071,core 1 cpu_idle,0.697561011
0.0,46.071,46.071,core 2 cpu_idle,0.697561011
0.0,21611.481768,21611.481768,core 3 cpu_idle start,327.219445449
21611.481768,46.071,-21565.410768,core 3 cpu_idle,-326.521884438
0.0,46.071,46.071,core 4 cpu_idle,0.697561011
0.0,46.071,46.071,core 5 cpu_idle,0.697561011
