Start Time (Seconds),End Time (Seconds),Duration (Seconds),Component,Energy Consumption (Joule)
0,35.678,35.678,screen medium,19.696717782
0,20.183,20.183,wifi running,0.27724418316
20.183,20.421,0.238,wifi scan,0.0539019306
20.421,35.331,14.91,wifi radio,4.0242869793
35.331,35.678,0.347,wifi running,0.00476657244
0,35.678,35.678,phone_scanning,19.0267191929
0.0,46.075,46.075,core 0 cpu_idle,0.7010080875
0.0,46.075,46.075,core 1 cpu_idle,0.7010080875
0.0,21611.492595,21611.492595,core 2 cpu_idle start,328.808054087
21611.492595,46.075,-21565.417595,core 2 cpu_idle,-328.107045999
0.0,46.075,46.075,core 3 cpu_idle,0.7010080875
0.0,46.075,46.075,core 4 cpu_idle,0.7010080875
0.0,46.075,46.075,core 5 cpu_idle,0.7010080875
