Start Time (Seconds),End Time (Seconds),Duration (Seconds),Component,Energy Consumption (Joule)
0,34.989,34.989,screen medium,19.316342241
0,29.507,29.507,wifi running,0.40532349564
29.507,34.989,5.482,wifi scan,1.2415562334
0,34.989,34.989,phone_scanning,18.6592824104
0.0,46.073,46.073,core 0 cpu_idle,0.7009776585
0.0,46.073,46.073,core 1 cpu_idle,0.7009776585
0.0,21611.469839,21611.469839,core 2 cpu_idle start,328.807707865
21611.469839,46.073,-21565.396839,core 2 cpu_idle,-328.106730207
0.0,46.073,46.073,core 3 cpu_idle,0.7009776585
0.0,46.073,46.073,core 4 cpu_idle,0.7009776585
0.0,46.073,46.073,core 5 cpu_idle,0.7009776585
