Start Time (Seconds),End Time (Seconds),Duration (Seconds),Component,Energy Consumption (Joule)
0,35.649,35.649,screen medium,19.680707781
0,35.366,35.366,wifi radio,9.54546836418
35.366,35.649,0.283,wifi running,0.00388743516
0,35.649,35.649,phone_scanning,19.011253784
0.0,46.051,46.051,core 0 cpu_idle,0.7006429395
0.0,21611.446366,21611.446366,core 1 cpu_idle start,328.807350736
21611.446366,46.051,-21565.395366,core 1 cpu_idle,-328.106707796
0.0,46.051,46.051,core 2 cpu_idle,0.7006429395
0.0,46.051,46.051,core 3 cpu_idle,0.7006429395
0.0,46.051,46.051,core 4 cpu_idle,0.7006429395
0.0,46.051,46.051,core 5 cpu_idle,0.7006429395
