Start Time (Seconds),End Time (Seconds),Duration (Seconds),Component,Energy Consumption (Joule)
0,35.749,35.749,screen medium,19.735914681
0,20.001,20.001,wifi running,0.27474413652
20.001,25.321,5.32,wifi scan,1.204866684
25.321,35.749,10.428,wifi running,0.14324443056
0,35.749,35.749,phone_scanning,19.06458278
0.0,47.121,47.121,core 0 cpu_idle,0.7169224545
0.0,47.121,47.121,core 1 cpu_idle,0.7169224545
0.0,21611.730749,21611.730749,core 2 cpu_idle start,328.811677481
21611.730749,47.121,-21564.609749,core 2 cpu_idle,-328.094755026
0.0,47.121,47.121,core 3 cpu_idle,0.7169224545
0.0,47.121,47.121,core 4 cpu_idle,0.7169224545
0.0,47.121,47.121,core 5 cpu_idle,0.7169224545
