Start Time (Seconds),End Time (Seconds),Duration (Seconds),Component,Energy Consumption (Joule)
0,35.757,35.757,screen medium,19.740331233
0,23.673,23.673,wifi running,0.32518463796
23.673,29.194,5.521,wifi scan,1.2503889027
29.194,35.757,6.563,wifi running,0.09015278076
0,35.757,35.757,phone_scanning,19.0688490997
0.0,47.053,47.053,core 0 cpu_idle,0.7158878685
0.0,21611.56295,21611.56295,core 1 cpu_idle start,328.809124503
21611.56295,47.053,-21564.50995,core 1 cpu_idle,-328.093236634
0.0,47.053,47.053,core 2 cpu_idle,0.7158878685
0.0,47.053,47.053,core 3 cpu_idle,0.7158878685
0.0,47.053,47.053,core 4 cpu_idle,0.7158878685
0.0,47.053,47.053,core 5 cpu_idle,0.7158878685
