Start Time (Seconds),End Time (Seconds),Duration (Seconds),Component,Energy Consumption (Joule)
0,35.626,35.626,screen medium,19.487030114
0,35.626,35.626,wifi running,0.48487413512
0,35.626,35.626,phone_scanning,18.8241642078
0.0,47.108,47.108,core 0 cpu_idle,0.710129546
0.0,47.108,47.108,core 1 cpu_idle,0.710129546
0.0,47.108,47.108,core 2 cpu_idle,0.710129546
0.0,47.108,47.108,core 3 cpu_idle,0.710129546
0.0,47.108,47.108,core 4 cpu_idle,0.710129546
0.0,21611.673513,21611.673513,core 5 cpu_idle start,325.785172372
21611.673513,47.108,-21564.565513,core 5 cpu_idle,-325.075042826
