Start Time (Seconds),End Time (Seconds),Duration (Seconds),Component,Energy Consumption (Joule)
0,35.7,35.7,screen medium,19.5275073
0,35.7,35.7,wifi scan,8.01089079
0,35.7,35.7,phone_scanning,18.863264532
0.0,21611.317016,21611.317016,core 0 cpu_idle start,325.779798358
21611.317016,46.093,-21565.224016,core 0 cpu_idle,-325.084969429
0.0,46.093,46.093,core 1 cpu_idle,0.6948289285
0.0,46.093,46.093,core 2 cpu_idle,0.6948289285
0.0,46.093,46.093,core 3 cpu_idle,0.6948289285
0.0,46.093,46.093,core 4 cpu_idle,0.6948289285
0.0,46.093,46.093,core 5 cpu_idle,0.6948289285
