Start Time (Seconds),End Time (Seconds),Duration (Seconds),Component,Energy Consumption (Joule)
0,35.604,35.604,screen medium,19.474996356
0,35.604,35.604,wifi running,0.48457471248
0,35.604,35.604,phone_scanning,18.812539787
0.0,46.053,46.053,core 0 cpu_idle,0.6942259485
0.0,46.053,46.053,core 1 cpu_idle,0.6942259485
0.0,46.053,46.053,core 2 cpu_idle,0.6942259485
0.0,46.053,46.053,core 3 cpu_idle,0.6942259485
0.0,46.053,46.053,core 4 cpu_idle,0.6942259485
0.0,21611.502862,21611.502862,core 5 cpu_idle start,325.782599893
21611.502862,46.053,-21565.449862,core 5 cpu_idle,-325.088373945
