Start Time (Seconds),End Time (Seconds),Duration (Seconds),Component,Energy Consumption (Joule)
0,35.64,35.64,screen medium,19.49468796
0,13.955,13.955,wifi running,0.1899292246
13.955,14.109,0.154,wifi scan,0.0345567838
14.109,35.64,21.531,wifi running,0.29303949372
0,35.64,35.64,phone_scanning,18.8315615664
0.0,46.192,46.192,core 0 cpu_idle,0.696321304
0.0,21611.372138,21611.372138,core 1 cpu_idle start,325.780629294
21611.372138,46.192,-21565.180138,core 1 cpu_idle,-325.08430799
0.0,46.192,46.192,core 2 cpu_idle,0.696321304
0.0,46.192,46.192,core 3 cpu_idle,0.696321304
0.0,46.192,46.192,core 4 cpu_idle,0.696321304
0.0,46.192,46.192,core 5 cpu_idle,0.696321304
