Start Time (Seconds),End Time (Seconds),Duration (Seconds),Component,Energy Consumption (Joule)
0,35.611,35.611,screen medium,19.243650235
0,21.063,21.063,wifi running,0.2832088854
21.063,26.47,5.407,wifi scan,1.1986534985
26.47,35.611,9.141,wifi running,0.1229080578
0,35.611,35.611,phone_scanning,18.5890630774
0.0,21611.51192,21611.51192,core 0 cpu_idle start,321.849441269
21611.51192,46.114,-21565.39792,core 0 cpu_idle,-321.162688524
0.0,46.114,46.114,core 1 cpu_idle,0.686752745
0.0,46.114,46.114,core 2 cpu_idle,0.686752745
0.0,46.114,46.114,core 3 cpu_idle,0.686752745
0.0,46.114,46.114,core 4 cpu_idle,0.686752745
0.0,46.114,46.114,core 5 cpu_idle,0.686752745
