Start Time (Seconds),End Time (Seconds),Duration (Seconds),Component,Energy Consumption (Joule)
0,35.623,35.623,screen medium,19.250134855
0,23.846,23.846,wifi running,0.3206285468
23.846,29.372,5.526,wifi scan,1.225034073
29.372,35.623,6.251,wifi running,0.0840496958
0,35.623,35.623,phone_scanning,18.5953271182
0.0,46.097,46.097,core 0 cpu_idle,0.6864995725
0.0,21611.406476,21611.406476,core 1 cpu_idle start,321.847870944
21611.406476,46.097,-21565.309476,core 1 cpu_idle,-321.161371371
0.0,46.097,46.097,core 2 cpu_idle,0.6864995725
0.0,46.097,46.097,core 3 cpu_idle,0.6864995725
0.0,46.097,46.097,core 4 cpu_idle,0.6864995725
0.0,46.097,46.097,core 5 cpu_idle,0.6864995725
