Start Time (Seconds),End Time (Seconds),Duration (Seconds),Component,Energy Consumption (Joule)
0,35.67,35.67,screen medium,19.27553295
0,35.67,35.67,wifi running,0.479611686
0,35.67,35.67,phone_scanning,18.619861278
0.0,47.093,47.093,core 0 cpu_idle,0.7013325025
0.0,47.093,47.093,core 1 cpu_idle,0.7013325025
0.0,47.093,47.093,core 2 cpu_idle,0.7013325025
0.0,21611.508493,21611.508493,core 3 cpu_idle start,321.849390232
21611.508493,47.093,-21564.415493,core 3 cpu_idle,-321.14805773
0.0,47.093,47.093,core 4 cpu_idle,0.7013325025
0.0,47.093,47.093,core 5 cpu_idle,0.7013325025
