Start Time (Seconds),End Time (Seconds),Duration (Seconds),Component,Energy Consumption (Joule)
0,35.618,35.618,screen medium,19.54145952
0,19.298,19.298,wifi running,0.2634408576
19.298,24.593,5.295,wifi scan,1.19175624
24.593,35.618,11.025,wifi running,0.15050448
0,35.618,35.618,phone_scanning,18.8767421568
0.0,21611.427787,21611.427787,core 0 cpu_idle start,326.764788139
21611.427787,46.17,-21565.257787,core 0 cpu_idle,-326.066697739
0.0,46.17,46.17,core 1 cpu_idle,0.698090400001
0.0,46.17,46.17,core 2 cpu_idle,0.698090400001
0.0,46.17,46.17,core 3 cpu_idle,0.698090400001
0.0,46.17,46.17,core 4 cpu_idle,0.698090400001
0.0,46.17,46.17,core 5 cpu_idle,0.698090400001
