Start Time (Seconds),End Time (Seconds),Duration (Seconds),Component,Energy Consumption (Joule)
0,35.654,35.654,screen medium,19.56121056
0,32.897,32.897,wifi radio,8.8239228336
32.897,35.654,2.757,wifi running,0.0376363584
0,35.654,35.654,phone_scanning,18.8958213504
0.0,46.097,46.097,core 0 cpu_idle,0.69698664
0.0,21611.807939,21611.807939,core 1 cpu_idle start,326.770536038
21611.807939,46.097,-21565.710939,core 1 cpu_idle,-326.073549398
0.0,46.097,46.097,core 2 cpu_idle,0.69698664
0.0,46.097,46.097,core 3 cpu_idle,0.69698664
0.0,46.097,46.097,core 4 cpu_idle,0.69698664
0.0,46.097,46.097,core 5 cpu_idle,0.69698664
