Start Time (Seconds),End Time (Seconds),Duration (Seconds),Component,Energy Consumption (Joule)
0,35.697,35.697,screen medium,19.58480208
0,23.713,23.713,wifi running,0.3237109056
23.713,29.156,5.443,wifi scan,1.225066896
29.156,35.697,6.541,wifi running,0.0892924992
0,35.697,35.697,phone_scanning,18.9186103872
0.0,46.186,46.186,core 0 cpu_idle,0.698332320001
0.0,46.186,46.186,core 1 cpu_idle,0.698332320001
0.0,46.186,46.186,core 2 cpu_idle,0.698332320001
0.0,21611.562832,21611.562832,core 3 cpu_idle start,326.76683002
21611.562832,46.186,-21565.376832,core 3 cpu_idle,-326.0684977
0.0,46.186,46.186,core 4 cpu_idle,0.698332320001
0.0,46.186,46.186,core 5 cpu_idle,0.698332320001
