Start Time (Seconds),End Time (Seconds),Duration (Seconds),Component,Energy Consumption (Joule)
0,35.602,35.602,screen medium,19.53268128
0,22.781,22.781,wifi running,0.3109879872
22.781,28.26,5.479,wifi scan,1.233169488
28.26,35.602,7.342,wifi running,0.1002271104
0,35.602,35.602,phone_scanning,18.8682625152
0.0,47.142,47.142,core 0 cpu_idle,0.71278704
0.0,21611.608845,21611.608845,core 1 cpu_idle start,326.767525736
21611.608845,47.142,-21564.466845,core 1 cpu_idle,-326.054738696
0.0,47.142,47.142,core 2 cpu_idle,0.71278704
0.0,47.142,47.142,core 3 cpu_idle,0.71278704
0.0,47.142,47.142,core 4 cpu_idle,0.71278704
0.0,47.142,47.142,core 5 cpu_idle,0.71278704
