Start Time (Seconds),End Time (Seconds),Duration (Seconds),Component,Energy Consumption (Joule)
0,35.619,35.619,screen medium,19.54200816
0,24.059,24.059,wifi running,0.3284342208
24.059,29.473,5.414,wifi scan,1.218539808
29.473,35.619,6.146,wifi running,0.0839002752
0,35.619,35.619,phone_scanning,18.8772721344
0.0,21611.26736,21611.26736,core 0 cpu_idle start,326.762362483
21611.26736,46.125,-21565.14236,core 0 cpu_idle,-326.064952483
0.0,46.125,46.125,core 1 cpu_idle,0.69741
0.0,46.125,46.125,core 2 cpu_idle,0.69741
0.0,46.125,46.125,core 3 cpu_idle,0.69741
0.0,46.125,46.125,core 4 cpu_idle,0.69741
0.0,46.125,46.125,core 5 cpu_idle,0.69741
