Start Time (Seconds),End Time (Seconds),Duration (Seconds),Component,Energy Consumption (Joule)
0,35.607,35.607,screen medium,19.521858213
0,31.289,31.289,wifi running,0.42683577708
31.289,35.607,4.318,wifi scan,0.9711859926
0,35.607,35.607,phone_scanning,18.8578076029
0.0,47.146,47.146,core 0 cpu_idle,0.712352487
0.0,21612.017354,21612.017354,core 1 cpu_idle start,326.54677621
21612.017354,47.146,-21564.871354,core 1 cpu_idle,-325.834423723
0.0,47.146,47.146,core 2 cpu_idle,0.712352487
0.0,47.146,47.146,core 3 cpu_idle,0.712352487
0.0,47.146,47.146,core 4 cpu_idle,0.712352487
0.0,47.146,47.146,core 5 cpu_idle,0.712352487
