Start Time (Seconds),End Time (Seconds),Duration (Seconds),Component,Energy Consumption (Joule)
0,35.617,35.617,screen medium,19.527340803
0,27.012,27.012,wifi running,0.36849014064
27.012,32.424,5.412,wifi scan,1.2172437684
32.424,35.617,3.193,wifi running,0.04355801196
0,35.617,35.617,phone_scanning,18.8631036985
0.0,46.154,46.154,core 0 cpu_idle,0.697363863
0.0,46.154,46.154,core 1 cpu_idle,0.697363863
0.0,46.154,46.154,core 2 cpu_idle,0.697363863
0.0,21611.494863,21611.494863,core 3 cpu_idle start,326.538881632
21611.494863,46.154,-21565.340863,core 3 cpu_idle,-325.841517769
0.0,46.154,46.154,core 4 cpu_idle,0.697363863
0.0,46.154,46.154,core 5 cpu_idle,0.697363863
