Start Time (Seconds),End Time (Seconds),Duration (Seconds),Component,Energy Consumption (Joule)
0,35.565,35.565,screen medium,19.498831335
0,30.605,30.605,wifi radio,8.20344163065
30.605,33.25,2.645,wifi running,0.0360823494
33.25,35.565,2.315,wifi radio,0.62051845695
0,35.565,35.565,phone_scanning,18.8355640014
0.0,47.162,47.162,core 0 cpu_idle,0.712594239
0.0,47.162,47.162,core 1 cpu_idle,0.712594239
0.0,47.162,47.162,core 2 cpu_idle,0.712594239
0.0,47.162,47.162,core 3 cpu_idle,0.712594239
0.0,21611.556952,21611.556952,core 4 cpu_idle start,326.539819766
21611.556952,47.162,-21564.394952,core 4 cpu_idle,-325.827225527
0.0,47.162,47.162,core 5 cpu_idle,0.712594239
