Start Time (Seconds),End Time (Seconds),Duration (Seconds),Component,Energy Consumption (Joule)
0,35.617,35.617,screen medium,19.527340803
0,35.617,35.617,wifi running,0.48587714124
0,35.617,35.617,phone_scanning,18.8631036985
0.0,47.074,47.074,core 0 cpu_idle,0.711264603
0.0,21611.417128,21611.417128,core 1 cpu_idle start,326.537707096
21611.417128,47.074,-21564.343128,core 1 cpu_idle,-325.826442493
0.0,47.074,47.074,core 2 cpu_idle,0.711264603
0.0,47.074,47.074,core 3 cpu_idle,0.711264603
0.0,47.074,47.074,core 4 cpu_idle,0.711264603
0.0,47.074,47.074,core 5 cpu_idle,0.711264603
