Start Time (Seconds),End Time (Seconds),Duration (Seconds),Component,Energy Consumption (Joule)
0,35.58,35.58,screen medium,19.50705522
0,28.056,28.056,wifi running,0.38273209632
28.056,33.484,5.428,wifi scan,1.2208424196
33.484,35.58,2.096,wifi running,0.02859304512
0,35.58,35.58,phone_scanning,18.8435081448
0.0,46.135,46.135,core 0 cpu_idle,0.6970767825
0.0,46.135,46.135,core 1 cpu_idle,0.6970767825
0.0,46.135,46.135,core 2 cpu_idle,0.6970767825
0.0,46.135,46.135,core 3 cpu_idle,0.6970767825
0.0,21611.370871,21611.370871,core 4 cpu_idle start,326.537008175
21611.370871,46.135,-21565.235871,core 4 cpu_idle,-325.839931393
0.0,46.135,46.135,core 5 cpu_idle,0.6970767825
