Start Time (Seconds),End Time (Seconds),Duration (Seconds),Component,Energy Consumption (Joule)
0,35.668,35.668,screen medium,19.541712504
0,23.417,23.417,wifi running,0.31922616408
23.417,28.854,5.437,wifi scan,1.2220168578
28.854,35.668,6.814,wifi running,0.09289008336
0,35.668,35.668,phone_scanning,18.8769865354
0.0,47.098,47.098,core 0 cpu_idle,0.711132702
0.0,47.098,47.098,core 1 cpu_idle,0.711132702
0.0,21611.80389,21611.80389,core 2 cpu_idle start,326.316626935
21611.80389,47.098,-21564.70589,core 2 cpu_idle,-325.605494233
0.0,47.098,47.098,core 3 cpu_idle,0.711132702
0.0,47.098,47.098,core 4 cpu_idle,0.711132702
0.0,47.098,47.098,core 5 cpu_idle,0.711132702
