Start Time (Seconds),End Time (Seconds),Duration (Seconds),Component,Energy Consumption (Joule)
0,35.669,35.669,screen medium,19.542260382
0,25.839,25.839,wifi radio,6.92113790214
25.839,28.715,2.876,wifi running,0.03920632224
28.715,35.669,6.954,wifi radio,1.86267243204
0,35.669,35.669,phone_scanning,18.8775157769
0.0,46.071,46.071,core 0 cpu_idle,0.695626029
0.0,46.071,46.071,core 1 cpu_idle,0.695626029
0.0,21611.707396,21611.707396,core 2 cpu_idle start,326.315169972
21611.707396,46.071,-21565.636396,core 2 cpu_idle,-325.619543943
0.0,46.071,46.071,core 3 cpu_idle,0.695626029
0.0,46.071,46.071,core 4 cpu_idle,0.695626029
0.0,46.071,46.071,core 5 cpu_idle,0.695626029
