Start Time (Seconds),End Time (Seconds),Duration (Seconds),Component,Energy Consumption (Joule)
0,35.66,35.66,screen medium,19.53732948
0,21.949,21.949,wifi running,0.29921403576
21.949,27.388,5.439,wifi scan,1.2224663766
27.388,35.66,8.272,wifi running,0.11276588928
0,35.66,35.66,phone_scanning,18.8727526032
0.0,47.077,47.077,core 0 cpu_idle,0.710815623
0.0,21611.549669,21611.549669,core 1 cpu_idle start,326.312788452
21611.549669,47.077,-21564.472669,core 1 cpu_idle,-325.601972829
0.0,47.077,47.077,core 2 cpu_idle,0.710815623
0.0,47.077,47.077,core 3 cpu_idle,0.710815623
0.0,47.077,47.077,core 4 cpu_idle,0.710815623
0.0,47.077,47.077,core 5 cpu_idle,0.710815623
