Start Time (Seconds),End Time (Seconds),Duration (Seconds),Component,Energy Consumption (Joule)
0,35.656,35.656,screen medium,19.535137968
0,20.288,20.288,wifi running,0.27657088512
20.288,20.566,0.278,wifi scan,0.0624831132
20.566,35.656,15.09,wifi running,0.2057105016
0,35.656,35.656,phone_scanning,18.8706356371
0.0,47.026,47.026,core 0 cpu_idle,0.710045574
0.0,47.026,47.026,core 1 cpu_idle,0.710045574
0.0,47.026,47.026,core 2 cpu_idle,0.710045574
0.0,47.026,47.026,core 3 cpu_idle,0.710045574
0.0,47.026,47.026,core 4 cpu_idle,0.710045574
0.0,21611.53298,21611.53298,core 5 cpu_idle start,326.312536465
21611.53298,47.026,-21564.50698,core 5 cpu_idle,-325.602490891
