Start Time (Seconds),End Time (Seconds),Duration (Seconds),Component,Energy Consumption (Joule)
0,35.658,35.658,screen medium,19.536233724
0,35.658,35.658,wifi scan,8.0144706852
0,35.658,35.658,phone_scanning,18.8716941202
0.0,46.083,46.083,core 0 cpu_idle,0.695807217
0.0,46.083,46.083,core 1 cpu_idle,0.695807217
0.0,21611.794744,21611.794744,core 2 cpu_idle start,326.31648884
21611.794744,46.083,-21565.711744,core 2 cpu_idle,-325.620681623
0.0,46.083,46.083,core 3 cpu_idle,0.695807217
0.0,46.083,46.083,core 4 cpu_idle,0.695807217
0.0,46.083,46.083,core 5 cpu_idle,0.695807217
