Start Time (Seconds),End Time (Seconds),Duration (Seconds),Component,Energy Consumption (Joule)
0,35.604,35.604,screen medium,19.502126604
0,20.309,20.309,wifi running,0.27679298572
20.309,25.728,5.419,wifi scan,1.2176888587
25.728,35.604,9.876,wifi running,0.13460079408
0,35.604,35.604,phone_scanning,18.8387471794
0.0,21611.491921,21611.491921,core 0 cpu_idle start,326.236276293
21611.491921,47.14,-21564.351921,core 0 cpu_idle,-325.524674423
0.0,47.14,47.14,core 1 cpu_idle,0.711601869999
0.0,47.14,47.14,core 2 cpu_idle,0.711601869999
0.0,47.14,47.14,core 3 cpu_idle,0.711601869999
0.0,47.14,47.14,core 4 cpu_idle,0.711601869999
0.0,47.14,47.14,core 5 cpu_idle,0.711601869999
