Start Time (Seconds),End Time (Seconds),Duration (Seconds),Component,Energy Consumption (Joule)
0,35.669,35.669,screen medium,19.537730419
0,22.84,22.84,wifi running,0.3112881872
22.84,28.36,5.52,wifi scan,1.240384296
28.36,35.669,7.309,wifi running,0.09961494572
0,35.669,35.669,phone_scanning,18.873139904
0.0,47.098,47.098,core 0 cpu_idle,0.710967859
0.0,21611.671387,21611.671387,core 1 cpu_idle start,326.238985422
21611.671387,47.098,-21564.573387,core 1 cpu_idle,-325.528017563
0.0,47.098,47.098,core 2 cpu_idle,0.710967859
0.0,47.098,47.098,core 3 cpu_idle,0.710967859
0.0,47.098,47.098,core 4 cpu_idle,0.710967859
0.0,47.098,47.098,core 5 cpu_idle,0.710967859
