Start Time (Seconds),End Time (Seconds),Duration (Seconds),Component,Energy Consumption (Joule)
0,35.546,35.546,screen medium,19.470357046
0,28.734,28.734,wifi radio,7.69479768078
28.734,29.929,1.195,wifi running,0.0162867506
29.929,35.546,5.617,wifi radio,1.50419985289
0,35.546,35.546,phone_scanning,18.8080582866
0.0,46.092,46.092,core 0 cpu_idle,0.695781786
0.0,46.092,46.092,core 1 cpu_idle,0.695781786
0.0,46.092,46.092,core 2 cpu_idle,0.695781786
0.0,21611.436049,21611.436049,core 3 cpu_idle start,326.235432878
21611.436049,46.092,-21565.344049,core 3 cpu_idle,-325.539651092
0.0,46.092,46.092,core 4 cpu_idle,0.695781786
0.0,46.092,46.092,core 5 cpu_idle,0.695781786
