Start Time (Seconds),End Time (Seconds),Duration (Seconds),Component,Energy Consumption (Joule)
0,35.619,35.619,screen medium,19.510342869
0,23.798,23.798,wifi running,0.32434484584
23.798,29.262,5.464,wifi scan,1.2278006872
29.262,35.619,6.357,wifi running,0.08664006156
0,35.619,35.619,phone_scanning,18.846683962
0.0,46.191,46.191,core 0 cpu_idle,0.6972762405
0.0,46.191,46.191,core 1 cpu_idle,0.6972762405
0.0,46.191,46.191,core 2 cpu_idle,0.6972762405
0.0,46.191,46.191,core 3 cpu_idle,0.6972762405
0.0,21611.496254,21611.496254,core 4 cpu_idle start,326.236341702
21611.496254,46.191,-21565.305254,core 4 cpu_idle,-325.539065462
0.0,46.191,46.191,core 5 cpu_idle,0.6972762405
