Start Time (Seconds),End Time (Seconds),Duration (Seconds),Component,Energy Consumption (Joule)
0,35.554,35.554,screen medium,19.474739054
0,21.58,21.58,wifi running,0.2941155464
21.58,27.023,5.443,wifi scan,1.2230818339
27.023,35.554,8.531,wifi running,0.11626968148
0,35.554,35.554,phone_scanning,18.8122912374
0.0,47.139,47.139,core 0 cpu_idle,0.7115867745
0.0,47.139,47.139,core 1 cpu_idle,0.7115867745
0.0,47.139,47.139,core 2 cpu_idle,0.7115867745
0.0,21611.488787,21611.488787,core 3 cpu_idle start,326.236228984
21611.488787,47.139,-21564.349787,core 3 cpu_idle,-325.52464221
0.0,47.139,47.139,core 4 cpu_idle,0.7115867745
0.0,47.139,47.139,core 5 cpu_idle,0.7115867745
