Start Time (Seconds),End Time (Seconds),Duration (Seconds),Component,Energy Consumption (Joule)
0,35.611,35.611,screen medium,19.605457995
0,21.797,21.797,wifi running,0.2985883842
21.797,27.243,5.446,wifi scan,1.229998161
27.243,35.611,8.368,wifi running,0.1146298848
0,35.611,35.611,phone_scanning,18.9385636758
0.0,46.135,46.135,core 0 cpu_idle,0.6999832875
0.0,46.135,46.135,core 1 cpu_idle,0.6999832875
0.0,46.135,46.135,core 2 cpu_idle,0.6999832875
0.0,46.135,46.135,core 3 cpu_idle,0.6999832875
0.0,46.135,46.135,core 4 cpu_idle,0.6999832875
0.0,21611.529882,21611.529882,core 5 cpu_idle start,327.900937135
21611.529882,46.135,-21565.394882,core 5 cpu_idle,-327.200953847
