Start Time (Seconds),End Time (Seconds),Duration (Seconds),Component,Energy Consumption (Joule)
0,35.607,35.607,screen medium,19.603255815
0,23.17,23.17,wifi running,0.317396562
23.17,23.345,0.175,wifi scan,0.0395243625
23.345,35.607,12.262,wifi running,0.1679722332
0,35.607,35.607,phone_scanning,18.9364364046
0.0,21611.776953,21611.776953,core 0 cpu_idle start,327.904685819
21611.776953,46.141,-21565.635953,core 0 cpu_idle,-327.204611497
0.0,46.141,46.141,core 1 cpu_idle,0.7000743225
0.0,46.141,46.141,core 2 cpu_idle,0.7000743225
0.0,46.141,46.141,core 3 cpu_idle,0.7000743225
0.0,46.141,46.141,core 4 cpu_idle,0.7000743225
0.0,46.141,46.141,core 5 cpu_idle,0.7000743225
