Start Time (Seconds),End Time (Seconds),Duration (Seconds),Component,Energy Consumption (Joule)
0,35.591,35.591,screen medium,19.594447095
0,20.408,20.408,wifi running,0.2795610288
20.408,25.855,5.447,wifi scan,1.2302240145
25.855,35.591,9.736,wifi running,0.1333695696
0,35.591,35.591,phone_scanning,18.9279273198
0.0,46.116,46.116,core 0 cpu_idle,0.69969501
0.0,21611.337363,21611.337363,core 1 cpu_idle start,327.89801614
21611.337363,46.116,-21565.221363,core 1 cpu_idle,-327.19832113
0.0,46.116,46.116,core 2 cpu_idle,0.69969501
0.0,46.116,46.116,core 3 cpu_idle,0.69969501
0.0,46.116,46.116,core 4 cpu_idle,0.69969501
0.0,46.116,46.116,core 5 cpu_idle,0.69969501
