Start Time (Seconds),End Time (Seconds),Duration (Seconds),Component,Energy Consumption (Joule)
0,35.592,35.592,screen medium,19.59499764
0,20.164,20.164,wifi running,0.2762185704
20.164,25.611,5.447,wifi scan,1.2302240145
25.611,35.592,9.981,wifi running,0.1367257266
0,35.592,35.592,phone_scanning,18.9284591376
0.0,47.094,47.094,core 0 cpu_idle,0.714533715
0.0,47.094,47.094,core 1 cpu_idle,0.714533715
0.0,47.094,47.094,core 2 cpu_idle,0.714533715
0.0,21611.555889,21611.555889,core 3 cpu_idle start,327.901331726
21611.555889,47.094,-21564.461889,core 3 cpu_idle,-327.186798011
0.0,47.094,47.094,core 4 cpu_idle,0.714533715
0.0,47.094,47.094,core 5 cpu_idle,0.714533715
