Start Time (Seconds),End Time (Seconds),Duration (Seconds),Component,Energy Consumption (Joule)
0,35.634,35.634,screen medium,19.61812053
0,35.634,35.634,wifi running,0.4881359124
0,35.634,35.634,phone_scanning,18.9507954852
0.0,46.14,46.14,core 0 cpu_idle,0.70005915
0.0,21611.431203,21611.431203,core 1 cpu_idle start,327.899439928
21611.431203,46.14,-21565.291203,core 1 cpu_idle,-327.199380778
0.0,46.14,46.14,core 2 cpu_idle,0.70005915
0.0,46.14,46.14,core 3 cpu_idle,0.70005915
0.0,46.14,46.14,core 4 cpu_idle,0.70005915
0.0,46.14,46.14,core 5 cpu_idle,0.70005915
