Start Time (Seconds),End Time (Seconds),Duration (Seconds),Component,Energy Consumption (Joule)
0,35.6,35.6,screen medium,19.5225416
0,20.758,20.758,wifi running,0.28324041904
20.758,26.097,5.339,wifi scan,1.2011030842
26.097,35.6,9.503,wifi running,0.12966729464
0,35.6,35.6,phone_scanning,18.858467744
0.0,47.1,47.1,core 0 cpu_idle,0.711822300001
0.0,47.1,47.1,core 1 cpu_idle,0.711822300001
0.0,21611.765486,21611.765486,core 2 cpu_idle start,326.61861179
21611.765486,47.1,-21564.665486,core 2 cpu_idle,-325.90678949
0.0,47.1,47.1,core 3 cpu_idle,0.711822300001
0.0,47.1,47.1,core 4 cpu_idle,0.711822300001
0.0,47.1,47.1,core 5 cpu_idle,0.711822300001
