Start Time (Seconds),End Time (Seconds),Duration (Seconds),Component,Energy Consumption (Joule)
0,35.615,35.615,screen medium,19.53076739
0,20.515,20.515,wifi running,0.2799247132
20.515,25.998,5.483,wifi scan,1.2334984474
25.998,35.615,9.617,wifi running,0.13122281096
0,35.615,35.615,phone_scanning,18.8664137276
0.0,47.087,47.087,core 0 cpu_idle,0.711625831
0.0,47.087,47.087,core 1 cpu_idle,0.711625831
0.0,21611.478021,21611.478021,core 2 cpu_idle start,326.614267331
21611.478021,47.087,-21564.391021,core 2 cpu_idle,-325.9026415
0.0,47.087,47.087,core 3 cpu_idle,0.711625831
0.0,47.087,47.087,core 4 cpu_idle,0.711625831
0.0,47.087,47.087,core 5 cpu_idle,0.711625831
