Start Time (Seconds),End Time (Seconds),Duration (Seconds),Component,Energy Consumption (Joule)
0,35.572,35.572,screen medium,19.507186792
0,35.572,35.572,wifi running,0.48537567136
0,35.572,35.572,phone_scanning,18.8436352413
0.0,47.14,47.14,core 0 cpu_idle,0.71242682
0.0,47.14,47.14,core 1 cpu_idle,0.71242682
0.0,47.14,47.14,core 2 cpu_idle,0.71242682
0.0,21611.537886,21611.537886,core 3 cpu_idle start,326.615172071
21611.537886,47.14,-21564.397886,core 3 cpu_idle,-325.902745251
0.0,47.14,47.14,core 4 cpu_idle,0.71242682
0.0,47.14,47.14,core 5 cpu_idle,0.71242682
