Start Time (Seconds),End Time (Seconds),Duration (Seconds),Component,Energy Consumption (Joule)
0,35.649,35.649,screen medium,19.549412514
0,22.394,22.394,wifi running,0.30556344272
22.394,27.842,5.448,wifi scan,1.2256245744
27.842,35.649,7.807,wifi running,0.10652557816
0,35.649,35.649,phone_scanning,18.8844246238
0.0,46.132,46.132,core 0 cpu_idle,0.697192916
0.0,46.132,46.132,core 1 cpu_idle,0.697192916
0.0,46.132,46.132,core 2 cpu_idle,0.697192916
0.0,46.132,46.132,core 3 cpu_idle,0.697192916
0.0,46.132,46.132,core 4 cpu_idle,0.697192916
0.0,21611.958975,21611.958975,core 5 cpu_idle start,326.621535989
21611.958975,46.132,-21565.826975,core 5 cpu_idle,-325.924343073
