Start Time (Seconds),End Time (Seconds),Duration (Seconds),Component,Energy Consumption (Joule)
0,35.589,35.589,screen medium,19.516509354
0,23.743,23.743,wifi running,0.32397038584
23.743,29.255,5.512,wifi scan,1.2400225136
29.255,35.589,6.334,wifi running,0.08642666992
0,35.589,35.589,phone_scanning,18.8526406894
0.0,46.051,46.051,core 0 cpu_idle,0.695968763
0.0,21611.31612,21611.31612,core 1 cpu_idle start,326.611820522
21611.31612,46.051,-21565.26512,core 1 cpu_idle,-325.915851759
0.0,46.051,46.051,core 2 cpu_idle,0.695968763
0.0,46.051,46.051,core 3 cpu_idle,0.695968763
0.0,46.051,46.051,core 4 cpu_idle,0.695968763
0.0,46.051,46.051,core 5 cpu_idle,0.695968763
