Start Time (Seconds),End Time (Seconds),Duration (Seconds),Component,Energy Consumption (Joule)
0,35.73,35.73,screen medium,19.6029072
0,35.73,35.73,wifi running,0.487757376
0,35.73,35.73,phone_scanning,18.936099648
0.0,47.141,47.141,core 0 cpu_idle,0.71277192
0.0,47.141,47.141,core 1 cpu_idle,0.71277192
0.0,47.141,47.141,core 2 cpu_idle,0.71277192
0.0,47.141,47.141,core 3 cpu_idle,0.71277192
0.0,47.141,47.141,core 4 cpu_idle,0.71277192
0.0,21611.617571,21611.617571,core 5 cpu_idle start,326.767657674
21611.617571,47.141,-21564.476571,core 5 cpu_idle,-326.054885754
