Start Time (Seconds),End Time (Seconds),Duration (Seconds),Component,Energy Consumption (Joule)
0,35.637,35.637,screen medium,19.55188368
0,35.637,35.637,wifi running,0.4864878144
0,35.637,35.637,phone_scanning,18.8868117312
0.0,46.086,46.086,core 0 cpu_idle,0.69682032
0.0,46.086,46.086,core 1 cpu_idle,0.69682032
0.0,21611.549932,21611.549932,core 2 cpu_idle start,326.766634972
21611.549932,46.086,-21565.463932,core 2 cpu_idle,-326.069814652
0.0,46.086,46.086,core 3 cpu_idle,0.69682032
0.0,46.086,46.086,core 4 cpu_idle,0.69682032
0.0,46.086,46.086,core 5 cpu_idle,0.69682032
