Start Time (Seconds),End Time (Seconds),Duration (Seconds),Component,Energy Consumption (Joule)
0,35.659,35.659,screen medium,19.56395376
0,35.659,35.659,wifi running,0.4867881408
0,35.659,35.659,phone_scanning,18.8984712384
0.0,47.127,47.127,core 0 cpu_idle,0.71256024
0.0,47.127,47.127,core 1 cpu_idle,0.71256024
0.0,47.127,47.127,core 2 cpu_idle,0.71256024
0.0,47.127,47.127,core 3 cpu_idle,0.71256024
0.0,47.127,47.127,core 4 cpu_idle,0.71256024
0.0,21611.666295,21611.666295,core 5 cpu_idle start,326.76839438
21611.666295,47.127,-21564.539295,core 5 cpu_idle,-326.05583414
