Start Time (Seconds),End Time (Seconds),Duration (Seconds),Component,Energy Consumption (Joule)
0,35.606,35.606,screen medium,19.53487584
0,35.606,35.606,wifi running,0.4860646272
0,35.606,35.606,phone_scanning,18.8703824256
0.0,21611.597782,21611.597782,core 0 cpu_idle start,326.767358464
21611.597782,47.096,-21564.501782,core 0 cpu_idle,-326.055266944
0.0,47.096,47.096,core 1 cpu_idle,0.712091519999
0.0,47.096,47.096,core 2 cpu_idle,0.712091519999
0.0,47.096,47.096,core 3 cpu_idle,0.712091519999
0.0,47.096,47.096,core 4 cpu_idle,0.712091519999
0.0,47.096,47.096,core 5 cpu_idle,0.712091519999
