Start Time (Seconds),End Time (Seconds),Duration (Seconds),Component,Energy Consumption (Joule)
0,35.579,35.579,screen medium,19.52006256
0,35.579,35.579,wifi running,0.4856960448
0,35.579,35.579,phone_scanning,18.8560730304
0.0,46.162,46.162,core 0 cpu_idle,0.69796944
0.0,46.162,46.162,core 1 cpu_idle,0.69796944
0.0,21611.875849,21611.875849,core 2 cpu_idle start,326.771562837
21611.875849,46.162,-21565.713849,core 2 cpu_idle,-326.073593397
0.0,46.162,46.162,core 3 cpu_idle,0.69796944
0.0,46.162,46.162,core 4 cpu_idle,0.69796944
0.0,46.162,46.162,core 5 cpu_idle,0.69796944
