Start Time (Seconds),End Time (Seconds),Duration (Seconds),Component,Energy Consumption (Joule)
0,35.587,35.587,screen medium,19.438580249
0,35.587,35.587,wifi running,0.48366861092
0,35.587,35.587,phone_scanning,18.7773624012
0.0,46.101,46.101,core 0 cpu_idle,0.6939814035
0.0,21611.428936,21611.428936,core 1 cpu_idle start,325.327645488
21611.428936,46.101,-21565.327936,core 1 cpu_idle,-324.633664085
0.0,46.101,46.101,core 2 cpu_idle,0.6939814035
0.0,46.101,46.101,core 3 cpu_idle,0.6939814035
0.0,46.101,46.101,core 4 cpu_idle,0.6939814035
0.0,46.101,46.101,core 5 cpu_idle,0.6939814035
