Start Time (Seconds),End Time (Seconds),Duration (Seconds),Component,Energy Consumption (Joule)
0,35.448,35.448,screen medium,19.362654696
0,26.329,26.329,wifi radio,7.03113549061
26.329,31.388,5.059,wifi running,0.06875767844
31.388,35.448,4.06,wifi running,0.0551801096
35.448,35.448,0.0,wifi scan,0.0
0,35.448,35.448,phone_scanning,18.7040195126
0.0,21611.797711,21611.797711,core 0 cpu_idle start,325.333196843
21611.797711,46.07,-21565.727711,core 0 cpu_idle,-324.639682098
0.0,46.07,46.07,core 1 cpu_idle,0.693514745
0.0,46.07,46.07,core 2 cpu_idle,0.693514745
0.0,46.07,46.07,core 3 cpu_idle,0.693514745
0.0,46.07,46.07,core 4 cpu_idle,0.693514745
0.0,46.07,46.07,core 5 cpu_idle,0.693514745
