Start Time (Seconds),End Time (Seconds),Duration (Seconds),Component,Energy Consumption (Joule)
0,35.574,35.574,screen medium,19.431479298
0,35.574,35.574,wifi running,0.48349192584
0,35.574,35.574,phone_scanning,18.7705029943
0.0,21611.884254,21611.884254,core 0 cpu_idle start,325.334499618
21611.884254,46.173,-21565.711254,core 0 cpu_idle,-324.639434362
0.0,46.173,46.173,core 1 cpu_idle,0.6950652555
0.0,46.173,46.173,core 2 cpu_idle,0.6950652555
0.0,46.173,46.173,core 3 cpu_idle,0.6950652555
0.0,46.173,46.173,core 4 cpu_idle,0.6950652555
0.0,46.173,46.173,core 5 cpu_idle,0.6950652555
