Start Time (Seconds),End Time (Seconds),Duration (Seconds),Component,Energy Consumption (Joule)
0,35.59,35.59,screen medium,19.44021893
0,26.32,26.32,wifi radio,7.0287320488
26.32,35.59,9.27,wifi running,0.1259900532
0,35.59,35.59,phone_scanning,18.7789453412
0.0,46.025,46.025,core 0 cpu_idle,0.6928373375
0.0,46.025,46.025,core 1 cpu_idle,0.6928373375
0.0,21611.684263,21611.684263,core 2 cpu_idle start,325.331489053
21611.684263,46.025,-21565.659263,core 2 cpu_idle,-324.638651716
0.0,46.025,46.025,core 3 cpu_idle,0.6928373375
0.0,46.025,46.025,core 4 cpu_idle,0.6928373375
0.0,46.025,46.025,core 5 cpu_idle,0.6928373375
