Start Time (Seconds),End Time (Seconds),Duration (Seconds),Component,Energy Consumption (Joule)
0,35.659,35.659,screen medium,19.477908593
0,12.644,12.644,wifi running,0.17184662704
12.644,12.82,0.176,wifi scan,0.0394384496
12.82,35.659,22.839,wifi running,0.31040850324
0,35.659,35.659,phone_scanning,18.8153529621
0.0,47.081,47.081,core 0 cpu_idle,0.7087338335
0.0,47.081,47.081,core 1 cpu_idle,0.7087338335
0.0,21611.565579,21611.565579,core 2 cpu_idle start,325.329702443
21611.565579,47.081,-21564.484579,core 2 cpu_idle,-324.62096861
0.0,47.081,47.081,core 3 cpu_idle,0.7087338335
0.0,47.081,47.081,core 4 cpu_idle,0.7087338335
0.0,47.081,47.081,core 5 cpu_idle,0.7087338335
