Start Time (Seconds),End Time (Seconds),Duration (Seconds),Component,Energy Consumption (Joule)
0,35.599,35.599,screen medium,19.648583258
0,10.399,10.399,wifi running,0.14281321064
10.399,10.549,0.15,wifi scan,0.03396399
10.549,35.599,25.05,wifi running,0.344020668
0,35.599,35.599,phone_scanning,18.9802220007
0.0,47.025,47.025,core 0 cpu_idle,0.715297275
0.0,21611.570786,21611.570786,core 1 cpu_idle start,328.733603226
21611.570786,47.025,-21564.545786,core 1 cpu_idle,-328.018305951
0.0,47.025,47.025,core 2 cpu_idle,0.715297275
0.0,47.025,47.025,core 3 cpu_idle,0.715297275
0.0,47.025,47.025,core 4 cpu_idle,0.715297275
0.0,47.025,47.025,core 5 cpu_idle,0.715297275
