Start Time (Seconds),End Time (Seconds),Duration (Seconds),Component,Energy Consumption (Joule)
0,35.642,35.642,screen medium,19.672316764
0,35.642,35.642,wifi scan,8.0702968772
0,35.642,35.642,phone_scanning,19.0031481938
0.0,47.074,47.074,core 0 cpu_idle,0.716042614
0.0,21611.596859,21611.596859,core 1 cpu_idle start,328.733999822
21611.596859,47.074,-21564.522859,core 1 cpu_idle,-328.017957208
0.0,47.074,47.074,core 2 cpu_idle,0.716042614
0.0,47.074,47.074,core 3 cpu_idle,0.716042614
0.0,47.074,47.074,core 4 cpu_idle,0.716042614
0.0,47.074,47.074,core 5 cpu_idle,0.716042614
