Start Time (Seconds),End Time (Seconds),Duration (Seconds),Component,Energy Consumption (Joule)
0,35.763,35.763,screen medium,19.739101746
0,27.165,27.165,wifi running,0.3730667244
27.165,32.684,5.519,wifi scan,1.2496484054
32.684,35.763,3.079,wifi running,0.04228501544
0,35.763,35.763,phone_scanning,19.0676614346
0.0,47.105,47.105,core 0 cpu_idle,0.716514155
0.0,21611.49233,21611.49233,core 1 cpu_idle start,328.732409832
21611.49233,47.105,-21564.38733,core 1 cpu_idle,-328.015895677
0.0,47.105,47.105,core 2 cpu_idle,0.716514155
0.0,47.105,47.105,core 3 cpu_idle,0.716514155
0.0,47.105,47.105,core 4 cpu_idle,0.716514155
0.0,47.105,47.105,core 5 cpu_idle,0.716514155
