Start Time (Seconds),End Time (Seconds),Duration (Seconds),Component,Energy Consumption (Joule)
0,35.614,35.614,screen medium,19.656862388
0,28.741,28.741,wifi running,0.39471049976
28.741,34.193,5.452,wifi scan,1.2344778232
34.193,35.614,1.421,wifi running,0.01951510456
0,35.614,35.614,phone_scanning,18.9882195099
0.0,47.13,47.13,core 0 cpu_idle,0.71689443
0.0,21611.956894,21611.956894,core 1 cpu_idle start,328.739476315
21611.956894,47.13,-21564.826894,core 1 cpu_idle,-328.022581885
0.0,47.13,47.13,core 2 cpu_idle,0.71689443
0.0,47.13,47.13,core 3 cpu_idle,0.71689443
0.0,47.13,47.13,core 4 cpu_idle,0.71689443
0.0,47.13,47.13,core 5 cpu_idle,0.71689443
