Start Time (Seconds),End Time (Seconds),Duration (Seconds),Component,Energy Consumption (Joule)
0,35.559,35.559,screen medium,19.626505578
0,25.428,25.428,wifi radio,6.86157136392
25.428,25.555,0.127,wifi running,0.00174413672
25.555,30.899,5.344,wifi scan,1.2100237504
30.899,35.559,4.66,wifi running,0.0639974576
0,35.559,35.559,phone_scanning,18.9588953095
0.0,47.026,47.026,core 0 cpu_idle,0.715312486
0.0,47.026,47.026,core 1 cpu_idle,0.715312486
0.0,21611.387389,21611.387389,core 2 cpu_idle start,328.730813574
21611.387389,47.026,-21564.361389,core 2 cpu_idle,-328.015501088
0.0,47.026,47.026,core 3 cpu_idle,0.715312486
0.0,47.026,47.026,core 4 cpu_idle,0.715312486
0.0,47.026,47.026,core 5 cpu_idle,0.715312486
