<experiment>
  <configHash>b12ebc419f6d9f05f34bad6a5ad5180d</configHash>
  <outputDir>/home/team/kebab/dciw/Experiments/output/2019.10.19_120409/</outputDir>
  <subjects>
    <subject>
      <device>nexus5x</device>
      <path>http://10.42.0.1:8080/apache.org/apache.org/3/index.html</path>
      <browser>chrome</browser>
      <aggregated>1</aggregated>
    </subject>
  </subjects>
  <runsToRun/>
  <runsDone>
    <run runId="0">
      <device>nexus5x</device>
      <path>http://10.42.0.1:8080/apache.org/apache.org/3/index.html</path>
      <browser>chrome</browser>
      <runCount>1</runCount>
    </run>
    <run runId="1">
      <device>nexus5x</device>
      <path>http://10.42.0.1:8080/apache.org/apache.org/3/index.html</path>
      <browser>chrome</browser>
      <runCount>2</runCount>
    </run>
    <run runId="2">
      <device>nexus5x</device>
      <path>http://10.42.0.1:8080/apache.org/apache.org/3/index.html</path>
      <browser>chrome</browser>
      <runCount>3</runCount>
    </run>
    <run runId="3">
      <device>nexus5x</device>
      <path>http://10.42.0.1:8080/apache.org/apache.org/3/index.html</path>
      <browser>chrome</browser>
      <runCount>4</runCount>
    </run>
    <run runId="4">
      <device>nexus5x</device>
      <path>http://10.42.0.1:8080/apache.org/apache.org/3/index.html</path>
      <browser>chrome</browser>
      <runCount>5</runCount>
    </run>
  </runsDone>
</experiment>
