Start Time (Seconds),End Time (Seconds),Duration (Seconds),Component,Energy Consumption (Joule)
0,35.617,35.617,screen medium,19.491153931
0,26.165,26.165,wifi radio,7.00033611865
26.165,27.782,1.617,wifi running,0.02201778348
27.782,35.617,7.835,wifi radio,2.09622142135
0,35.617,35.617,phone_scanning,18.82814775
0.0,21611.531962,21611.531962,core 0 cpu_idle start,325.934319285
21611.531962,46.13,-21565.401962,core 0 cpu_idle,-325.23860969
0.0,46.13,46.13,core 1 cpu_idle,0.695709595
0.0,46.13,46.13,core 2 cpu_idle,0.695709595
0.0,46.13,46.13,core 3 cpu_idle,0.695709595
0.0,46.13,46.13,core 4 cpu_idle,0.695709595
0.0,46.13,46.13,core 5 cpu_idle,0.695709595
