Start Time (Seconds),End Time (Seconds),Duration (Seconds),Component,Energy Consumption (Joule)
0,35.558,35.558,screen medium,19.458866594
0,25.696,25.696,wifi running,0.34988804224
25.696,31.13,5.434,wifi scan,1.2199270226
31.13,35.558,4.428,wifi running,0.06029359632
0,35.558,35.558,phone_scanning,18.796958691
0.0,46.131,46.131,core 0 cpu_idle,0.6957246765
0.0,46.131,46.131,core 1 cpu_idle,0.6957246765
0.0,46.131,46.131,core 2 cpu_idle,0.6957246765
0.0,46.131,46.131,core 3 cpu_idle,0.6957246765
0.0,21611.465637,21611.465637,core 4 cpu_idle start,325.933319004
21611.465637,46.131,-21565.334637,core 4 cpu_idle,-325.237594328
0.0,46.131,46.131,core 5 cpu_idle,0.6957246765
