Start Time (Seconds),End Time (Seconds),Duration (Seconds),Component,Energy Consumption (Joule)
0,35.634,35.634,screen medium,19.500457062
0,26.012,26.012,wifi radio,6.95940160972
26.012,28.523,2.511,wifi running,0.03419088084
28.523,35.634,7.111,wifi radio,1.90251825491
0,35.634,35.634,phone_scanning,18.8371344281
0.0,46.083,46.083,core 0 cpu_idle,0.6950007645
0.0,46.083,46.083,core 1 cpu_idle,0.6950007645
0.0,21611.43192,21611.43192,core 2 cpu_idle start,325.932810501
21611.43192,46.083,-21565.34892,core 2 cpu_idle,-325.237809737
0.0,46.083,46.083,core 3 cpu_idle,0.6950007645
0.0,46.083,46.083,core 4 cpu_idle,0.6950007645
0.0,46.083,46.083,core 5 cpu_idle,0.6950007645
