Start Time (Seconds),End Time (Seconds),Duration (Seconds),Component,Energy Consumption (Joule)
0,35.585,35.585,screen medium,19.473642155
0,35.585,35.585,wifi running,0.4845410174
0,35.585,35.585,phone_scanning,18.8112316502
0.0,21611.116821,21611.116821,core 0 cpu_idle start,325.928058336
21611.116821,47.019,-21564.097821,core 0 cpu_idle,-325.218941287
0.0,47.019,47.019,core 1 cpu_idle,0.7091170485
0.0,47.019,47.019,core 2 cpu_idle,0.7091170485
0.0,47.019,47.019,core 3 cpu_idle,0.7091170485
0.0,47.019,47.019,core 4 cpu_idle,0.7091170485
0.0,47.019,47.019,core 5 cpu_idle,0.7091170485
