Start Time (Seconds),End Time (Seconds),Duration (Seconds),Component,Energy Consumption (Joule)
0,35.561,35.561,screen medium,19.460508323
0,25.118,25.118,wifi running,0.34201773992
25.118,30.464,5.346,wifi scan,1.2001711194
30.464,35.561,5.097,wifi running,0.06940299468
0,35.561,35.561,phone_scanning,18.7985445753
0.0,47.105,47.105,core 0 cpu_idle,0.7104140575
0.0,47.105,47.105,core 1 cpu_idle,0.7104140575
0.0,47.105,47.105,core 2 cpu_idle,0.7104140575
0.0,21611.504808,21611.504808,core 3 cpu_idle start,325.933909762
21611.504808,47.105,-21564.399808,core 3 cpu_idle,-325.223495704
0.0,47.105,47.105,core 4 cpu_idle,0.7104140575
0.0,47.105,47.105,core 5 cpu_idle,0.7104140575
