Start Time (Seconds),End Time (Seconds),Duration (Seconds),Component,Energy Consumption (Joule)
0,35.595,35.595,screen medium,19.5288408
0,35.595,35.595,wifi running,0.485914464
0,35.595,35.595,phone_scanning,18.864552672
0.0,46.16,46.16,core 0 cpu_idle,0.6979392
0.0,46.16,46.16,core 1 cpu_idle,0.6979392
0.0,21611.533026,21611.533026,core 2 cpu_idle start,326.766379353
21611.533026,46.16,-21565.373026,core 2 cpu_idle,-326.068440153
0.0,46.16,46.16,core 3 cpu_idle,0.6979392
0.0,46.16,46.16,core 4 cpu_idle,0.6979392
0.0,46.16,46.16,core 5 cpu_idle,0.6979392
