Start Time (Seconds),End Time (Seconds),Duration (Seconds),Component,Energy Consumption (Joule)
0,35.669,35.669,screen medium,19.56944016
0,35.669,35.669,wifi running,0.4869246528
0,35.669,35.669,phone_scanning,18.9037710144
0.0,46.136,46.136,core 0 cpu_idle,0.69757632
0.0,21611.5072,21611.5072,core 1 cpu_idle start,326.765988864
21611.5072,46.136,-21565.3712,core 1 cpu_idle,-326.068412544
0.0,46.136,46.136,core 2 cpu_idle,0.69757632
0.0,46.136,46.136,core 3 cpu_idle,0.69757632
0.0,46.136,46.136,core 4 cpu_idle,0.69757632
0.0,46.136,46.136,core 5 cpu_idle,0.69757632
