Start Time (Seconds),End Time (Seconds),Duration (Seconds),Component,Energy Consumption (Joule)
0,35.629,35.629,screen medium,19.54749456
0,35.629,35.629,wifi running,0.4863786048
0,35.629,35.629,phone_scanning,18.8825719104
0.0,46.066,46.066,core 0 cpu_idle,0.69651792
0.0,46.066,46.066,core 1 cpu_idle,0.69651792
0.0,46.066,46.066,core 2 cpu_idle,0.69651792
0.0,21611.65981,21611.65981,core 3 cpu_idle start,326.768296327
21611.65981,46.066,-21565.59381,core 3 cpu_idle,-326.071778407
0.0,46.066,46.066,core 4 cpu_idle,0.69651792
0.0,46.066,46.066,core 5 cpu_idle,0.69651792
