Start Time (Seconds),End Time (Seconds),Duration (Seconds),Component,Energy Consumption (Joule)
0,35.544,35.544,screen medium,19.50086016
0,35.544,35.544,wifi running,0.4852182528
0,35.544,35.544,phone_scanning,18.8375238144
0.0,46.152,46.152,core 0 cpu_idle,0.69781824
0.0,46.152,46.152,core 1 cpu_idle,0.69781824
0.0,21611.531855,21611.531855,core 2 cpu_idle start,326.766361648
21611.531855,46.152,-21565.379855,core 2 cpu_idle,-326.068543408
0.0,46.152,46.152,core 3 cpu_idle,0.69781824
0.0,46.152,46.152,core 4 cpu_idle,0.69781824
0.0,46.152,46.152,core 5 cpu_idle,0.69781824
