Start Time (Seconds),End Time (Seconds),Duration (Seconds),Component,Energy Consumption (Joule)
0,35.609,35.609,screen medium,19.53652176
0,35.066,35.066,wifi radio,9.4057111008
35.066,35.609,0.543,wifi running,0.0074126016
0,35.609,35.609,phone_scanning,18.8719723584
0.0,46.114,46.114,core 0 cpu_idle,0.69724368
0.0,21611.470188,21611.470188,core 1 cpu_idle start,326.765429243
21611.470188,46.114,-21565.356188,core 1 cpu_idle,-326.068185563
0.0,46.114,46.114,core 2 cpu_idle,0.69724368
0.0,46.114,46.114,core 3 cpu_idle,0.69724368
0.0,46.114,46.114,core 4 cpu_idle,0.69724368
0.0,46.114,46.114,core 5 cpu_idle,0.69724368
