Start Time (Seconds),End Time (Seconds),Duration (Seconds),Component,Energy Consumption (Joule)
0,35.664,35.664,screen medium,19.684459488
0,25.567,25.567,wifi radio,6.89907956038
25.567,26.106,0.539,wifi running,0.00740228104
26.106,35.664,9.558,wifi radio,2.57916073212
0,35.664,35.664,phone_scanning,19.0148778739
0.0,47.116,47.116,core 0 cpu_idle,0.716681476001
0.0,21611.346,21611.346,core 1 cpu_idle start,328.730184006
21611.346,47.116,-21564.23,core 1 cpu_idle,-328.01350253
0.0,47.116,47.116,core 2 cpu_idle,0.716681476001
0.0,47.116,47.116,core 3 cpu_idle,0.716681476001
0.0,47.116,47.116,core 4 cpu_idle,0.716681476001
0.0,47.116,47.116,core 5 cpu_idle,0.716681476001
