Start Time (Seconds),End Time (Seconds),Duration (Seconds),Component,Energy Consumption (Joule)
0,35.61,35.61,screen medium,19.65465462
0,35.61,35.61,wifi scan,8.063051226
0,35.61,35.61,phone_scanning,18.9860868408
0.0,46.164,46.164,core 0 cpu_idle,0.702200604001
0.0,46.164,46.164,core 1 cpu_idle,0.702200604001
0.0,46.164,46.164,core 2 cpu_idle,0.702200604001
0.0,46.164,46.164,core 3 cpu_idle,0.702200604001
0.0,21611.561067,21611.561067,core 4 cpu_idle start,328.73345539
21611.561067,46.164,-21565.397067,core 4 cpu_idle,-328.031254786
0.0,46.164,46.164,core 5 cpu_idle,0.702200604001
