Start Time (Seconds),End Time (Seconds),Duration (Seconds),Component,Energy Consumption (Joule)
0,35.633,35.633,screen medium,19.667349286
0,26.397,26.397,wifi radio,7.12304936658
26.397,29.07,2.673,wifi running,0.03670927128
29.07,35.633,6.563,wifi radio,1.77098052782
0,35.633,35.633,phone_scanning,18.9983496882
0.0,46.05,46.05,core 0 cpu_idle,0.70046655
0.0,21611.45198,21611.45198,core 1 cpu_idle start,328.731796068
21611.45198,46.05,-21565.40198,core 1 cpu_idle,-328.031329518
0.0,46.05,46.05,core 2 cpu_idle,0.70046655
0.0,46.05,46.05,core 3 cpu_idle,0.70046655
0.0,46.05,46.05,core 4 cpu_idle,0.70046655
0.0,46.05,46.05,core 5 cpu_idle,0.70046655
