Start Time (Seconds),End Time (Seconds),Duration (Seconds),Component,Energy Consumption (Joule)
0,35.599,35.599,screen medium,19.648583258
0,33.511,33.511,wifi radio,9.04271346454
33.511,35.069,1.558,wifi running,0.02139657488
35.069,35.599,0.53,wifi radio,0.1430168642
0,35.599,35.599,phone_scanning,18.9802220007
0.0,47.144,47.144,core 0 cpu_idle,0.717107384
0.0,47.144,47.144,core 1 cpu_idle,0.717107384
0.0,47.144,47.144,core 2 cpu_idle,0.717107384
0.0,47.144,47.144,core 3 cpu_idle,0.717107384
0.0,47.144,47.144,core 4 cpu_idle,0.717107384
0.0,21611.673,21611.673,core 5 cpu_idle start,328.735158003
21611.673,47.144,-21564.529,core 5 cpu_idle,-328.018050619
