Start Time (Seconds),End Time (Seconds),Duration (Seconds),Component,Energy Consumption (Joule)
0,35.615,35.615,screen medium,19.499105655
0,16.233,16.233,wifi running,0.22113826308
16.233,16.49,0.257,wifi scan,0.0577229967
16.49,35.615,19.125,wifi running,0.260535285
0,35.615,35.615,phone_scanning,18.8358289902
0.0,46.014,46.014,core 0 cpu_idle,0.694282239
0.0,46.014,46.014,core 1 cpu_idle,0.694282239
0.0,21611.471855,21611.471855,core 2 cpu_idle start,326.084693084
21611.471855,46.014,-21565.457855,core 2 cpu_idle,-325.390410845
0.0,46.014,46.014,core 3 cpu_idle,0.694282239
0.0,46.014,46.014,core 4 cpu_idle,0.694282239
0.0,46.014,46.014,core 5 cpu_idle,0.694282239
