Start Time (Seconds),End Time (Seconds),Duration (Seconds),Component,Energy Consumption (Joule)
0,35.599,35.599,screen medium,19.490345703
0,31.053,31.053,wifi radio,8.31195619947
31.053,32.24,1.187,wifi running,0.01617021612
32.24,35.599,3.359,wifi radio,0.89910349641
0,35.599,35.599,phone_scanning,18.8273670145
0.0,21611.599731,21611.599731,core 0 cpu_idle start,326.086622541
21611.599731,47.05,-21564.549731,core 0 cpu_idle,-325.376708616
0.0,47.05,47.05,core 1 cpu_idle,0.709913925
0.0,47.05,47.05,core 2 cpu_idle,0.709913925
0.0,47.05,47.05,core 3 cpu_idle,0.709913925
0.0,47.05,47.05,core 4 cpu_idle,0.709913925
0.0,47.05,47.05,core 5 cpu_idle,0.709913925
