Start Time (Seconds),End Time (Seconds),Duration (Seconds),Component,Energy Consumption (Joule)
0,35.672,35.672,screen medium,19.530312984
0,35.672,35.672,wifi running,0.48595109472
0,35.672,35.672,phone_scanning,18.8659747786
0.0,47.086,47.086,core 0 cpu_idle,0.710457111
0.0,21611.49288,21611.49288,core 1 cpu_idle start,326.08501032
21611.49288,47.086,-21564.40688,core 1 cpu_idle,-325.374553209
0.0,47.086,47.086,core 2 cpu_idle,0.710457111
0.0,47.086,47.086,core 3 cpu_idle,0.710457111
0.0,47.086,47.086,core 4 cpu_idle,0.710457111
0.0,47.086,47.086,core 5 cpu_idle,0.710457111
