Start Time (Seconds),End Time (Seconds),Duration (Seconds),Component,Energy Consumption (Joule)
0,35.568,35.568,screen medium,19.473373296
0,35.568,35.568,wifi running,0.48453432768
0,35.568,35.568,phone_scanning,18.8109719366
0.0,47.079,47.079,core 0 cpu_idle,0.7103514915
0.0,21611.848355,21611.848355,core 1 cpu_idle start,326.090373904
21611.848355,47.079,-21564.769355,core 1 cpu_idle,-325.380022413
0.0,47.079,47.079,core 2 cpu_idle,0.7103514915
0.0,47.079,47.079,core 3 cpu_idle,0.7103514915
0.0,47.079,47.079,core 4 cpu_idle,0.7103514915
0.0,47.079,47.079,core 5 cpu_idle,0.7103514915
