Start Time (Seconds),End Time (Seconds),Duration (Seconds),Component,Energy Consumption (Joule)
0,35.595,35.595,screen medium,19.488155715
0,35.595,35.595,wifi running,0.4849021422
0,35.595,35.595,phone_scanning,18.8252515206
0.0,47.113,47.113,core 0 cpu_idle,0.7108645005
0.0,47.113,47.113,core 1 cpu_idle,0.7108645005
0.0,21611.522793,21611.522793,core 2 cpu_idle start,326.085461662
21611.522793,47.113,-21564.409793,core 2 cpu_idle,-325.374597162
0.0,47.113,47.113,core 3 cpu_idle,0.7108645005
0.0,47.113,47.113,core 4 cpu_idle,0.7108645005
0.0,47.113,47.113,core 5 cpu_idle,0.7108645005
