Start Time (Seconds),End Time (Seconds),Duration (Seconds),Component,Energy Consumption (Joule)
0,35.558,35.558,screen medium,19.50854112
0,21.297,21.297,wifi running,0.2907296064
21.297,21.582,0.285,wifi scan,0.06414552
21.582,35.558,13.976,wifi running,0.1907891712
0,35.558,35.558,phone_scanning,18.8449435008
0.0,47.09,47.09,core 0 cpu_idle,0.7120008
0.0,47.09,47.09,core 1 cpu_idle,0.7120008
0.0,21611.35897,21611.35897,core 2 cpu_idle start,326.763747626
21611.35897,47.09,-21564.26897,core 2 cpu_idle,-326.051746826
0.0,47.09,47.09,core 3 cpu_idle,0.7120008
0.0,47.09,47.09,core 4 cpu_idle,0.7120008
0.0,47.09,47.09,core 5 cpu_idle,0.7120008
