Start Time (Seconds),End Time (Seconds),Duration (Seconds),Component,Energy Consumption (Joule)
0,35.609,35.609,screen medium,19.53652176
0,23.835,23.835,wifi running,0.325376352
23.835,29.306,5.471,wifi scan,1.231368912
29.306,35.609,6.303,wifi running,0.0860435136
0,35.609,35.609,phone_scanning,18.8719723584
0.0,21611.542525,21611.542525,core 0 cpu_idle start,326.766522978
21611.542525,47.092,-21564.450525,core 0 cpu_idle,-326.054491938
0.0,47.092,47.092,core 1 cpu_idle,0.71203104
0.0,47.092,47.092,core 2 cpu_idle,0.71203104
0.0,47.092,47.092,core 3 cpu_idle,0.71203104
0.0,47.092,47.092,core 4 cpu_idle,0.71203104
0.0,47.092,47.092,core 5 cpu_idle,0.71203104
