Start Time (Seconds),End Time (Seconds),Duration (Seconds),Component,Energy Consumption (Joule)
0,35.595,35.595,screen medium,19.5288408
0,20.175,20.175,wifi running,0.27541296
20.175,20.436,0.261,wifi scan,0.058743792
20.436,35.595,15.159,wifi running,0.2069385408
0,35.595,35.595,phone_scanning,18.864552672
0.0,21611.823917,21611.823917,core 0 cpu_idle start,326.770777625
21611.823917,46.136,-21565.687917,core 0 cpu_idle,-326.073201305
0.0,46.136,46.136,core 1 cpu_idle,0.69757632
0.0,46.136,46.136,core 2 cpu_idle,0.69757632
0.0,46.136,46.136,core 3 cpu_idle,0.69757632
0.0,46.136,46.136,core 4 cpu_idle,0.69757632
0.0,46.136,46.136,core 5 cpu_idle,0.69757632
