Start Time (Seconds),End Time (Seconds),Duration (Seconds),Component,Energy Consumption (Joule)
0,35.589,35.589,screen medium,19.52554896
0,35.225,35.225,wifi radio,9.44835948
35.225,35.589,0.364,wifi running,0.0049690368
0,35.589,35.589,phone_scanning,18.8613728064
0.0,21611.318113,21611.318113,core 0 cpu_idle start,326.763129869
21611.318113,47.106,-21564.212113,core 0 cpu_idle,-326.050887149
0.0,47.106,47.106,core 1 cpu_idle,0.71224272
0.0,47.106,47.106,core 2 cpu_idle,0.71224272
0.0,47.106,47.106,core 3 cpu_idle,0.71224272
0.0,47.106,47.106,core 4 cpu_idle,0.71224272
0.0,47.106,47.106,core 5 cpu_idle,0.71224272
