Start Time (Seconds),End Time (Seconds),Duration (Seconds),Component,Energy Consumption (Joule)
0,35.644,35.644,screen medium,19.55572416
0,22.612,22.612,wifi running,0.3086809344
22.612,25.01,2.398,wifi scan,0.539722656
25.01,35.644,10.634,wifi running,0.1451668608
0,35.644,35.644,phone_scanning,18.8905215744
0.0,47.051,47.051,core 0 cpu_idle,0.71141112
0.0,47.051,47.051,core 1 cpu_idle,0.71141112
0.0,21611.571416,21611.571416,core 2 cpu_idle start,326.76695981
21611.571416,47.051,-21564.520416,core 2 cpu_idle,-326.05554869
0.0,47.051,47.051,core 3 cpu_idle,0.71141112
0.0,47.051,47.051,core 4 cpu_idle,0.71141112
0.0,47.051,47.051,core 5 cpu_idle,0.71141112
