Start Time (Seconds),End Time (Seconds),Duration (Seconds),Component,Energy Consumption (Joule)
0,35.61,35.61,screen medium,19.51898052
0,20.063,20.063,wifi running,0.27363042928
20.063,25.518,5.455,wifi scan,1.226630938
25.518,35.61,10.092,wifi running,0.13764034752
0,35.61,35.61,phone_scanning,18.8550277968
0.0,46.112,46.112,core 0 cpu_idle,0.696567871999
0.0,46.112,46.112,core 1 cpu_idle,0.696567871999
0.0,21611.746307,21611.746307,core 2 cpu_idle start,326.467039714
21611.746307,46.112,-21565.634307,core 2 cpu_idle,-325.770471842
0.0,46.112,46.112,core 3 cpu_idle,0.696567871999
0.0,46.112,46.112,core 4 cpu_idle,0.696567871999
0.0,46.112,46.112,core 5 cpu_idle,0.696567871999
