Start Time (Seconds),End Time (Seconds),Duration (Seconds),Component,Energy Consumption (Joule)
0,35.598,35.598,screen medium,19.512402936
0,20.252,20.252,wifi running,0.27620811712
20.252,25.726,5.474,wifi scan,1.2309033464
25.726,35.598,9.872,wifi running,0.13463986432
0,35.598,35.598,phone_scanning,18.8486739542
0.0,46.129,46.129,core 0 cpu_idle,0.696824673999
0.0,46.129,46.129,core 1 cpu_idle,0.696824673999
0.0,46.129,46.129,core 2 cpu_idle,0.696824673999
0.0,21611.447963,21611.447963,core 3 cpu_idle start,326.462532929
21611.447963,46.129,-21565.318963,core 3 cpu_idle,-325.765708255
0.0,46.129,46.129,core 4 cpu_idle,0.696824673999
0.0,46.129,46.129,core 5 cpu_idle,0.696824673999
