Start Time (Seconds),End Time (Seconds),Duration (Seconds),Component,Energy Consumption (Joule)
0,35.641,35.641,screen medium,19.535972612
0,25.603,25.603,wifi radio,6.86110320532
25.603,32.273,6.67,wifi running,0.0909691952
32.273,35.641,3.368,wifi radio,0.90255812192
0,35.641,35.641,phone_scanning,18.8714418901
0.0,47.148,47.148,core 0 cpu_idle,0.712217688
0.0,47.148,47.148,core 1 cpu_idle,0.712217688
0.0,47.148,47.148,core 2 cpu_idle,0.712217688
0.0,47.148,47.148,core 3 cpu_idle,0.712217688
0.0,47.148,47.148,core 4 cpu_idle,0.712217688
0.0,21611.536251,21611.536251,core 5 cpu_idle start,326.463866608
21611.536251,47.148,-21564.388251,core 5 cpu_idle,-325.75164892
