Start Time (Seconds),End Time (Seconds),Duration (Seconds),Component,Energy Consumption (Joule)
0,35.58,35.58,screen medium,19.50253656
0,35.58,35.58,wifi scan,8.000646888
0,35.58,35.58,phone_scanning,18.8391431904
0.0,47.073,47.073,core 0 cpu_idle,0.711084738
0.0,47.073,47.073,core 1 cpu_idle,0.711084738
0.0,47.073,47.073,core 2 cpu_idle,0.711084738
0.0,21611.41884,21611.41884,core 3 cpu_idle start,326.462092997
21611.41884,47.073,-21564.34584,core 3 cpu_idle,-325.751008259
0.0,47.073,47.073,core 4 cpu_idle,0.711084738
0.0,47.073,47.073,core 5 cpu_idle,0.711084738
