Start Time (Seconds),End Time (Seconds),Duration (Seconds),Component,Energy Consumption (Joule)
0,35.605,35.605,screen medium,19.656416745
0,35.605,35.605,wifi running,0.4890887946
0,35.605,35.605,phone_scanning,18.9877890258
0.0,46.129,46.129,core 0 cpu_idle,0.7018296705
0.0,46.129,46.129,core 1 cpu_idle,0.7018296705
0.0,46.129,46.129,core 2 cpu_idle,0.7018296705
0.0,46.129,46.129,core 3 cpu_idle,0.7018296705
0.0,21611.637035,21611.637035,core 4 cpu_idle start,328.810251669
21611.637035,46.129,-21565.508035,core 4 cpu_idle,-328.108421999
0.0,46.129,46.129,core 5 cpu_idle,0.7018296705
