Start Time (Seconds),End Time (Seconds),Duration (Seconds),Component,Energy Consumption (Joule)
0,35.65,35.65,screen medium,19.68125985
0,35.65,35.65,wifi running,0.489706938
0,35.65,35.65,phone_scanning,19.011787074
0.0,47.125,47.125,core 0 cpu_idle,0.7169833125
0.0,47.125,47.125,core 1 cpu_idle,0.7169833125
0.0,47.125,47.125,core 2 cpu_idle,0.7169833125
0.0,47.125,47.125,core 3 cpu_idle,0.7169833125
0.0,47.125,47.125,core 4 cpu_idle,0.7169833125
0.0,21611.661872,21611.661872,core 5 cpu_idle start,328.810629552
21611.661872,47.125,-21564.536872,core 5 cpu_idle,-328.093646239
