Start Time (Seconds),End Time (Seconds),Duration (Seconds),Component,Energy Consumption (Joule)
0,35.614,35.614,screen medium,19.661385366
0,25.586,25.586,wifi radio,6.90579521478
25.586,29.364,3.778,wifi running,0.05189657256
29.364,35.614,6.25,wifi radio,1.6869076875
0,35.614,35.614,phone_scanning,18.9925886354
0.0,46.094,46.094,core 0 cpu_idle,0.701297163
0.0,46.094,46.094,core 1 cpu_idle,0.701297163
0.0,21611.218826,21611.218826,core 2 cpu_idle start,328.803888828
21611.218826,46.094,-21565.124826,core 2 cpu_idle,-328.102591665
0.0,46.094,46.094,core 3 cpu_idle,0.701297163
0.0,46.094,46.094,core 4 cpu_idle,0.701297163
0.0,46.094,46.094,core 5 cpu_idle,0.701297163
