Start Time (Seconds),End Time (Seconds),Duration (Seconds),Component,Energy Consumption (Joule)
0,35.583,35.583,screen medium,19.644271227
0,35.583,35.583,wifi running,0.48878659116
0,35.583,35.583,phone_scanning,18.9760566467
0.0,47.142,47.142,core 0 cpu_idle,0.717241959
0.0,47.142,47.142,core 1 cpu_idle,0.717241959
0.0,47.142,47.142,core 2 cpu_idle,0.717241959
0.0,47.142,47.142,core 3 cpu_idle,0.717241959
0.0,21611.450265,21611.450265,core 4 cpu_idle start,328.807410057
21611.450265,47.142,-21564.308265,core 4 cpu_idle,-328.090168098
0.0,47.142,47.142,core 5 cpu_idle,0.717241959
