Start Time (Seconds),End Time (Seconds),Duration (Seconds),Component,Energy Consumption (Joule)
0,35.607,35.607,screen medium,19.517336124
0,25.341,25.341,wifi radio,6.79089233004
25.341,28.623,3.282,wifi running,0.04476175392
28.623,33.238,4.615,wifi scan,1.037745514
33.238,35.607,2.369,wifi running,0.03230974864
0,35.607,35.607,phone_scanning,18.8534393362
0.0,46.093,46.093,core 0 cpu_idle,0.696280858
0.0,46.093,46.093,core 1 cpu_idle,0.696280858
0.0,21611.4211,21611.4211,core 2 cpu_idle start,326.462127137
21611.4211,46.093,-21565.3281,core 2 cpu_idle,-325.765846279
0.0,46.093,46.093,core 3 cpu_idle,0.696280858
0.0,46.093,46.093,core 4 cpu_idle,0.696280858
0.0,46.093,46.093,core 5 cpu_idle,0.696280858
