Start Time (Seconds),End Time (Seconds),Duration (Seconds),Component,Energy Consumption (Joule)
0,35.638,35.638,screen medium,19.534328216
0,26.347,26.347,wifi radio,7.06048065268
26.347,31.27,4.923,wifi running,0.06714263088
31.27,35.638,4.368,wifi radio,1.17053856192
0,35.638,35.638,phone_scanning,18.8698534294
0.0,21611.45854,21611.45854,core 0 cpu_idle start,326.462692705
21611.45854,46.154,-21565.30454,core 0 cpu_idle,-325.765490381
0.0,46.154,46.154,core 1 cpu_idle,0.697202324
0.0,46.154,46.154,core 2 cpu_idle,0.697202324
0.0,46.154,46.154,core 3 cpu_idle,0.697202324
0.0,46.154,46.154,core 4 cpu_idle,0.697202324
0.0,46.154,46.154,core 5 cpu_idle,0.697202324
