Start Time (Seconds),End Time (Seconds),Duration (Seconds),Component,Energy Consumption (Joule)
0,35.349,35.349,screen medium,19.375918068
0,29.805,29.805,wifi running,0.4064972808
29.805,35.349,5.544,wifi scan,1.2466437984
0,35.349,35.349,phone_scanning,18.7168317211
0.0,46.127,46.127,core 0 cpu_idle,0.696794462001
0.0,46.127,46.127,core 1 cpu_idle,0.696794462001
0.0,21612.657225,21612.657225,core 2 cpu_idle start,326.480800041
21612.657225,46.127,-21566.530225,core 2 cpu_idle,-325.784005579
0.0,46.127,46.127,core 3 cpu_idle,0.696794462001
0.0,46.127,46.127,core 4 cpu_idle,0.696794462001
0.0,46.127,46.127,core 5 cpu_idle,0.696794462001
