Start Time (Seconds),End Time (Seconds),Duration (Seconds),Component,Energy Consumption (Joule)
0,35.636,35.636,screen medium,19.533231952
0,35.636,35.636,wifi running,0.48602372416
0,35.636,35.636,phone_scanning,18.8687944557
0.0,21611.475913,21611.475913,core 0 cpu_idle start,326.462955142
21611.475913,46.143,-21565.332913,core 0 cpu_idle,-325.765918984
0.0,46.143,46.143,core 1 cpu_idle,0.697036158001
0.0,46.143,46.143,core 2 cpu_idle,0.697036158001
0.0,46.143,46.143,core 3 cpu_idle,0.697036158001
0.0,46.143,46.143,core 4 cpu_idle,0.697036158001
0.0,46.143,46.143,core 5 cpu_idle,0.697036158001
