Start Time (Seconds),End Time (Seconds),Duration (Seconds),Component,Energy Consumption (Joule)
0,35.648,35.648,screen medium,19.539809536
0,25.621,25.621,wifi radio,6.86592685324
25.621,34.506,8.885,wifi running,0.1211786056
34.506,35.648,1.142,wifi radio,0.30603366248
0,35.648,35.648,phone_scanning,18.8751482982
0.0,21611.408993,21611.408993,core 0 cpu_idle start,326.461944248
21611.408993,46.12,-21565.288993,core 0 cpu_idle,-325.765255528
0.0,46.12,46.12,core 1 cpu_idle,0.69668872
0.0,46.12,46.12,core 2 cpu_idle,0.69668872
0.0,46.12,46.12,core 3 cpu_idle,0.69668872
0.0,46.12,46.12,core 4 cpu_idle,0.69668872
0.0,46.12,46.12,core 5 cpu_idle,0.69668872
