Start Time (Seconds),End Time (Seconds),Duration (Seconds),Component,Energy Consumption (Joule)
0,35.527,35.527,screen medium,19.450925919
0,23.115,23.115,wifi running,0.3148900974
23.115,28.521,5.406,wifi scan,1.2142043586
28.521,35.527,7.006,wifi running,0.09544105656
0,35.527,35.527,phone_scanning,18.789288124
0.0,47.122,47.122,core 0 cpu_idle,0.711000297
0.0,47.122,47.122,core 1 cpu_idle,0.711000297
0.0,47.122,47.122,core 2 cpu_idle,0.711000297
0.0,47.122,47.122,core 3 cpu_idle,0.711000297
0.0,21611.660277,21611.660277,core 4 cpu_idle start,326.08753609
21611.660277,47.122,-21564.538277,core 4 cpu_idle,-325.376535793
0.0,47.122,47.122,core 5 cpu_idle,0.711000297
