Start Time (Seconds),End Time (Seconds),Duration (Seconds),Component,Energy Consumption (Joule)
0,35.56,35.56,screen medium,19.46899332
0,20.212,20.212,wifi running,0.27534322512
20.212,25.732,5.52,wifi scan,1.239809112
25.732,35.56,9.828,wifi running,0.13388448528
0,35.56,35.56,phone_scanning,18.8067409488
0.0,47.144,47.144,core 0 cpu_idle,0.711332244
0.0,47.144,47.144,core 1 cpu_idle,0.711332244
0.0,47.144,47.144,core 2 cpu_idle,0.711332244
0.0,21611.404927,21611.404927,core 3 cpu_idle start,326.083683241
21611.404927,47.144,-21564.260927,core 3 cpu_idle,-325.372350997
0.0,47.144,47.144,core 4 cpu_idle,0.711332244
0.0,47.144,47.144,core 5 cpu_idle,0.711332244
