Start Time (Seconds),End Time (Seconds),Duration (Seconds),Component,Energy Consumption (Joule)
0,35.555,35.555,screen medium,19.466255835
0,21.047,21.047,wifi running,0.28671822972
21.047,26.517,5.47,wifi scan,1.228578957
26.517,35.555,9.038,wifi running,0.12312250488
0,35.555,35.555,phone_scanning,18.8040965814
0.0,21611.664887,21611.664887,core 0 cpu_idle start,326.087605647
21611.664887,47.216,-21564.448887,core 0 cpu_idle,-325.375187031
0.0,47.216,47.216,core 1 cpu_idle,0.712418615999
0.0,47.216,47.216,core 2 cpu_idle,0.712418615999
0.0,47.216,47.216,core 3 cpu_idle,0.712418615999
0.0,47.216,47.216,core 4 cpu_idle,0.712418615999
0.0,47.216,47.216,core 5 cpu_idle,0.712418615999
