Start Time (Seconds),End Time (Seconds),Duration (Seconds),Component,Energy Consumption (Joule)
0,35.581,35.581,screen medium,19.480490757
0,2.091,2.091,wifi scan,0.4696450821
2.091,35.581,33.49,wifi running,0.4562262324
0,35.581,35.581,phone_scanning,18.8178472919
0.0,47.161,47.161,core 0 cpu_idle,0.7115887485
0.0,47.161,47.161,core 1 cpu_idle,0.7115887485
0.0,47.161,47.161,core 2 cpu_idle,0.7115887485
0.0,47.161,47.161,core 3 cpu_idle,0.7115887485
0.0,21611.521843,21611.521843,core 4 cpu_idle start,326.085447328
21611.521843,47.161,-21564.360843,core 4 cpu_idle,-325.37385858
0.0,47.161,47.161,core 5 cpu_idle,0.7115887485
