Start Time (Seconds),End Time (Seconds),Duration (Seconds),Component,Energy Consumption (Joule)
0,35.485,35.485,screen medium,19.427931045
0,35.485,35.485,wifi running,0.4834036386
0,35.485,35.485,phone_scanning,18.7670754378
0.0,47.142,47.142,core 0 cpu_idle,0.711302067
0.0,21611.499843,21611.499843,core 1 cpu_idle start,326.085115381
21611.499843,47.142,-21564.357843,core 1 cpu_idle,-325.373813314
0.0,47.142,47.142,core 2 cpu_idle,0.711302067
0.0,47.142,47.142,core 3 cpu_idle,0.711302067
0.0,47.142,47.142,core 4 cpu_idle,0.711302067
0.0,47.142,47.142,core 5 cpu_idle,0.711302067
