Start Time (Seconds),End Time (Seconds),Duration (Seconds),Component,Energy Consumption (Joule)
0,35.605,35.605,screen medium,19.466499675
0,22.821,22.821,wifi running,0.3104523198
22.821,28.156,5.335,wifi scan,1.1965898175
28.156,35.605,7.449,wifi running,0.1013347062
0,35.605,35.605,phone_scanning,18.804332127
0.0,46.068,46.068,core 0 cpu_idle,0.69412959
0.0,46.068,46.068,core 1 cpu_idle,0.69412959
0.0,46.068,46.068,core 2 cpu_idle,0.69412959
0.0,46.068,46.068,core 3 cpu_idle,0.69412959
0.0,46.068,46.068,core 4 cpu_idle,0.69412959
0.0,21611.892897,21611.892897,core 5 cpu_idle start,325.637196226
21611.892897,46.068,-21565.824897,core 5 cpu_idle,-324.943066636
