Start Time (Seconds),End Time (Seconds),Duration (Seconds),Component,Energy Consumption (Joule)
0,35.637,35.637,screen medium,19.483995195
0,20.288,20.288,wifi running,0.2759938944
20.288,25.767,5.479,wifi scan,1.2288876495
25.767,35.637,9.87,wifi running,0.134269506
0,35.637,35.637,phone_scanning,18.8212325238
0.0,46.133,46.133,core 0 cpu_idle,0.6951089775
0.0,46.133,46.133,core 1 cpu_idle,0.6951089775
0.0,46.133,46.133,core 2 cpu_idle,0.6951089775
0.0,46.133,46.133,core 3 cpu_idle,0.6951089775
0.0,21611.554832,21611.554832,core 4 cpu_idle start,325.632102431
21611.554832,46.133,-21565.421832,core 4 cpu_idle,-324.936993454
0.0,46.133,46.133,core 5 cpu_idle,0.6951089775
