Start Time (Seconds),End Time (Seconds),Duration (Seconds),Component,Energy Consumption (Joule)
0,35.564,35.564,screen medium,19.44408354
0,24.059,24.059,wifi running,0.3272938242
24.059,29.543,5.484,wifi scan,1.230009102
29.543,35.564,6.021,wifi running,0.0819084798
0,35.564,35.564,phone_scanning,18.7826784936
0.0,46.154,46.154,core 0 cpu_idle,0.695425395001
0.0,46.154,46.154,core 1 cpu_idle,0.695425395001
0.0,46.154,46.154,core 2 cpu_idle,0.695425395001
0.0,21611.580238,21611.580238,core 3 cpu_idle start,325.632485236
21611.580238,46.154,-21565.426238,core 3 cpu_idle,-324.937059841
0.0,46.154,46.154,core 4 cpu_idle,0.695425395001
0.0,46.154,46.154,core 5 cpu_idle,0.695425395001
