Start Time (Seconds),End Time (Seconds),Duration (Seconds),Component,Energy Consumption (Joule)
0,35.571,35.571,screen medium,19.447910685
0,35.571,35.571,wifi running,0.4839007698
0,35.571,35.571,phone_scanning,18.7863754554
0.0,21611.508103,21611.508103,core 0 cpu_idle start,325.631398342
21611.508103,46.157,-21565.351103,core 0 cpu_idle,-324.935927744
0.0,46.157,46.157,core 1 cpu_idle,0.6954705975
0.0,46.157,46.157,core 2 cpu_idle,0.6954705975
0.0,46.157,46.157,core 3 cpu_idle,0.6954705975
0.0,46.157,46.157,core 4 cpu_idle,0.6954705975
0.0,46.157,46.157,core 5 cpu_idle,0.6954705975
