Start Time (Seconds),End Time (Seconds),Duration (Seconds),Component,Energy Consumption (Joule)
0,35.583,35.583,screen medium,19.454471505
0,21.681,21.681,wifi running,0.2949439878
21.681,27.107,5.426,wifi scan,1.217000253
27.107,35.583,8.476,wifi running,0.1153058088
0,35.583,35.583,phone_scanning,18.7927131042
0.0,46.083,46.083,core 0 cpu_idle,0.6943556025
0.0,46.083,46.083,core 1 cpu_idle,0.6943556025
0.0,21611.460833,21611.460833,core 2 cpu_idle start,325.630686101
21611.460833,46.083,-21565.377833,core 2 cpu_idle,-324.936330499
0.0,46.083,46.083,core 3 cpu_idle,0.6943556025
0.0,46.083,46.083,core 4 cpu_idle,0.6943556025
0.0,46.083,46.083,core 5 cpu_idle,0.6943556025
