Start Time (Seconds),End Time (Seconds),Duration (Seconds),Component,Energy Consumption (Joule)
0,35.61,35.61,screen medium,19.47827829
0,31.066,31.066,wifi radio,8.30772035758
31.066,33.568,2.502,wifi running,0.03405252024
33.568,35.61,2.042,wifi radio,0.54607496846
0,35.61,35.61,phone_scanning,18.8157100836
0.0,46.084,46.084,core 0 cpu_idle,0.694693258
0.0,46.084,46.084,core 1 cpu_idle,0.694693258
0.0,46.084,46.084,core 2 cpu_idle,0.694693258
0.0,46.084,46.084,core 3 cpu_idle,0.694693258
0.0,46.084,46.084,core 4 cpu_idle,0.694693258
0.0,21611.49893,21611.49893,core 5 cpu_idle start,325.78254062
21611.49893,46.084,-21565.41493,core 5 cpu_idle,-325.087847362
