Start Time (Seconds),End Time (Seconds),Duration (Seconds),Component,Energy Consumption (Joule)
0,35.606,35.606,screen medium,19.476090334
0,23.855,23.855,wifi running,0.3246694126
23.855,24.138,0.283,wifi scan,0.0635037001
24.138,35.606,11.468,wifi running,0.15608085616
0,35.606,35.606,phone_scanning,18.8135965526
0.0,46.072,46.072,core 0 cpu_idle,0.694512364001
0.0,46.072,46.072,core 1 cpu_idle,0.694512364001
0.0,21611.367852,21611.367852,core 2 cpu_idle start,325.780564685
21611.367852,46.072,-21565.295852,core 2 cpu_idle,-325.086052321
0.0,46.072,46.072,core 3 cpu_idle,0.694512364001
0.0,46.072,46.072,core 4 cpu_idle,0.694512364001
0.0,46.072,46.072,core 5 cpu_idle,0.694512364001
