device,subject,run_id,energy_consumed,load_time
nexus5x,http1042018080wwwtheguardiancomwwwtheguardiancom2internationalhtml,1,65.19744,656.0
nexus5x,http1042018080wwwtheguardiancomwwwtheguardiancom2internationalhtml,2,78.857856,487.0
nexus5x,http1042018080wwwtheguardiancomwwwtheguardiancom2internationalhtml,3,79.16832,607.0
nexus5x,http1042018080wwwtheguardiancomwwwtheguardiancom2internationalhtml,4,77.771232,586.0
nexus5x,http1042018080wwwtheguardiancomwwwtheguardiancom2internationalhtml,5,80.410176,502.0
