Start Time (Seconds),End Time (Seconds),Duration (Seconds),Component,Energy Consumption (Joule)
0,35.581,35.581,screen medium,19.344927147
0,35.581,35.581,wifi running,0.48133834476
0,35.581,35.581,phone_scanning,18.6868949795
0.0,47.136,47.136,core 0 cpu_idle,0.706262256
0.0,47.136,47.136,core 1 cpu_idle,0.706262256
0.0,47.136,47.136,core 2 cpu_idle,0.706262256
0.0,47.136,47.136,core 3 cpu_idle,0.706262256
0.0,21611.445839,21611.445839,core 4 cpu_idle start,323.815098729
21611.445839,47.136,-21564.309839,core 4 cpu_idle,-323.108836473
0.0,47.136,47.136,core 5 cpu_idle,0.706262256
