Start Time (Seconds),End Time (Seconds),Duration (Seconds),Component,Energy Consumption (Joule)
0,35.659,35.659,screen medium,19.387334733
0,35.659,35.659,wifi running,0.48239352564
0,35.659,35.659,phone_scanning,18.7278600397
0.0,21611.885904,21611.885904,core 0 cpu_idle start,323.821692443
21611.885904,47.164,-21564.721904,core 0 cpu_idle,-323.115010649
0.0,47.164,47.164,core 1 cpu_idle,0.706681794
0.0,47.164,47.164,core 2 cpu_idle,0.706681794
0.0,47.164,47.164,core 3 cpu_idle,0.706681794
0.0,47.164,47.164,core 4 cpu_idle,0.706681794
0.0,47.164,47.164,core 5 cpu_idle,0.706681794
