Start Time (Seconds),End Time (Seconds),Duration (Seconds),Component,Energy Consumption (Joule)
0,35.73,35.73,screen medium,19.42593651
0,0.543,0.543,wifi scan,0.1211107743
0.543,35.73,35.187,wifi running,0.47600832852
0,35.73,35.73,phone_scanning,18.7651487484
0.0,21611.48892,21611.48892,core 0 cpu_idle start,323.815744233
21611.48892,47.142,-21564.34692,core 0 cpu_idle,-323.109392076
0.0,47.142,47.142,core 1 cpu_idle,0.706352157
0.0,47.142,47.142,core 2 cpu_idle,0.706352157
0.0,47.142,47.142,core 3 cpu_idle,0.706352157
0.0,47.142,47.142,core 4 cpu_idle,0.706352157
0.0,47.142,47.142,core 5 cpu_idle,0.706352157
