Start Time (Seconds),End Time (Seconds),Duration (Seconds),Component,Energy Consumption (Joule)
0,35.586,35.586,screen medium,19.347645582
0,35.586,35.586,wifi running,0.48140598456
0,35.586,35.586,phone_scanning,18.6895209449
0.0,46.141,46.141,core 0 cpu_idle,0.6913536735
0.0,46.141,46.141,core 1 cpu_idle,0.6913536735
0.0,46.141,46.141,core 2 cpu_idle,0.6913536735
0.0,21611.570098,21611.570098,core 3 cpu_idle start,323.816960563
21611.570098,46.141,-21565.429098,core 3 cpu_idle,-323.12560689
0.0,46.141,46.141,core 4 cpu_idle,0.6913536735
0.0,46.141,46.141,core 5 cpu_idle,0.6913536735
