Start Time (Seconds),End Time (Seconds),Duration (Seconds),Component,Energy Consumption (Joule)
0,35.625,35.625,screen medium,19.368849375
0,24.137,24.137,wifi running,0.32652437052
24.137,29.643,5.506,wifi scan,1.2280587906
29.643,35.625,5.982,wifi running,0.08092425672
0,35.625,35.625,phone_scanning,18.710003475
0.0,46.119,46.119,core 0 cpu_idle,0.6910240365
0.0,46.119,46.119,core 1 cpu_idle,0.6910240365
0.0,46.119,46.119,core 2 cpu_idle,0.6910240365
0.0,46.119,46.119,core 3 cpu_idle,0.6910240365
0.0,46.119,46.119,core 4 cpu_idle,0.6910240365
0.0,21611.458178,21611.458178,core 5 cpu_idle start,323.81528361
21611.458178,46.119,-21565.339178,core 5 cpu_idle,-323.124259574
