Start Time (Seconds),End Time (Seconds),Duration (Seconds),Component,Energy Consumption (Joule)
0,35.586,35.586,screen medium,19.510344774
0,24.355,24.355,wifi running,0.3322440906
24.355,29.85,5.495,wifi scan,1.2359117715
29.85,35.586,5.736,wifi running,0.07824890592
0,35.586,35.586,phone_scanning,18.8466858022
0.0,47.037,47.037,core 0 cpu_idle,0.7107055515
0.0,47.037,47.037,core 1 cpu_idle,0.7107055515
0.0,21611.568022,21611.568022,core 2 cpu_idle start,326.539987028
21611.568022,47.037,-21564.531022,core 2 cpu_idle,-325.829281477
0.0,47.037,47.037,core 3 cpu_idle,0.7107055515
0.0,47.037,47.037,core 4 cpu_idle,0.7107055515
0.0,47.037,47.037,core 5 cpu_idle,0.7107055515
