Start Time (Seconds),End Time (Seconds),Duration (Seconds),Component,Energy Consumption (Joule)
0,35.666,35.666,screen medium,19.554205494
0,28.635,28.635,wifi radio,7.67539784655
28.635,32.242,3.607,wifi running,0.04920568404
32.242,35.666,3.424,wifi radio,0.91777762272
0,35.666,35.666,phone_scanning,18.889054567
0.0,46.108,46.108,core 0 cpu_idle,0.696668826
0.0,46.108,46.108,core 1 cpu_idle,0.696668826
0.0,21611.662094,21611.662094,core 2 cpu_idle start,326.541408409
21611.662094,46.108,-21565.554094,core 2 cpu_idle,-325.844739583
0.0,46.108,46.108,core 3 cpu_idle,0.696668826
0.0,46.108,46.108,core 4 cpu_idle,0.696668826
0.0,46.108,46.108,core 5 cpu_idle,0.696668826
