Start Time (Seconds),End Time (Seconds),Duration (Seconds),Component,Energy Consumption (Joule)
0,34.634,34.634,screen medium,18.988402206
0,29.154,29.154,wifi running,0.39771070488
29.154,34.634,5.48,wifi scan,1.232538036
0,34.634,34.634,phone_scanning,18.342497501
0.0,21611.483361,21611.483361,core 0 cpu_idle start,326.538707843
21611.483361,46.139,-21565.344361,core 0 cpu_idle,-325.841570623
0.0,46.139,46.139,core 1 cpu_idle,0.6971372205
0.0,46.139,46.139,core 2 cpu_idle,0.6971372205
0.0,46.139,46.139,core 3 cpu_idle,0.6971372205
0.0,46.139,46.139,core 4 cpu_idle,0.6971372205
0.0,46.139,46.139,core 5 cpu_idle,0.6971372205
