Start Time (Seconds),End Time (Seconds),Duration (Seconds),Component,Energy Consumption (Joule)
0,35.602,35.602,screen medium,19.519116918
0,35.602,35.602,wifi running,0.48567251544
0,35.602,35.602,phone_scanning,18.8551595551
0.0,47.096,47.096,core 0 cpu_idle,0.711597012
0.0,47.096,47.096,core 1 cpu_idle,0.711597012
0.0,47.096,47.096,core 2 cpu_idle,0.711597012
0.0,47.096,47.096,core 3 cpu_idle,0.711597012
0.0,47.096,47.096,core 4 cpu_idle,0.711597012
0.0,21611.843888,21611.843888,core 5 cpu_idle start,326.544155226
21611.843888,47.096,-21564.747888,core 5 cpu_idle,-325.832558214
