Start Time (Seconds),End Time (Seconds),Duration (Seconds),Component,Energy Consumption (Joule)
0,35.658,35.658,screen medium,19.549819422
0,34.38,34.38,wifi radio,9.2153021814
34.38,34.968,0.588,wifi running,0.00802133136
34.968,35.658,0.69,wifi radio,0.1849493457
0,35.658,35.658,phone_scanning,18.8848176905
0.0,47.168,47.168,core 0 cpu_idle,0.712684896
0.0,21611.504678,21611.504678,core 1 cpu_idle start,326.539029932
21611.504678,47.168,-21564.336678,core 1 cpu_idle,-325.826345036
0.0,47.168,47.168,core 2 cpu_idle,0.712684896
0.0,47.168,47.168,core 3 cpu_idle,0.712684896
0.0,47.168,47.168,core 4 cpu_idle,0.712684896
0.0,47.168,47.168,core 5 cpu_idle,0.712684896
