Start Time (Seconds),End Time (Seconds),Duration (Seconds),Component,Energy Consumption (Joule)
0,35.631,35.631,screen medium,19.539541566
0,24.261,24.261,wifi running,0.33103843368
24.261,29.77,5.509,wifi scan,1.2393476102
29.77,35.631,5.861,wifi running,0.07997264168
0,35.631,35.631,phone_scanning,18.8748894434
0.0,21611.767134,21611.767134,core 0 cpu_idle start,326.618636696
21611.767134,46.153,-21565.614134,core 0 cpu_idle,-325.921126407
0.0,46.153,46.153,core 1 cpu_idle,0.697510289
0.0,46.153,46.153,core 2 cpu_idle,0.697510289
0.0,46.153,46.153,core 3 cpu_idle,0.697510289
0.0,46.153,46.153,core 4 cpu_idle,0.697510289
0.0,46.153,46.153,core 5 cpu_idle,0.697510289
