Start Time (Seconds),End Time (Seconds),Duration (Seconds),Component,Energy Consumption (Joule)
0,35.622,35.622,screen medium,19.534606092
0,22.922,22.922,wifi running,0.31276793936
22.922,28.356,5.434,wifi scan,1.2224750252
28.356,35.622,7.266,wifi running,0.09914369808
0,35.622,35.622,phone_scanning,18.8701218533
0.0,46.132,46.132,core 0 cpu_idle,0.697192916
0.0,46.132,46.132,core 1 cpu_idle,0.697192916
0.0,21611.529513,21611.529513,core 2 cpu_idle start,326.61504553
21611.529513,46.132,-21565.397513,core 2 cpu_idle,-325.917852614
0.0,46.132,46.132,core 3 cpu_idle,0.697192916
0.0,46.132,46.132,core 4 cpu_idle,0.697192916
0.0,46.132,46.132,core 5 cpu_idle,0.697192916
