Start Time (Seconds),End Time (Seconds),Duration (Seconds),Component,Energy Consumption (Joule)
0,35.633,35.633,screen medium,19.540638338
0,25.532,25.532,wifi radio,6.84524715784
25.532,30.459,4.927,wifi running,0.06722832376
30.459,35.633,5.174,wifi radio,1.38717330388
0,35.633,35.633,phone_scanning,18.8759489079
0.0,21612.023317,21612.023317,core 0 cpu_idle start,326.62250839
21612.023317,46.046,-21565.977317,core 0 cpu_idle,-325.926615192
0.0,46.046,46.046,core 1 cpu_idle,0.695893198
0.0,46.046,46.046,core 2 cpu_idle,0.695893198
0.0,46.046,46.046,core 3 cpu_idle,0.695893198
0.0,46.046,46.046,core 4 cpu_idle,0.695893198
0.0,46.046,46.046,core 5 cpu_idle,0.695893198
