Start Time (Seconds),End Time (Seconds),Duration (Seconds),Component,Energy Consumption (Joule)
0,35.681,35.681,screen medium,19.566960866
0,21.466,21.466,wifi running,0.29290099408
21.466,26.867,5.401,wifi scan,1.2150510878
26.867,35.681,8.814,wifi running,0.12026597232
0,35.681,35.681,phone_scanning,18.9013760554
0.0,47.136,47.136,core 0 cpu_idle,0.712366368
0.0,47.136,47.136,core 1 cpu_idle,0.712366368
0.0,21611.824196,21611.824196,core 2 cpu_idle start,326.619499074
21611.824196,47.136,-21564.688196,core 2 cpu_idle,-325.907132706
0.0,47.136,47.136,core 3 cpu_idle,0.712366368
0.0,47.136,47.136,core 4 cpu_idle,0.712366368
0.0,47.136,47.136,core 5 cpu_idle,0.712366368
