Start Time (Seconds),End Time (Seconds),Duration (Seconds),Component,Energy Consumption (Joule)
0,35.606,35.606,screen medium,19.525831916
0,25.333,25.333,wifi running,0.34566574504
25.333,30.647,5.314,wifi scan,1.1954788892
30.647,35.606,4.959,wifi running,0.06766495992
0,35.606,35.606,phone_scanning,18.8616461374
0.0,21611.652943,21611.652943,core 0 cpu_idle start,326.616910928
21611.652943,46.151,-21565.501943,core 0 cpu_idle,-325.919430865
0.0,46.151,46.151,core 1 cpu_idle,0.697480063
0.0,46.151,46.151,core 2 cpu_idle,0.697480063
0.0,46.151,46.151,core 3 cpu_idle,0.697480063
0.0,46.151,46.151,core 4 cpu_idle,0.697480063
0.0,46.151,46.151,core 5 cpu_idle,0.697480063
