Start Time (Seconds),End Time (Seconds),Duration (Seconds),Component,Energy Consumption (Joule)
0,35.603,35.603,screen medium,19.655312607
0,23.494,23.494,wifi running,0.32272580088
23.494,28.969,5.475,wifi scan,1.2399708825
28.969,35.603,6.634,wifi running,0.09112807368
0,35.603,35.603,phone_scanning,18.9867224459
0.0,21611.568148,21611.568148,core 0 cpu_idle start,328.809203588
21611.568148,46.156,-21565.412148,core 0 cpu_idle,-328.106963126
0.0,46.156,46.156,core 1 cpu_idle,0.702240462
0.0,46.156,46.156,core 2 cpu_idle,0.702240462
0.0,46.156,46.156,core 3 cpu_idle,0.702240462
0.0,46.156,46.156,core 4 cpu_idle,0.702240462
0.0,46.156,46.156,core 5 cpu_idle,0.702240462
