Start Time (Seconds),End Time (Seconds),Duration (Seconds),Component,Energy Consumption (Joule)
0,35.615,35.615,screen medium,19.661937435
0,27.469,27.469,wifi radio,7.41402676287
27.469,28.125,0.656,wifi running,0.00901115712
28.125,35.615,7.49,wifi radio,2.0215901727
0,35.615,35.615,phone_scanning,18.9931219254
0.0,46.117,46.117,core 0 cpu_idle,0.7016470965
0.0,46.117,46.117,core 1 cpu_idle,0.7016470965
0.0,46.117,46.117,core 2 cpu_idle,0.7016470965
0.0,21611.746291,21611.746291,core 3 cpu_idle start,328.811913944
21611.746291,46.117,-21565.629291,core 3 cpu_idle,-328.110266848
0.0,46.117,46.117,core 4 cpu_idle,0.7016470965
0.0,46.117,46.117,core 5 cpu_idle,0.7016470965
