Start Time (Seconds),End Time (Seconds),Duration (Seconds),Component,Energy Consumption (Joule)
0,35.615,35.615,screen medium,19.661937435
0,24.151,24.151,wifi running,0.33175069452
24.151,29.467,5.316,wifi scan,1.2039607692
29.467,35.615,6.148,wifi running,0.08445212496
0,35.615,35.615,phone_scanning,18.9931219254
0.0,46.085,46.085,core 0 cpu_idle,0.7011602325
0.0,46.085,46.085,core 1 cpu_idle,0.7011602325
0.0,46.085,46.085,core 2 cpu_idle,0.7011602325
0.0,46.085,46.085,core 3 cpu_idle,0.7011602325
0.0,46.085,46.085,core 4 cpu_idle,0.7011602325
0.0,21611.358807,21611.358807,core 5 cpu_idle start,328.806018569
21611.358807,46.085,-21565.273807,core 5 cpu_idle,-328.104858337
