Start Time (Seconds),End Time (Seconds),Duration (Seconds),Component,Energy Consumption (Joule)
0,35.607,35.607,screen medium,19.657520883
0,21.49,21.49,wifi running,0.2951978148
21.49,26.966,5.476,wifi scan,1.2401973612
26.966,35.607,8.641,wifi running,0.11869726932
0,35.607,35.607,phone_scanning,18.9888556057
0.0,46.173,46.173,core 0 cpu_idle,0.7024991085
0.0,46.173,46.173,core 1 cpu_idle,0.7024991085
0.0,46.173,46.173,core 2 cpu_idle,0.7024991085
0.0,21611.5189,21611.5189,core 3 cpu_idle start,328.808454304
21611.5189,46.173,-21565.3459,core 3 cpu_idle,-328.105955196
0.0,46.173,46.173,core 4 cpu_idle,0.7024991085
0.0,46.173,46.173,core 5 cpu_idle,0.7024991085
