Start Time (Seconds),End Time (Seconds),Duration (Seconds),Component,Energy Consumption (Joule)
0,35.622,35.622,screen medium,19.665801918
0,22.812,22.812,wifi running,0.31335749424
22.812,28.213,5.401,wifi scan,1.2232114587
28.213,35.622,7.409,wifi running,0.10177387668
0,35.622,35.622,phone_scanning,18.9968549551
0.0,47.163,47.163,core 0 cpu_idle,0.7175614635
0.0,21611.787922,21611.787922,core 1 cpu_idle start,328.812547339
21611.787922,47.163,-21564.624922,core 1 cpu_idle,-328.094985876
0.0,47.163,47.163,core 2 cpu_idle,0.7175614635
0.0,47.163,47.163,core 3 cpu_idle,0.7175614635
0.0,47.163,47.163,core 4 cpu_idle,0.7175614635
0.0,47.163,47.163,core 5 cpu_idle,0.7175614635
