Start Time (Seconds),End Time (Seconds),Duration (Seconds),Component,Energy Consumption (Joule)
0,35.6,35.6,screen medium,19.6536564
0,22.417,22.417,wifi running,0.30793156884
22.417,27.838,5.421,wifi scan,1.2277410327
27.838,35.6,7.762,wifi running,0.10662286824
0,35.6,35.6,phone_scanning,18.985122576
0.0,21611.484853,21611.484853,core 0 cpu_idle start,328.807936296
21611.484853,47.108,-21564.376853,core 0 cpu_idle,-328.09121163
0.0,47.108,47.108,core 1 cpu_idle,0.716724666
0.0,47.108,47.108,core 2 cpu_idle,0.716724666
0.0,47.108,47.108,core 3 cpu_idle,0.716724666
0.0,47.108,47.108,core 4 cpu_idle,0.716724666
0.0,47.108,47.108,core 5 cpu_idle,0.716724666
