Start Time (Seconds),End Time (Seconds),Duration (Seconds),Component,Energy Consumption (Joule)
0,35.643,35.643,screen medium,19.677395367
0,20.929,20.929,wifi running,0.28749162708
20.929,26.412,5.483,wifi scan,1.2417827121
26.412,35.643,9.231,wifi running,0.12680181612
0,35.643,35.643,phone_scanning,19.0080540443
0.0,47.141,47.141,core 0 cpu_idle,0.7172267445
0.0,47.141,47.141,core 1 cpu_idle,0.7172267445
0.0,47.141,47.141,core 2 cpu_idle,0.7172267445
0.0,21611.472116,21611.472116,core 3 cpu_idle start,328.807742509
21611.472116,47.141,-21564.331116,core 3 cpu_idle,-328.090515764
0.0,47.141,47.141,core 4 cpu_idle,0.7172267445
0.0,47.141,47.141,core 5 cpu_idle,0.7172267445
