Start Time (Seconds),End Time (Seconds),Duration (Seconds),Component,Energy Consumption (Joule)
0,35.676,35.676,screen medium,19.695613644
0,35.676,35.676,wifi running,0.49006408752
0,35.676,35.676,phone_scanning,19.025652613
0.0,21611.473117,21611.473117,core 0 cpu_idle start,328.807757739
21611.473117,47.053,-21564.420117,core 0 cpu_idle,-328.09186987
0.0,47.053,47.053,core 1 cpu_idle,0.7158878685
0.0,47.053,47.053,core 2 cpu_idle,0.7158878685
0.0,47.053,47.053,core 3 cpu_idle,0.7158878685
0.0,47.053,47.053,core 4 cpu_idle,0.7158878685
0.0,47.053,47.053,core 5 cpu_idle,0.7158878685
