Start Time (Seconds),End Time (Seconds),Duration (Seconds),Component,Energy Consumption (Joule)
0,35.568,35.568,screen medium,19.635990192
0,23.549,23.549,wifi running,0.32348130948
23.549,29.084,5.535,wifi scan,1.2535596045
29.084,35.568,6.484,wifi running,0.08906759568
0,35.568,35.568,phone_scanning,18.9680572973
0.0,21611.505649,21611.505649,core 0 cpu_idle start,328.808252697
21611.505649,47.063,-21564.442649,core 0 cpu_idle,-328.092212683
0.0,47.063,47.063,core 1 cpu_idle,0.7160400135
0.0,47.063,47.063,core 2 cpu_idle,0.7160400135
0.0,47.063,47.063,core 3 cpu_idle,0.7160400135
0.0,47.063,47.063,core 4 cpu_idle,0.7160400135
0.0,47.063,47.063,core 5 cpu_idle,0.7160400135
