Start Time (Seconds),End Time (Seconds),Duration (Seconds),Component,Energy Consumption (Joule)
0,35.614,35.614,screen medium,19.661385366
0,20.162,20.162,wifi running,0.27695571624
20.162,20.392,0.23,wifi scan,0.052090101
20.392,35.614,15.222,wifi running,0.20909730744
0,35.614,35.614,phone_scanning,18.9925886354
0.0,47.148,47.148,core 0 cpu_idle,0.717333246001
0.0,21611.481039,21611.481039,core 1 cpu_idle start,328.807878268
21611.481039,47.148,-21564.333039,core 1 cpu_idle,-328.090545022
0.0,47.148,47.148,core 2 cpu_idle,0.717333246001
0.0,47.148,47.148,core 3 cpu_idle,0.717333246001
0.0,47.148,47.148,core 4 cpu_idle,0.717333246001
0.0,47.148,47.148,core 5 cpu_idle,0.717333246001
