Start Time (Seconds),End Time (Seconds),Duration (Seconds),Component,Energy Consumption (Joule)
0,35.643,35.643,screen medium,19.564228842
0,35.643,35.643,wifi running,0.48679498536
0,35.643,35.643,phone_scanning,18.8987369633
0.0,47.147,47.147,core 0 cpu_idle,0.713192669
0.0,21611.56487,21611.56487,core 1 cpu_idle start,326.918141788
21611.56487,47.147,-21564.41787,core 1 cpu_idle,-326.204949119
0.0,47.147,47.147,core 2 cpu_idle,0.713192669
0.0,47.147,47.147,core 3 cpu_idle,0.713192669
0.0,47.147,47.147,core 4 cpu_idle,0.713192669
0.0,47.147,47.147,core 5 cpu_idle,0.713192669
