Start Time (Seconds),End Time (Seconds),Duration (Seconds),Component,Energy Consumption (Joule)
0,35.672,35.672,screen medium,19.580146768
0,35.672,35.672,wifi running,0.48719105344
0,35.672,35.672,phone_scanning,18.9141134291
0.0,21611.30688,21611.30688,core 0 cpu_idle start,326.914239174
21611.30688,46.115,-21565.19188,core 0 cpu_idle,-326.216657569
0.0,46.115,46.115,core 1 cpu_idle,0.697581605
0.0,46.115,46.115,core 2 cpu_idle,0.697581605
0.0,46.115,46.115,core 3 cpu_idle,0.697581605
0.0,46.115,46.115,core 4 cpu_idle,0.697581605
0.0,46.115,46.115,core 5 cpu_idle,0.697581605
