Start Time (Seconds),End Time (Seconds),Duration (Seconds),Component,Energy Consumption (Joule)
0,35.65,35.65,screen medium,19.5680711
0,35.65,35.65,wifi running,0.486890588
0,35.65,35.65,phone_scanning,18.902448524
0.0,46.145,46.145,core 0 cpu_idle,0.698035414999
0.0,21611.500818,21611.500818,core 1 cpu_idle start,326.917172874
21611.500818,46.145,-21565.355818,core 1 cpu_idle,-326.219137459
0.0,46.145,46.145,core 2 cpu_idle,0.698035414999
0.0,46.145,46.145,core 3 cpu_idle,0.698035414999
0.0,46.145,46.145,core 4 cpu_idle,0.698035414999
0.0,46.145,46.145,core 5 cpu_idle,0.698035414999
