Start Time (Seconds),End Time (Seconds),Duration (Seconds),Component,Energy Consumption (Joule)
0,35.644,35.644,screen medium,19.564777736
0,35.644,35.644,wifi running,0.48680864288
0,35.644,35.644,phone_scanning,18.8992671862
0.0,46.089,46.089,core 0 cpu_idle,0.697188303
0.0,46.089,46.089,core 1 cpu_idle,0.697188303
0.0,46.089,46.089,core 2 cpu_idle,0.697188303
0.0,46.089,46.089,core 3 cpu_idle,0.697188303
0.0,46.089,46.089,core 4 cpu_idle,0.697188303
0.0,21611.415142,21611.415142,core 5 cpu_idle start,326.915876853
21611.415142,46.089,-21565.326142,core 5 cpu_idle,-326.21868855
