Start Time (Seconds),End Time (Seconds),Duration (Seconds),Component,Energy Consumption (Joule)
0,35.592,35.592,screen medium,19.567876536
0,26.178,26.178,wifi radio,7.03632205458
26.178,28.012,1.834,wifi running,0.02508845976
28.012,35.592,7.58,wifi radio,2.0374100838
0,35.592,35.592,phone_scanning,18.9022605782
0.0,47.123,47.123,core 0 cpu_idle,0.7139841345
0.0,21612.092034,21612.092034,core 1 cpu_idle start,327.455612453
21612.092034,47.123,-21564.969034,core 1 cpu_idle,-326.741628319
0.0,47.123,47.123,core 2 cpu_idle,0.7139841345
0.0,47.123,47.123,core 3 cpu_idle,0.7139841345
0.0,47.123,47.123,core 4 cpu_idle,0.7139841345
0.0,47.123,47.123,core 5 cpu_idle,0.7139841345
