Start Time (Seconds),End Time (Seconds),Duration (Seconds),Component,Energy Consumption (Joule)
0,35.581,35.581,screen medium,19.561828923
0,35.581,35.581,wifi running,0.48673527084
0,35.581,35.581,phone_scanning,18.8964186793
0.0,46.038,46.038,core 0 cpu_idle,0.697544757
0.0,21611.585902,21611.585902,core 1 cpu_idle start,327.447943794
21611.585902,46.038,-21565.547902,core 1 cpu_idle,-326.750399037
0.0,46.038,46.038,core 2 cpu_idle,0.697544757
0.0,46.038,46.038,core 3 cpu_idle,0.697544757
0.0,46.038,46.038,core 4 cpu_idle,0.697544757
0.0,46.038,46.038,core 5 cpu_idle,0.697544757
