Start Time (Seconds),End Time (Seconds),Duration (Seconds),Component,Energy Consumption (Joule)
0,35.67,35.67,screen medium,19.61075961
0,32.333,32.333,wifi radio,8.69070979413
32.333,35.67,3.337,wifi running,0.04564895868
0,35.67,35.67,phone_scanning,18.9436849524
0.0,47.118,47.118,core 0 cpu_idle,0.713908377
0.0,47.118,47.118,core 1 cpu_idle,0.713908377
0.0,47.118,47.118,core 2 cpu_idle,0.713908377
0.0,21612.031844,21612.031844,core 3 cpu_idle start,327.454700484
21612.031844,47.118,-21564.913844,core 3 cpu_idle,-326.740792107
0.0,47.118,47.118,core 4 cpu_idle,0.713908377
0.0,47.118,47.118,core 5 cpu_idle,0.713908377
