Start Time (Seconds),End Time (Seconds),Duration (Seconds),Component,Energy Consumption (Joule)
0,35.631,35.631,screen medium,19.589318073
0,35.631,35.631,wifi running,0.48741925284
0,35.631,35.631,phone_scanning,18.9229727653
0.0,47.07,47.07,core 0 cpu_idle,0.713181105
0.0,47.07,47.07,core 1 cpu_idle,0.713181105
0.0,47.07,47.07,core 2 cpu_idle,0.713181105
0.0,47.07,47.07,core 3 cpu_idle,0.713181105
0.0,47.07,47.07,core 4 cpu_idle,0.713181105
0.0,21611.374383,21611.374383,core 5 cpu_idle start,327.444738964
21611.374383,47.07,-21564.304383,core 5 cpu_idle,-326.731557859
