Start Time (Seconds),End Time (Seconds),Duration (Seconds),Component,Energy Consumption (Joule)
0,35.62,35.62,screen medium,19.58327046
0,35.62,35.62,wifi running,0.4872687768
0,35.62,35.62,phone_scanning,18.9171308664
0.0,47.097,47.097,core 0 cpu_idle,0.7135901955
0.0,47.097,47.097,core 1 cpu_idle,0.7135901955
0.0,47.097,47.097,core 2 cpu_idle,0.7135901955
0.0,21611.412992,21611.412992,core 3 cpu_idle start,327.445323948
21611.412992,47.097,-21564.315992,core 3 cpu_idle,-326.731733753
0.0,47.097,47.097,core 4 cpu_idle,0.7135901955
0.0,47.097,47.097,core 5 cpu_idle,0.7135901955
