Start Time (Seconds),End Time (Seconds),Duration (Seconds),Component,Energy Consumption (Joule)
0,35.573,35.573,screen medium,19.476110781
0,21.258,21.258,wifi running,0.28959263208
21.258,26.636,5.378,wifi scan,1.2079154718
26.636,35.573,8.937,wifi running,0.12174660612
0,35.573,35.573,phone_scanning,18.813616304
0.0,47.135,47.135,core 0 cpu_idle,0.7111964475
0.0,47.135,47.135,core 1 cpu_idle,0.7111964475
0.0,47.135,47.135,core 2 cpu_idle,0.7111964475
0.0,21611.54799,21611.54799,core 3 cpu_idle start,326.085841847
21611.54799,47.135,-21564.41299,core 3 cpu_idle,-325.3746454
0.0,47.135,47.135,core 4 cpu_idle,0.7111964475
0.0,47.135,47.135,core 5 cpu_idle,0.7111964475
