Start Time (Seconds),End Time (Seconds),Duration (Seconds),Component,Energy Consumption (Joule)
0,35.586,35.586,screen medium,19.483228242
0,23.782,23.782,wifi running,0.32397647832
23.782,29.222,5.44,wifi scan,1.221840864
29.222,35.586,6.364,wifi running,0.08669524464
0,35.586,35.586,phone_scanning,18.8204916593
0.0,46.128,46.128,core 0 cpu_idle,0.696002328
0.0,46.128,46.128,core 1 cpu_idle,0.696002328
0.0,21611.384175,21611.384175,core 2 cpu_idle start,326.083370124
21611.384175,46.128,-21565.256175,core 2 cpu_idle,-325.387367796
0.0,46.128,46.128,core 3 cpu_idle,0.696002328
0.0,46.128,46.128,core 4 cpu_idle,0.696002328
0.0,46.128,46.128,core 5 cpu_idle,0.696002328
