Start Time (Seconds),End Time (Seconds),Duration (Seconds),Component,Energy Consumption (Joule)
0,35.67,35.67,screen medium,19.52921799
0,25.722,25.722,wifi radio,6.88500748278
25.722,27.422,1.7,wifi running,0.023158692
27.422,35.67,8.248,wifi radio,2.20774207752
0,35.67,35.67,phone_scanning,18.8649170316
0.0,47.141,47.141,core 0 cpu_idle,0.7112869785
0.0,47.141,47.141,core 1 cpu_idle,0.7112869785
0.0,47.141,47.141,core 2 cpu_idle,0.7112869785
0.0,47.141,47.141,core 3 cpu_idle,0.7112869785
0.0,47.141,47.141,core 4 cpu_idle,0.7112869785
0.0,21611.449445,21611.449445,core 5 cpu_idle start,326.084354951
21611.449445,47.141,-21564.308445,core 5 cpu_idle,-325.373067972
