Start Time (Seconds),End Time (Seconds),Duration (Seconds),Component,Energy Consumption (Joule)
0,35.61,35.61,screen medium,19.49636817
0,22.635,22.635,wifi running,0.3083511726
22.635,28.156,5.521,wifi scan,1.2400337151
28.156,35.61,7.454,wifi running,0.10154405304
0,35.61,35.61,phone_scanning,18.8331846228
0.0,21611.800673,21611.800673,core 0 cpu_idle start,326.089654455
21611.800673,47.092,-21564.708673,core 0 cpu_idle,-325.379106813
0.0,47.092,47.092,core 1 cpu_idle,0.710547642
0.0,47.092,47.092,core 2 cpu_idle,0.710547642
0.0,47.092,47.092,core 3 cpu_idle,0.710547642
0.0,47.092,47.092,core 4 cpu_idle,0.710547642
0.0,47.092,47.092,core 5 cpu_idle,0.710547642
