Start Time (Seconds),End Time (Seconds),Duration (Seconds),Component,Energy Consumption (Joule)
0,35.562,35.562,screen medium,19.470088314
0,20.292,20.292,wifi running,0.27643304592
20.292,20.579,0.287,wifi scan,0.0644610897
20.579,35.463,14.884,wifi radio,3.98400013116
35.463,35.562,0.099,wifi running,0.00134865324
0,35.562,35.562,phone_scanning,18.8077986958
0.0,46.102,46.102,core 0 cpu_idle,0.695610027
0.0,21611.437717,21611.437717,core 1 cpu_idle start,326.084177993
21611.437717,46.102,-21565.335717,core 1 cpu_idle,-325.388567966
0.0,46.102,46.102,core 2 cpu_idle,0.695610027
0.0,46.102,46.102,core 3 cpu_idle,0.695610027
0.0,46.102,46.102,core 4 cpu_idle,0.695610027
0.0,46.102,46.102,core 5 cpu_idle,0.695610027
