Start Time (Seconds),End Time (Seconds),Duration (Seconds),Component,Energy Consumption (Joule)
0,35.692,35.692,screen medium,19.600190416
0,20.391,20.391,wifi running,0.27861936144
20.391,25.86,5.469,wifi scan,1.2320585076
25.86,35.692,9.832,wifi running,0.13434287488
0,35.692,35.692,phone_scanning,18.9334752774
0.0,47.114,47.114,core 0 cpu_idle,0.713023276
0.0,47.114,47.114,core 1 cpu_idle,0.713023276
0.0,21611.365878,21611.365878,core 2 cpu_idle start,327.066411198
21611.365878,47.114,-21564.251878,core 2 cpu_idle,-326.353387922
0.0,47.114,47.114,core 3 cpu_idle,0.713023276
0.0,47.114,47.114,core 4 cpu_idle,0.713023276
0.0,47.114,47.114,core 5 cpu_idle,0.713023276
