Start Time (Seconds),End Time (Seconds),Duration (Seconds),Component,Energy Consumption (Joule)
0,35.596,35.596,screen medium,19.547472208
0,20.148,20.148,wifi running,0.27529904832
20.148,25.611,5.463,wifi scan,1.2307068252
25.611,35.596,9.985,wifi running,0.1364334424
0,35.596,35.596,phone_scanning,18.8825503187
0.0,47.096,47.096,core 0 cpu_idle,0.712750863999
0.0,47.096,47.096,core 1 cpu_idle,0.712750863999
0.0,47.096,47.096,core 2 cpu_idle,0.712750863999
0.0,47.096,47.096,core 3 cpu_idle,0.712750863999
0.0,21611.503447,21611.503447,core 4 cpu_idle start,327.068493167
21611.503447,47.096,-21564.407447,core 4 cpu_idle,-326.355742303
0.0,47.096,47.096,core 5 cpu_idle,0.712750863999
