Start Time (Seconds),End Time (Seconds),Duration (Seconds),Component,Energy Consumption (Joule)
0,35.625,35.625,screen medium,19.5633975
0,35.625,35.625,wifi running,0.4867743
0,35.625,35.625,phone_scanning,18.8979339
0.0,21611.655161,21611.655161,core 0 cpu_idle start,327.070789207
21611.655161,46.11,-21565.545161,core 0 cpu_idle,-326.372960467
0.0,46.11,46.11,core 1 cpu_idle,0.69782874
0.0,46.11,46.11,core 2 cpu_idle,0.69782874
0.0,46.11,46.11,core 3 cpu_idle,0.69782874
0.0,46.11,46.11,core 4 cpu_idle,0.69782874
0.0,46.11,46.11,core 5 cpu_idle,0.69782874
