Start Time (Seconds),End Time (Seconds),Duration (Seconds),Component,Energy Consumption (Joule)
0,35.632,35.632,screen medium,19.567241536
0,20.243,20.243,wifi running,0.27659711312
20.243,25.659,5.416,wifi scan,1.2201186464
25.659,35.632,9.973,wifi running,0.13626947632
0,35.632,35.632,phone_scanning,18.9016471782
0.0,21611.371882,21611.371882,core 0 cpu_idle start,327.066502062
21611.371882,47.129,-21564.242882,core 0 cpu_idle,-326.353251776
0.0,47.129,47.129,core 1 cpu_idle,0.713250285999
0.0,47.129,47.129,core 2 cpu_idle,0.713250285999
0.0,47.129,47.129,core 3 cpu_idle,0.713250285999
0.0,47.129,47.129,core 4 cpu_idle,0.713250285999
0.0,47.129,47.129,core 5 cpu_idle,0.713250285999
