Start Time (Seconds),End Time (Seconds),Duration (Seconds),Component,Energy Consumption (Joule)
0,35.603,35.603,screen medium,19.551316244
0,24.236,24.236,wifi running,0.33115682624
24.236,29.649,5.413,wifi scan,1.2194428052
29.649,35.603,5.954,wifi running,0.08135450336
0,35.603,35.603,phone_scanning,18.886263597
0.0,47.114,47.114,core 0 cpu_idle,0.713023276
0.0,47.114,47.114,core 1 cpu_idle,0.713023276
0.0,47.114,47.114,core 2 cpu_idle,0.713023276
0.0,47.114,47.114,core 3 cpu_idle,0.713023276
0.0,21611.349296,21611.349296,core 4 cpu_idle start,327.066160246
21611.349296,47.114,-21564.235296,core 4 cpu_idle,-326.35313697
0.0,47.114,47.114,core 5 cpu_idle,0.713023276
