Start Time (Seconds),End Time (Seconds),Duration (Seconds),Component,Energy Consumption (Joule)
0,35.608,35.608,screen medium,19.563106416
0,35.608,35.608,wifi running,0.48676705728
0,35.608,35.608,phone_scanning,18.8976527174
0.0,46.091,46.091,core 0 cpu_idle,0.697863830999
0.0,46.091,46.091,core 1 cpu_idle,0.697863830999
0.0,46.091,46.091,core 2 cpu_idle,0.697863830999
0.0,21611.394486,21611.394486,core 3 cpu_idle start,327.218123913
21611.394486,46.091,-21565.303486,core 3 cpu_idle,-326.520260082
0.0,46.091,46.091,core 4 cpu_idle,0.697863830999
0.0,46.091,46.091,core 5 cpu_idle,0.697863830999
