Start Time (Seconds),End Time (Seconds),Duration (Seconds),Component,Energy Consumption (Joule)
0,35.197,35.197,screen medium,19.337302194
0,35.197,35.197,wifi running,0.48114862152
35.197,35.197,0.0,wifi scan,0.0
0,35.197,35.197,phone_scanning,18.679529395
0.0,47.145,47.145,core 0 cpu_idle,0.713822444999
0.0,21611.46386,21611.46386,core 1 cpu_idle start,327.219174304
21611.46386,47.145,-21564.31886,core 1 cpu_idle,-326.505351859
0.0,47.145,47.145,core 2 cpu_idle,0.713822444999
0.0,47.145,47.145,core 3 cpu_idle,0.713822444999
0.0,47.145,47.145,core 4 cpu_idle,0.713822444999
0.0,47.145,47.145,core 5 cpu_idle,0.713822444999
