Start Time (Seconds),End Time (Seconds),Duration (Seconds),Component,Energy Consumption (Joule)
0,35.59,35.59,screen medium,19.55321718
0,12.471,12.471,wifi running,0.17048056536
12.471,12.62,0.149,wifi scan,0.0335823054
12.62,35.59,22.97,wifi running,0.3140035752
0,35.59,35.59,phone_scanning,18.8880998712
0.0,46.15,46.15,core 0 cpu_idle,0.69875715
0.0,46.15,46.15,core 1 cpu_idle,0.69875715
0.0,21611.525957,21611.525957,core 2 cpu_idle start,327.220114515
21611.525957,46.15,-21565.375957,core 2 cpu_idle,-326.521357365
0.0,46.15,46.15,core 3 cpu_idle,0.69875715
0.0,46.15,46.15,core 4 cpu_idle,0.69875715
0.0,46.15,46.15,core 5 cpu_idle,0.69875715
