Start Time (Seconds),End Time (Seconds),Duration (Seconds),Component,Energy Consumption (Joule)
0,35.697,35.697,screen medium,19.612003194
0,35.697,35.697,wifi running,0.48798370152
0,35.697,35.697,phone_scanning,18.944886235
0.0,46.155,46.155,core 0 cpu_idle,0.698832855
0.0,46.155,46.155,core 1 cpu_idle,0.698832855
0.0,21611.562805,21611.562805,core 2 cpu_idle start,327.220672431
21611.562805,46.155,-21565.407805,core 2 cpu_idle,-326.521839576
0.0,46.155,46.155,core 3 cpu_idle,0.698832855
0.0,46.155,46.155,core 4 cpu_idle,0.698832855
0.0,46.155,46.155,core 5 cpu_idle,0.698832855
