Start Time (Seconds),End Time (Seconds),Duration (Seconds),Component,Energy Consumption (Joule)
0,35.592,35.592,screen medium,19.554315984
0,35.592,35.592,wifi running,0.48654833472
0,35.592,35.592,phone_scanning,18.8891612986
0.0,47.11,47.11,core 0 cpu_idle,0.71329251
0.0,47.11,47.11,core 1 cpu_idle,0.71329251
0.0,21611.560889,21611.560889,core 2 cpu_idle start,327.22064342
21611.560889,47.11,-21564.450889,core 2 cpu_idle,-326.50735091
0.0,47.11,47.11,core 3 cpu_idle,0.71329251
0.0,47.11,47.11,core 4 cpu_idle,0.71329251
0.0,47.11,47.11,core 5 cpu_idle,0.71329251
