Start Time (Seconds),End Time (Seconds),Duration (Seconds),Component,Energy Consumption (Joule)
0,35.608,35.608,screen medium,19.486228744
0,35.608,35.608,wifi running,0.48485419552
0,35.608,35.608,phone_scanning,18.823390097
0.0,21611.360556,21611.360556,core 0 cpu_idle start,325.931734225
21611.360556,46.099,-21565.261556,core 0 cpu_idle,-325.236492157
0.0,46.099,46.099,core 1 cpu_idle,0.6952420685
0.0,46.099,46.099,core 2 cpu_idle,0.6952420685
0.0,46.099,46.099,core 3 cpu_idle,0.6952420685
0.0,46.099,46.099,core 4 cpu_idle,0.6952420685
0.0,46.099,46.099,core 5 cpu_idle,0.6952420685
