Start Time (Seconds),End Time (Seconds),Duration (Seconds),Component,Energy Consumption (Joule)
0,35.65,35.65,screen medium,19.50921295
0,35.65,35.65,wifi running,0.485426086
0,35.65,35.65,phone_scanning,18.845592478
0.0,46.119,46.119,core 0 cpu_idle,0.6955436985
0.0,21611.507166,21611.507166,core 1 cpu_idle start,325.933945324
21611.507166,46.119,-21565.388166,core 1 cpu_idle,-325.238401626
0.0,46.119,46.119,core 2 cpu_idle,0.6955436985
0.0,46.119,46.119,core 3 cpu_idle,0.6955436985
0.0,46.119,46.119,core 4 cpu_idle,0.6955436985
0.0,46.119,46.119,core 5 cpu_idle,0.6955436985
