Start Time (Seconds),End Time (Seconds),Duration (Seconds),Component,Energy Consumption (Joule)
0,35.598,35.598,screen medium,19.480756314
0,35.598,35.598,wifi running,0.48471803112
0,35.598,35.598,phone_scanning,18.8181038158
0.0,46.113,46.113,core 0 cpu_idle,0.695453209499
0.0,46.113,46.113,core 1 cpu_idle,0.695453209499
0.0,46.113,46.113,core 2 cpu_idle,0.695453209499
0.0,21611.469897,21611.469897,core 3 cpu_idle start,325.933383252
21611.469897,46.113,-21565.356897,core 3 cpu_idle,-325.237930042
0.0,46.113,46.113,core 4 cpu_idle,0.695453209499
0.0,46.113,46.113,core 5 cpu_idle,0.695453209499
