Start Time (Seconds),End Time (Seconds),Duration (Seconds),Component,Energy Consumption (Joule)
0,35.593,35.593,screen medium,19.478020099
0,35.593,35.593,wifi running,0.48464994892
0,35.593,35.593,phone_scanning,18.8154606752
0.0,21611.538998,21611.538998,core 0 cpu_idle start,325.934425398
21611.538998,47.09,-21564.448998,core 0 cpu_idle,-325.224237563
0.0,47.09,47.09,core 1 cpu_idle,0.710187835
0.0,47.09,47.09,core 2 cpu_idle,0.710187835
0.0,47.09,47.09,core 3 cpu_idle,0.710187835
0.0,47.09,47.09,core 4 cpu_idle,0.710187835
0.0,47.09,47.09,core 5 cpu_idle,0.710187835
