Start Time (Seconds),End Time (Seconds),Duration (Seconds),Component,Energy Consumption (Joule)
0,35.63,35.63,screen medium,19.49826809
0,35.63,35.63,wifi running,0.4851537572
0,35.63,35.63,phone_scanning,18.8350199156
0.0,46.136,46.136,core 0 cpu_idle,0.695800084
0.0,46.136,46.136,core 1 cpu_idle,0.695800084
0.0,46.136,46.136,core 2 cpu_idle,0.695800084
0.0,21611.710211,21611.710211,core 3 cpu_idle start,325.937007547
21611.710211,46.136,-21565.574211,core 3 cpu_idle,-325.241207463
0.0,46.136,46.136,core 4 cpu_idle,0.695800084
0.0,46.136,46.136,core 5 cpu_idle,0.695800084
