Start Time (Seconds),End Time (Seconds),Duration (Seconds),Component,Energy Consumption (Joule)
0,35.623,35.623,screen medium,19.467292663
0,25.67,25.67,wifi radio,6.8583378409
25.67,32.374,6.704,wifi running,0.09115750592
32.374,35.623,3.249,wifi radio,0.86804595423
0,35.623,35.623,phone_scanning,18.8050981409
0.0,46.136,46.136,core 0 cpu_idle,0.694831228
0.0,46.136,46.136,core 1 cpu_idle,0.694831228
0.0,46.136,46.136,core 2 cpu_idle,0.694831228
0.0,21611.386035,21611.386035,core 3 cpu_idle start,325.47827938
21611.386035,46.136,-21565.250035,core 3 cpu_idle,-324.783448152
0.0,46.136,46.136,core 4 cpu_idle,0.694831228
0.0,46.136,46.136,core 5 cpu_idle,0.694831228
