Start Time (Seconds),End Time (Seconds),Duration (Seconds),Component,Energy Consumption (Joule)
0,35.641,35.641,screen medium,19.477129321
0,35.641,35.641,wifi running,0.48462778468
0,35.641,35.641,phone_scanning,18.8146001976
0.0,46.126,46.126,core 0 cpu_idle,0.694680623
0.0,46.126,46.126,core 1 cpu_idle,0.694680623
0.0,46.126,46.126,core 2 cpu_idle,0.694680623
0.0,46.126,46.126,core 3 cpu_idle,0.694680623
0.0,21611.487884,21611.487884,core 4 cpu_idle start,325.479813277
21611.487884,46.126,-21565.361884,core 4 cpu_idle,-324.785132654
0.0,46.126,46.126,core 5 cpu_idle,0.694680623
