Start Time (Seconds),End Time (Seconds),Duration (Seconds),Component,Energy Consumption (Joule)
0,35.608,35.608,screen medium,19.459095448
0,35.608,35.608,wifi running,0.48417906784
0,35.608,35.608,phone_scanning,18.7971797603
0.0,46.115,46.115,core 0 cpu_idle,0.6945149575
0.0,21611.731668,21611.731668,core 1 cpu_idle start,325.483484786
21611.731668,46.115,-21565.616668,core 1 cpu_idle,-324.788969828
0.0,46.115,46.115,core 2 cpu_idle,0.6945149575
0.0,46.115,46.115,core 3 cpu_idle,0.6945149575
0.0,46.115,46.115,core 4 cpu_idle,0.6945149575
0.0,46.115,46.115,core 5 cpu_idle,0.6945149575
