Start Time (Seconds),End Time (Seconds),Duration (Seconds),Component,Energy Consumption (Joule)
0,35.632,35.632,screen medium,19.472210992
0,20.175,20.175,wifi running,0.274329159
20.175,25.7,5.525,wifi scan,1.2386293075
25.7,35.632,9.932,wifi running,0.13505017136
0,35.632,35.632,phone_scanning,18.8098491693
0.0,47.178,47.178,core 0 cpu_idle,0.710524268999
0.0,47.178,47.178,core 1 cpu_idle,0.710524268999
0.0,47.178,47.178,core 2 cpu_idle,0.710524268999
0.0,21611.528848,21611.528848,core 3 cpu_idle start,325.480430215
21611.528848,47.178,-21564.350848,core 3 cpu_idle,-324.769905946
0.0,47.178,47.178,core 4 cpu_idle,0.710524268999
0.0,47.178,47.178,core 5 cpu_idle,0.710524268999
