Start Time (Seconds),End Time (Seconds),Duration (Seconds),Component,Energy Consumption (Joule)
0,35.592,35.592,screen medium,19.450351752
0,20.694,20.694,wifi running,0.28138625112
20.694,26.069,5.375,wifi scan,1.2050013625
26.069,35.592,9.523,wifi running,0.12948880204
0,35.592,35.592,phone_scanning,18.7887334877
0.0,47.118,47.118,core 0 cpu_idle,0.709620638999
0.0,47.118,47.118,core 1 cpu_idle,0.709620638999
0.0,47.118,47.118,core 2 cpu_idle,0.709620638999
0.0,47.118,47.118,core 3 cpu_idle,0.709620638999
0.0,21611.469891,21611.469891,core 4 cpu_idle start,325.479542293
21611.469891,47.118,-21564.351891,core 4 cpu_idle,-324.769921654
0.0,47.118,47.118,core 5 cpu_idle,0.709620638999
