Start Time (Seconds),End Time (Seconds),Duration (Seconds),Component,Energy Consumption (Joule)
0,35.582,35.582,screen medium,19.508151738
0,10.365,10.365,wifi running,0.1413964278
10.365,10.616,0.251,wifi scan,0.0564538407
10.616,26.265,15.649,wifi radio,4.19459755197
26.265,35.582,9.317,wifi running,0.12709990524
0,35.582,35.582,phone_scanning,18.8445673639
0.0,46.133,46.133,core 0 cpu_idle,0.6970465635
0.0,21611.537205,21611.537205,core 1 cpu_idle start,326.539521399
21611.537205,46.133,-21565.404205,core 1 cpu_idle,-325.842474835
0.0,46.133,46.133,core 2 cpu_idle,0.6970465635
0.0,46.133,46.133,core 3 cpu_idle,0.6970465635
0.0,46.133,46.133,core 4 cpu_idle,0.6970465635
0.0,46.133,46.133,core 5 cpu_idle,0.6970465635
