Start Time (Seconds),End Time (Seconds),Duration (Seconds),Component,Energy Consumption (Joule)
0,35.653,35.653,screen medium,19.547078127
0,30.499,30.499,wifi radio,8.17502912247
30.499,33.741,3.242,wifi running,0.04422645624
33.741,35.653,1.912,wifi radio,0.51249731736
0,35.653,35.653,phone_scanning,18.8821696427
0.0,47.159,47.159,core 0 cpu_idle,0.7125489105
0.0,47.159,47.159,core 1 cpu_idle,0.7125489105
0.0,47.159,47.159,core 2 cpu_idle,0.7125489105
0.0,47.159,47.159,core 3 cpu_idle,0.7125489105
0.0,21611.561851,21611.561851,core 4 cpu_idle start,326.539893788
21611.561851,47.159,-21564.402851,core 4 cpu_idle,-325.827344877
0.0,47.159,47.159,core 5 cpu_idle,0.7125489105
