Start Time (Seconds),End Time (Seconds),Duration (Seconds),Component,Energy Consumption (Joule)
0,35.63,35.63,screen medium,19.53446817
0,35.63,35.63,wifi scan,8.013746391
0,35.63,35.63,phone_scanning,18.8699886228
0.0,46.118,46.118,core 0 cpu_idle,0.696819921
0.0,46.118,46.118,core 1 cpu_idle,0.696819921
0.0,46.118,46.118,core 2 cpu_idle,0.696819921
0.0,46.118,46.118,core 3 cpu_idle,0.696819921
0.0,46.118,46.118,core 4 cpu_idle,0.696819921
0.0,21611.380901,21611.380901,core 5 cpu_idle start,326.537159724
21611.380901,46.118,-21565.262901,core 5 cpu_idle,-325.840339803
