Start Time (Seconds),End Time (Seconds),Duration (Seconds),Component,Energy Consumption (Joule)
0,35.659,35.659,screen medium,19.550367681
0,35.659,35.659,wifi running,0.48645009348
0,35.659,35.659,phone_scanning,18.8853473
0.0,21611.683281,21611.683281,core 0 cpu_idle start,326.541728534
21611.683281,46.134,-21565.549281,core 0 cpu_idle,-325.844666861
0.0,46.134,46.134,core 1 cpu_idle,0.697061673
0.0,46.134,46.134,core 2 cpu_idle,0.697061673
0.0,46.134,46.134,core 3 cpu_idle,0.697061673
0.0,46.134,46.134,core 4 cpu_idle,0.697061673
0.0,46.134,46.134,core 5 cpu_idle,0.697061673
