Start Time (Seconds),End Time (Seconds),Duration (Seconds),Component,Energy Consumption (Joule)
0,35.674,35.674,screen medium,19.558591566
0,35.674,35.674,wifi running,0.48665471928
0,35.674,35.674,phone_scanning,18.8932914434
0.0,46.113,46.113,core 0 cpu_idle,0.6967443735
0.0,21611.383954,21611.383954,core 1 cpu_idle start,326.537205853
21611.383954,46.113,-21565.270954,core 1 cpu_idle,-325.840461479
0.0,46.113,46.113,core 2 cpu_idle,0.6967443735
0.0,46.113,46.113,core 3 cpu_idle,0.6967443735
0.0,46.113,46.113,core 4 cpu_idle,0.6967443735
0.0,46.113,46.113,core 5 cpu_idle,0.6967443735
