Start Time (Seconds),End Time (Seconds),Duration (Seconds),Component,Energy Consumption (Joule)
0,35.619,35.619,screen medium,19.664145711
0,35.619,35.619,wifi running,0.48928110588
0,35.619,35.619,phone_scanning,18.9952550852
0.0,21611.51685,21611.51685,core 0 cpu_idle start,328.808423114
21611.51685,46.121,-21565.39585,core 0 cpu_idle,-328.10671516
0.0,46.121,46.121,core 1 cpu_idle,0.7017079545
0.0,46.121,46.121,core 2 cpu_idle,0.7017079545
0.0,46.121,46.121,core 3 cpu_idle,0.7017079545
0.0,46.121,46.121,core 4 cpu_idle,0.7017079545
0.0,46.121,46.121,core 5 cpu_idle,0.7017079545
