Start Time (Seconds),End Time (Seconds),Duration (Seconds),Component,Energy Consumption (Joule)
0,35.649,35.649,screen medium,19.680707781
0,24.386,24.386,wifi radio,6.58190893878
24.386,34.666,10.28,wifi running,0.1412114256
34.666,35.649,0.983,wifi radio,0.26531684109
0,35.649,35.649,phone_scanning,19.011253784
0.0,47.118,47.118,core 0 cpu_idle,0.716876810999
0.0,47.118,47.118,core 1 cpu_idle,0.716876810999
0.0,21611.458935,21611.458935,core 2 cpu_idle start,328.807541967
21611.458935,47.118,-21564.340935,core 2 cpu_idle,-328.090665156
0.0,47.118,47.118,core 3 cpu_idle,0.716876810999
0.0,47.118,47.118,core 4 cpu_idle,0.716876810999
0.0,47.118,47.118,core 5 cpu_idle,0.716876810999
