Start Time (Seconds),End Time (Seconds),Duration (Seconds),Component,Energy Consumption (Joule)
0,35.648,35.648,screen medium,19.680155712
0,35.648,35.648,wifi running,0.48967946496
0,35.648,35.648,phone_scanning,19.0107204941
0.0,47.183,47.183,core 0 cpu_idle,0.717865753499
0.0,47.183,47.183,core 1 cpu_idle,0.717865753499
0.0,21611.502084,21611.502084,core 2 cpu_idle start,328.808198457
21611.502084,47.183,-21564.319084,core 2 cpu_idle,-328.090332704
0.0,47.183,47.183,core 3 cpu_idle,0.717865753499
0.0,47.183,47.183,core 4 cpu_idle,0.717865753499
0.0,47.183,47.183,core 5 cpu_idle,0.717865753499
