Start Time (Seconds),End Time (Seconds),Duration (Seconds),Component,Energy Consumption (Joule)
0,35.605,35.605,screen medium,19.656416745
0,35.605,35.605,wifi running,0.4890887946
0,35.605,35.605,phone_scanning,18.9877890258
0.0,46.102,46.102,core 0 cpu_idle,0.701418878999
0.0,46.102,46.102,core 1 cpu_idle,0.701418878999
0.0,21611.426064,21611.426064,core 2 cpu_idle start,328.807041851
21611.426064,46.102,-21565.324064,core 2 cpu_idle,-328.105622972
0.0,46.102,46.102,core 3 cpu_idle,0.701418878999
0.0,46.102,46.102,core 4 cpu_idle,0.701418878999
0.0,46.102,46.102,core 5 cpu_idle,0.701418878999
