Start Time (Seconds),End Time (Seconds),Duration (Seconds),Component,Energy Consumption (Joule)
0,35.61,35.61,screen medium,19.65917709
0,35.61,35.61,wifi running,0.4891574772
0,35.61,35.61,phone_scanning,18.9904554756
0.0,47.153,47.153,core 0 cpu_idle,0.7174093185
0.0,47.153,47.153,core 1 cpu_idle,0.7174093185
0.0,21611.640812,21611.640812,core 2 cpu_idle start,328.810309134
21611.640812,47.153,-21564.487812,core 2 cpu_idle,-328.092899816
0.0,47.153,47.153,core 3 cpu_idle,0.7174093185
0.0,47.153,47.153,core 4 cpu_idle,0.7174093185
0.0,47.153,47.153,core 5 cpu_idle,0.7174093185
