Start Time (Seconds),End Time (Seconds),Duration (Seconds),Component,Energy Consumption (Joule)
0,35.64,35.64,screen medium,19.67121288
0,5.365,5.365,wifi running,0.0736794764
5.365,5.381,0.016,wifi scan,0.0036228256
5.381,35.64,30.259,wifi running,0.41555774024
0,35.64,35.64,phone_scanning,19.0020818592
0.0,21611.559816,21611.559816,core 0 cpu_idle start,328.733436361
21611.559816,47.092,-21564.467816,core 0 cpu_idle,-328.017119949
0.0,47.092,47.092,core 1 cpu_idle,0.716316412
0.0,47.092,47.092,core 2 cpu_idle,0.716316412
0.0,47.092,47.092,core 3 cpu_idle,0.716316412
0.0,47.092,47.092,core 4 cpu_idle,0.716316412
0.0,47.092,47.092,core 5 cpu_idle,0.716316412
