Start Time (Seconds),End Time (Seconds),Duration (Seconds),Component,Energy Consumption (Joule)
0,35.619,35.619,screen medium,19.659622098
0,23.068,23.068,wifi running,0.31680114848
23.068,23.218,0.15,wifi scan,0.03396399
23.218,35.619,12.401,wifi running,0.17030739736
0,35.619,35.619,phone_scanning,18.9908853463
0.0,46.115,46.115,core 0 cpu_idle,0.701455265
0.0,46.115,46.115,core 1 cpu_idle,0.701455265
0.0,21611.485804,21611.485804,core 2 cpu_idle start,328.732310565
21611.485804,46.115,-21565.370804,core 2 cpu_idle,-328.0308553
0.0,46.115,46.115,core 3 cpu_idle,0.701455265
0.0,46.115,46.115,core 4 cpu_idle,0.701455265
0.0,46.115,46.115,core 5 cpu_idle,0.701455265
