Start Time (Seconds),End Time (Seconds),Duration (Seconds),Component,Energy Consumption (Joule)
0,35.654,35.654,screen medium,19.678940068
0,24.067,24.067,wifi running,0.33052077512
24.067,29.492,5.425,wifi scan,1.228364305
29.492,35.654,6.162,wifi running,0.08462496432
0,35.654,35.654,phone_scanning,19.0095462011
0.0,21611.743388,21611.743388,core 0 cpu_idle start,328.736228675
21611.743388,46.089,-21565.654388,core 0 cpu_idle,-328.035168896
0.0,46.089,46.089,core 1 cpu_idle,0.701059779
0.0,46.089,46.089,core 2 cpu_idle,0.701059779
0.0,46.089,46.089,core 3 cpu_idle,0.701059779
0.0,46.089,46.089,core 4 cpu_idle,0.701059779
0.0,46.089,46.089,core 5 cpu_idle,0.701059779
