Start Time (Seconds),End Time (Seconds),Duration (Seconds),Component,Energy Consumption (Joule)
0,35.542,35.542,screen medium,19.617122564
0,35.542,35.542,wifi running,0.48811108112
0,35.542,35.542,phone_scanning,18.9498314658
0.0,21611.532897,21611.532897,core 0 cpu_idle start,328.733026896
21611.532897,47.145,-21564.387897,core 0 cpu_idle,-328.015904301
0.0,47.145,47.145,core 1 cpu_idle,0.717122595
0.0,47.145,47.145,core 2 cpu_idle,0.717122595
0.0,47.145,47.145,core 3 cpu_idle,0.717122595
0.0,47.145,47.145,core 4 cpu_idle,0.717122595
0.0,47.145,47.145,core 5 cpu_idle,0.717122595
