Start Time (Seconds),End Time (Seconds),Duration (Seconds),Component,Energy Consumption (Joule)
0,35.61,35.61,screen medium,19.65465462
0,21.916,21.916,wifi running,0.30098031776
21.916,27.326,5.41,wifi scan,1.224967906
27.326,35.61,8.284,wifi running,0.11376715424
0,35.61,35.61,phone_scanning,18.9860868408
0.0,46.099,46.099,core 0 cpu_idle,0.701211889
0.0,46.099,46.099,core 1 cpu_idle,0.701211889
0.0,46.099,46.099,core 2 cpu_idle,0.701211889
0.0,21611.737629,21611.737629,core 3 cpu_idle start,328.736141075
21611.737629,46.099,-21565.638629,core 3 cpu_idle,-328.034929186
0.0,46.099,46.099,core 4 cpu_idle,0.701211889
0.0,46.099,46.099,core 5 cpu_idle,0.701211889
