Start Time (Seconds),End Time (Seconds),Duration (Seconds),Component,Energy Consumption (Joule)
0,35.567,35.567,screen medium,19.454757763
0,22.683,22.683,wifi running,0.30871835196
22.683,28.132,5.449,wifi scan,1.2227267203
28.132,35.567,7.435,wifi running,0.1011912422
0,35.567,35.567,phone_scanning,18.7929896249
0.0,46.146,46.146,core 0 cpu_idle,0.695627877
0.0,46.146,46.146,core 1 cpu_idle,0.695627877
0.0,46.146,46.146,core 2 cpu_idle,0.695627877
0.0,46.146,46.146,core 3 cpu_idle,0.695627877
0.0,46.146,46.146,core 4 cpu_idle,0.695627877
0.0,21611.547266,21611.547266,core 5 cpu_idle start,325.783269261
21611.547266,46.146,-21565.401266,core 5 cpu_idle,-325.087641384
