Start Time (Seconds),End Time (Seconds),Duration (Seconds),Component,Energy Consumption (Joule)
0,35.588,35.588,screen medium,19.466244532
0,23.952,23.952,wifi running,0.32598959424
23.952,29.447,5.495,wifi scan,1.2330488765
29.447,35.588,6.141,wifi running,0.08357974692
0,35.588,35.588,phone_scanning,18.8040856629
0.0,21611.911235,21611.911235,core 0 cpu_idle start,325.788755912
21611.911235,46.101,-21565.810235,core 0 cpu_idle,-325.093806388
0.0,46.101,46.101,core 1 cpu_idle,0.6949495245
0.0,46.101,46.101,core 2 cpu_idle,0.6949495245
0.0,46.101,46.101,core 3 cpu_idle,0.6949495245
0.0,46.101,46.101,core 4 cpu_idle,0.6949495245
0.0,46.101,46.101,core 5 cpu_idle,0.6949495245
