Start Time (Seconds),End Time (Seconds),Duration (Seconds),Component,Energy Consumption (Joule)
0,35.685,35.685,screen medium,19.519302465
0,20.167,20.167,wifi running,0.27447529004
20.167,25.555,5.388,wifi scan,1.2090386436
25.555,35.685,10.13,wifi running,0.1378705156
0,35.685,35.685,phone_scanning,18.8553387906
0.0,21611.474849,21611.474849,core 0 cpu_idle start,325.782177611
21611.474849,46.116,-21565.358849,core 0 cpu_idle,-325.087001969
0.0,46.116,46.116,core 1 cpu_idle,0.695175642
0.0,46.116,46.116,core 2 cpu_idle,0.695175642
0.0,46.116,46.116,core 3 cpu_idle,0.695175642
0.0,46.116,46.116,core 4 cpu_idle,0.695175642
0.0,46.116,46.116,core 5 cpu_idle,0.695175642
