Start Time (Seconds),End Time (Seconds),Duration (Seconds),Component,Energy Consumption (Joule)
0,35.609,35.609,screen medium,19.477731301
0,25.567,25.567,wifi radio,6.83716881421
25.567,33.004,7.437,wifi running,0.10121846244
33.004,35.609,2.605,wifi radio,0.69663334615
0,35.609,35.609,phone_scanning,18.8151817008
0.0,21611.592904,21611.592904,core 0 cpu_idle start,325.783957231
21611.592904,47.122,-21564.470904,core 0 cpu_idle,-325.073616642
0.0,47.122,47.122,core 1 cpu_idle,0.710340589
0.0,47.122,47.122,core 2 cpu_idle,0.710340589
0.0,47.122,47.122,core 3 cpu_idle,0.710340589
0.0,47.122,47.122,core 4 cpu_idle,0.710340589
0.0,47.122,47.122,core 5 cpu_idle,0.710340589
