Start Time (Seconds),End Time (Seconds),Duration (Seconds),Component,Energy Consumption (Joule)
0,35.701,35.701,screen medium,19.528054289
0,21.287,21.287,wifi running,0.28971862444
21.287,26.663,5.376,wifi scan,1.2063459072
26.663,35.701,9.038,wifi running,0.12300826456
0,35.701,35.701,phone_scanning,18.8637929148
0.0,47.161,47.161,core 0 cpu_idle,0.7109284945
0.0,21611.644809,21611.644809,core 1 cpu_idle start,325.784739673
21611.644809,47.161,-21564.483809,core 1 cpu_idle,-325.073811179
0.0,47.161,47.161,core 2 cpu_idle,0.7109284945
0.0,47.161,47.161,core 3 cpu_idle,0.7109284945
0.0,47.161,47.161,core 4 cpu_idle,0.7109284945
0.0,47.161,47.161,core 5 cpu_idle,0.7109284945
