Start Time (Seconds),End Time (Seconds),Duration (Seconds),Component,Energy Consumption (Joule)
0,35.565,35.565,screen medium,19.634333985
0,35.565,35.565,wifi running,0.4885393338
0,35.565,35.565,phone_scanning,18.9664574274
0.0,46.118,46.118,core 0 cpu_idle,0.701662311
0.0,46.118,46.118,core 1 cpu_idle,0.701662311
0.0,46.118,46.118,core 2 cpu_idle,0.701662311
0.0,21611.474933,21611.474933,core 3 cpu_idle start,328.807785368
21611.474933,46.118,-21565.356933,core 3 cpu_idle,-328.106123057
0.0,46.118,46.118,core 4 cpu_idle,0.701662311
0.0,46.118,46.118,core 5 cpu_idle,0.701662311
