Start Time (Seconds),End Time (Seconds),Duration (Seconds),Component,Energy Consumption (Joule)
0,35.574,35.574,screen medium,19.639302606
0,35.574,35.574,wifi running,0.48866296248
0,35.574,35.574,phone_scanning,18.971257037
0.0,46.103,46.103,core 0 cpu_idle,0.7014340935
0.0,46.103,46.103,core 1 cpu_idle,0.7014340935
0.0,21611.308115,21611.308115,core 2 cpu_idle start,328.805247316
21611.308115,46.103,-21565.205115,core 2 cpu_idle,-328.103813222
0.0,46.103,46.103,core 3 cpu_idle,0.7014340935
0.0,46.103,46.103,core 4 cpu_idle,0.7014340935
0.0,46.103,46.103,core 5 cpu_idle,0.7014340935
