Start Time (Seconds),End Time (Seconds),Duration (Seconds),Component,Energy Consumption (Joule)
0,35.601,35.601,screen medium,19.654208469
0,35.601,35.601,wifi running,0.48903384852
0,35.601,35.601,phone_scanning,18.985655866
0.0,21611.491204,21611.491204,core 0 cpu_idle start,328.808032923
21611.491204,47.161,-21564.330204,core 0 cpu_idle,-328.090501889
0.0,47.161,47.161,core 1 cpu_idle,0.7175310345
0.0,47.161,47.161,core 2 cpu_idle,0.7175310345
0.0,47.161,47.161,core 3 cpu_idle,0.7175310345
0.0,47.161,47.161,core 4 cpu_idle,0.7175310345
0.0,47.161,47.161,core 5 cpu_idle,0.7175310345
