Start Time (Seconds),End Time (Seconds),Duration (Seconds),Component,Energy Consumption (Joule)
0,35.603,35.603,screen medium,19.655312607
0,35.603,35.603,wifi running,0.48906132156
0,35.603,35.603,phone_scanning,18.9867224459
0.0,47.113,47.113,core 0 cpu_idle,0.7168007385
0.0,47.113,47.113,core 1 cpu_idle,0.7168007385
0.0,47.113,47.113,core 2 cpu_idle,0.7168007385
0.0,21611.568007,21611.568007,core 3 cpu_idle start,328.809201443
21611.568007,47.113,-21564.455007,core 3 cpu_idle,-328.092400704
0.0,47.113,47.113,core 4 cpu_idle,0.7168007385
0.0,47.113,47.113,core 5 cpu_idle,0.7168007385
