Start Time (Seconds),End Time (Seconds),Duration (Seconds),Component,Energy Consumption (Joule)
0,35.668,35.668,screen medium,19.691197092
0,17.132,17.132,wifi running,0.23533406064
17.132,17.412,0.28,wifi scan,0.063414036
17.412,35.668,18.256,wifi running,0.25077390912
0,35.668,35.668,phone_scanning,19.0213862933
0.0,47.084,47.084,core 0 cpu_idle,0.716359518
0.0,47.084,47.084,core 1 cpu_idle,0.716359518
0.0,47.084,47.084,core 2 cpu_idle,0.716359518
0.0,21611.384985,21611.384985,core 3 cpu_idle start,328.806416854
21611.384985,47.084,-21564.300985,core 3 cpu_idle,-328.090057336
0.0,47.084,47.084,core 4 cpu_idle,0.716359518
0.0,47.084,47.084,core 5 cpu_idle,0.716359518
