Start Time (Seconds),End Time (Seconds),Duration (Seconds),Component,Energy Consumption (Joule)
0,35.628,35.628,screen medium,19.673639088
0,35.628,35.628,wifi running,0.48951731904
0,35.628,35.628,phone_scanning,19.0044255379
0.0,47.159,47.159,core 0 cpu_idle,0.717665662
0.0,47.159,47.159,core 1 cpu_idle,0.717665662
0.0,47.159,47.159,core 2 cpu_idle,0.717665662
0.0,21611.88027,21611.88027,core 3 cpu_idle start,328.889593949
21611.88027,47.159,-21564.72127,core 3 cpu_idle,-328.171928287
0.0,47.159,47.159,core 4 cpu_idle,0.717665662
0.0,47.159,47.159,core 5 cpu_idle,0.717665662
