Start Time (Seconds),End Time (Seconds),Duration (Seconds),Component,Energy Consumption (Joule)
0,35.643,35.643,screen medium,19.681922028
0,20.436,20.436,wifi running,0.28078410048
20.436,25.873,5.437,wifi scan,1.2316479596
25.873,35.643,9.77,wifi running,0.1342366736
0,35.643,35.643,phone_scanning,19.0124267275
0.0,47.132,47.132,core 0 cpu_idle,0.717254776
0.0,47.132,47.132,core 1 cpu_idle,0.717254776
0.0,47.132,47.132,core 2 cpu_idle,0.717254776
0.0,21611.656991,21611.656991,core 3 cpu_idle start,328.886196089
21611.656991,47.132,-21564.524991,core 3 cpu_idle,-328.168941313
0.0,47.132,47.132,core 4 cpu_idle,0.717254776
0.0,47.132,47.132,core 5 cpu_idle,0.717254776
