Start Time (Seconds),End Time (Seconds),Duration (Seconds),Component,Energy Consumption (Joule)
0,35.64,35.64,screen medium,19.68026544
0,20.071,20.071,wifi running,0.27576911728
20.071,20.357,0.286,wifi scan,0.0647878088
20.357,35.64,15.283,wifi running,0.20998352944
0,35.64,35.64,phone_scanning,19.0108264896
0.0,47.105,47.105,core 0 cpu_idle,0.716843890001
0.0,47.105,47.105,core 1 cpu_idle,0.716843890001
0.0,47.105,47.105,core 2 cpu_idle,0.716843890001
0.0,21611.564137,21611.564137,core 3 cpu_idle start,328.884783037
21611.564137,47.105,-21564.459137,core 3 cpu_idle,-328.167939147
0.0,47.105,47.105,core 4 cpu_idle,0.716843890001
0.0,47.105,47.105,core 5 cpu_idle,0.716843890001
