Start Time (Seconds),End Time (Seconds),Duration (Seconds),Component,Energy Consumption (Joule)
0,35.636,35.636,screen medium,19.678056656
0,28.39,28.39,wifi radio,7.6643722148
28.39,30.976,2.586,wifi running,0.03553081248
30.976,35.636,4.66,wifi radio,1.2580477112
0,35.636,35.636,phone_scanning,19.008692839
0.0,47.13,47.13,core 0 cpu_idle,0.71722434
0.0,47.13,47.13,core 1 cpu_idle,0.71722434
0.0,21611.548978,21611.548978,core 2 cpu_idle start,328.884552347
21611.548978,47.13,-21564.418978,core 2 cpu_idle,-328.167328007
0.0,47.13,47.13,core 3 cpu_idle,0.71722434
0.0,47.13,47.13,core 4 cpu_idle,0.71722434
0.0,47.13,47.13,core 5 cpu_idle,0.71722434
