Start Time (Seconds),End Time (Seconds),Duration (Seconds),Component,Energy Consumption (Joule)
0,35.653,35.653,screen medium,19.687443988
0,20.289,20.289,wifi running,0.27876436752
20.289,25.653,5.364,wifi scan,1.2151112112
25.653,35.653,10.0,wifi running,0.1373968
0,35.653,35.653,phone_scanning,19.0177608539
0.0,47.158,47.158,core 0 cpu_idle,0.717650444
0.0,47.158,47.158,core 1 cpu_idle,0.717650444
0.0,47.158,47.158,core 2 cpu_idle,0.717650444
0.0,21611.54696,21611.54696,core 3 cpu_idle start,328.884521637
21611.54696,47.158,-21564.38896,core 3 cpu_idle,-328.166871193
0.0,47.158,47.158,core 4 cpu_idle,0.717650444
0.0,47.158,47.158,core 5 cpu_idle,0.717650444
