Start Time (Seconds),End Time (Seconds),Duration (Seconds),Component,Energy Consumption (Joule)
0,35.666,35.666,screen medium,19.694622536
0,19.132,19.132,wifi running,0.26286755776
19.132,24.526,5.394,wifi scan,1.2219071352
24.526,35.666,11.14,wifi running,0.1530600352
0,35.666,35.666,phone_scanning,19.0246952182
0.0,47.182,47.182,core 0 cpu_idle,0.718015676
0.0,21611.505874,21611.505874,core 1 cpu_idle start,328.883896391
21611.505874,47.182,-21564.323874,core 1 cpu_idle,-328.165880715
0.0,47.182,47.182,core 2 cpu_idle,0.718015676
0.0,47.182,47.182,core 3 cpu_idle,0.718015676
0.0,47.182,47.182,core 4 cpu_idle,0.718015676
0.0,47.182,47.182,core 5 cpu_idle,0.718015676
