Start Time (Seconds),End Time (Seconds),Duration (Seconds),Component,Energy Consumption (Joule)
0,35.732,35.732,screen medium,19.576776696
0,22.485,22.485,wifi running,0.3065209164
22.485,27.957,5.472,wifi scan,1.2298834368
27.957,35.732,7.775,wifi running,0.105990666
0,35.732,35.732,phone_scanning,18.9108579926
0.0,21611.54885,21611.54885,core 0 cpu_idle start,326.312776086
21611.54885,47.147,-21564.40185,core 0 cpu_idle,-325.600903533
0.0,47.147,47.147,core 1 cpu_idle,0.711872553
0.0,47.147,47.147,core 2 cpu_idle,0.711872553
0.0,47.147,47.147,core 3 cpu_idle,0.711872553
0.0,47.147,47.147,core 4 cpu_idle,0.711872553
0.0,47.147,47.147,core 5 cpu_idle,0.711872553
