Start Time (Seconds),End Time (Seconds),Duration (Seconds),Component,Energy Consumption (Joule)
0,35.661,35.661,screen medium,19.537877358
0,35.661,35.661,wifi running,0.48613931064
0,35.661,35.661,phone_scanning,18.8732818447
0.0,21611.531729,21611.531729,core 0 cpu_idle start,326.312517576
21611.531729,47.127,-21564.404729,core 0 cpu_idle,-325.600947003
0.0,47.127,47.127,core 1 cpu_idle,0.711570573
0.0,47.127,47.127,core 2 cpu_idle,0.711570573
0.0,47.127,47.127,core 3 cpu_idle,0.711570573
0.0,47.127,47.127,core 4 cpu_idle,0.711570573
0.0,47.127,47.127,core 5 cpu_idle,0.711570573
