Start Time (Seconds),End Time (Seconds),Duration (Seconds),Component,Energy Consumption (Joule)
0,35.646,35.646,screen medium,19.529659188
0,23.736,23.736,wifi running,0.32357484864
23.736,29.089,5.353,wifi scan,1.2031370682
29.089,35.646,6.557,wifi running,0.08938659768
0,35.646,35.646,phone_scanning,18.8653432219
0.0,47.11,47.11,core 0 cpu_idle,0.71131389
0.0,47.11,47.11,core 1 cpu_idle,0.71131389
0.0,21611.598845,21611.598845,core 2 cpu_idle start,326.313530961
21611.598845,47.11,-21564.488845,core 2 cpu_idle,-325.602217071
0.0,47.11,47.11,core 3 cpu_idle,0.71131389
0.0,47.11,47.11,core 4 cpu_idle,0.71131389
0.0,47.11,47.11,core 5 cpu_idle,0.71131389
