Start Time (Seconds),End Time (Seconds),Duration (Seconds),Component,Energy Consumption (Joule)
0,35.602,35.602,screen medium,19.505552556
0,20.126,20.126,wifi running,0.27436246224
20.126,25.547,5.421,wifi scan,1.2184207074
25.547,35.602,10.055,wifi running,0.1370721732
0,35.602,35.602,phone_scanning,18.842056595
0.0,47.161,47.161,core 0 cpu_idle,0.712083939
0.0,47.161,47.161,core 1 cpu_idle,0.712083939
0.0,47.161,47.161,core 2 cpu_idle,0.712083939
0.0,47.161,47.161,core 3 cpu_idle,0.712083939
0.0,21611.61195,21611.61195,core 4 cpu_idle start,326.313728833
21611.61195,47.161,-21564.45095,core 4 cpu_idle,-325.601644894
0.0,47.161,47.161,core 5 cpu_idle,0.712083939
