Start Time (Seconds),End Time (Seconds),Duration (Seconds),Component,Energy Consumption (Joule)
0,35.604,35.604,screen medium,19.506648312
0,20.199,20.199,wifi running,0.27535761576
20.199,25.681,5.482,wifi scan,1.2321310308
25.681,35.604,9.923,wifi running,0.13527271752
0,35.604,35.604,phone_scanning,18.8431150781
0.0,47.121,47.121,core 0 cpu_idle,0.711479979
0.0,47.121,47.121,core 1 cpu_idle,0.711479979
0.0,47.121,47.121,core 2 cpu_idle,0.711479979
0.0,47.121,47.121,core 3 cpu_idle,0.711479979
0.0,47.121,47.121,core 4 cpu_idle,0.711479979
0.0,21611.483818,21611.483818,core 5 cpu_idle start,326.311794168
21611.483818,47.121,-21564.362818,core 5 cpu_idle,-325.600314189
