Start Time (Seconds),End Time (Seconds),Duration (Seconds),Component,Energy Consumption (Joule)
0,35.634,35.634,screen medium,19.672426746
0,35.634,35.634,wifi running,0.48948715368
0,35.634,35.634,phone_scanning,19.0032544346
0.0,21611.550896,21611.550896,core 0 cpu_idle start,328.808941107
21611.550896,46.072,-21565.478896,core 0 cpu_idle,-328.107978663
0.0,46.072,46.072,core 1 cpu_idle,0.700962444
0.0,46.072,46.072,core 2 cpu_idle,0.700962444
0.0,46.072,46.072,core 3 cpu_idle,0.700962444
0.0,46.072,46.072,core 4 cpu_idle,0.700962444
0.0,46.072,46.072,core 5 cpu_idle,0.700962444
