Start Time (Seconds),End Time (Seconds),Duration (Seconds),Component,Energy Consumption (Joule)
0,35.655,35.655,screen medium,19.684020195
0,25.098,25.098,wifi running,0.34475917896
25.098,30.534,5.436,wifi scan,1.2311382132
30.534,35.655,5.121,wifi running,0.07034471892
0,35.655,35.655,phone_scanning,19.0144535238
0.0,47.117,47.117,core 0 cpu_idle,0.7168615965
0.0,47.117,47.117,core 1 cpu_idle,0.7168615965
0.0,21611.598892,21611.598892,core 2 cpu_idle start,328.809671342
21611.598892,47.117,-21564.481892,core 2 cpu_idle,-328.092809746
0.0,47.117,47.117,core 3 cpu_idle,0.7168615965
0.0,47.117,47.117,core 4 cpu_idle,0.7168615965
0.0,47.117,47.117,core 5 cpu_idle,0.7168615965
