Start Time (Seconds),End Time (Seconds),Duration (Seconds),Component,Energy Consumption (Joule)
0,35.654,35.654,screen medium,19.683468126
0,23.585,23.585,wifi running,0.3239758242
23.585,28.998,5.413,wifi scan,1.2259292031
28.998,35.654,6.656,wifi running,0.09143027712
0,35.654,35.654,phone_scanning,19.0139202338
0.0,46.073,46.073,core 0 cpu_idle,0.7009776585
0.0,21611.45981,21611.45981,core 1 cpu_idle start,328.807555279
21611.45981,46.073,-21565.38681,core 1 cpu_idle,-328.106577621
0.0,46.073,46.073,core 2 cpu_idle,0.7009776585
0.0,46.073,46.073,core 3 cpu_idle,0.7009776585
0.0,46.073,46.073,core 4 cpu_idle,0.7009776585
0.0,46.073,46.073,core 5 cpu_idle,0.7009776585
