Start Time (Seconds),End Time (Seconds),Duration (Seconds),Component,Energy Consumption (Joule)
0,35.695,35.695,screen medium,19.706102955
0,25.618,25.618,wifi radio,6.91443218214
25.618,26.722,1.104,wifi running,0.01516511808
26.722,32.162,5.44,wifi scan,1.232044128
32.162,35.695,3.533,wifi running,0.04853112516
0,35.695,35.695,phone_scanning,19.0357851222
0.0,47.108,47.108,core 0 cpu_idle,0.716724666
0.0,47.108,47.108,core 1 cpu_idle,0.716724666
0.0,47.108,47.108,core 2 cpu_idle,0.716724666
0.0,21611.443905,21611.443905,core 3 cpu_idle start,328.807313293
21611.443905,47.108,-21564.335905,core 3 cpu_idle,-328.090588627
0.0,47.108,47.108,core 4 cpu_idle,0.716724666
0.0,47.108,47.108,core 5 cpu_idle,0.716724666
