Start Time (Seconds),End Time (Seconds),Duration (Seconds),Component,Energy Consumption (Joule)
0,35.655,35.655,screen medium,19.684020195
0,28.465,28.465,wifi running,0.3910100418
28.465,33.903,5.438,wifi scan,1.2315911706
33.903,35.655,1.752,wifi running,0.02406638304
0,35.655,35.655,phone_scanning,19.0144535238
0.0,46.035,46.035,core 0 cpu_idle,0.7003995075
0.0,46.035,46.035,core 1 cpu_idle,0.7003995075
0.0,21611.458757,21611.458757,core 2 cpu_idle start,328.807539258
21611.458757,46.035,-21565.423757,core 2 cpu_idle,-328.107139751
0.0,46.035,46.035,core 3 cpu_idle,0.7003995075
0.0,46.035,46.035,core 4 cpu_idle,0.7003995075
0.0,46.035,46.035,core 5 cpu_idle,0.7003995075
