device,subject,run_id,energy_consumed,load_time
nexus5x,http1042018080wwwtheguardiancomwwwtheguardiancom0internationalhtml,1,64.207728,790.0
nexus5x,http1042018080wwwtheguardiancomwwwtheguardiancom0internationalhtml,2,76.986936,487.0
nexus5x,http1042018080wwwtheguardiancomwwwtheguardiancom0internationalhtml,3,79.792128,540.0
nexus5x,http1042018080wwwtheguardiancomwwwtheguardiancom0internationalhtml,4,75.740184,530.0
nexus5x,http1042018080wwwtheguardiancomwwwtheguardiancom0internationalhtml,5,77.298624,509.0
