Start Time (Seconds),End Time (Seconds),Duration (Seconds),Component,Energy Consumption (Joule)
0,35.585,35.585,screen medium,19.45104568
0,3.113,3.113,wifi running,0.04233879232
3.113,3.16,0.047,wifi scan,0.0105392048
3.16,35.585,32.425,wifi running,0.441000752
0,35.585,35.585,phone_scanning,18.7894038112
0.0,21611.698998,21611.698998,core 0 cpu_idle start,325.558633706
21611.698998,46.07,-21565.628998,core 0 cpu_idle,-324.864635226
0.0,46.07,46.07,core 1 cpu_idle,0.69399848
0.0,46.07,46.07,core 2 cpu_idle,0.69399848
0.0,46.07,46.07,core 3 cpu_idle,0.69399848
0.0,46.07,46.07,core 4 cpu_idle,0.69399848
0.0,46.07,46.07,core 5 cpu_idle,0.69399848
