Start Time (Seconds),End Time (Seconds),Duration (Seconds),Component,Energy Consumption (Joule)
0,35.59,35.59,screen medium,19.45377872
0,35.59,35.59,wifi running,0.4840467776
0,35.59,35.59,phone_scanning,18.7920438848
0.0,46.094,46.094,core 0 cpu_idle,0.694360016
0.0,21611.619227,21611.619227,core 1 cpu_idle start,325.557432036
21611.619227,46.094,-21565.525227,core 1 cpu_idle,-324.86307202
0.0,46.094,46.094,core 2 cpu_idle,0.694360016
0.0,46.094,46.094,core 3 cpu_idle,0.694360016
0.0,46.094,46.094,core 4 cpu_idle,0.694360016
0.0,46.094,46.094,core 5 cpu_idle,0.694360016
