Start Time (Seconds),End Time (Seconds),Duration (Seconds),Component,Energy Consumption (Joule)
0,35.592,35.592,screen medium,19.454871936
0,23.993,23.993,wifi running,0.32632015552
23.993,29.398,5.405,wifi scan,1.212008552
29.398,35.592,6.194,wifi running,0.08424236416
0,35.592,35.592,phone_scanning,18.7930999142
0.0,46.132,46.132,core 0 cpu_idle,0.694932448
0.0,21611.379369,21611.379369,core 1 cpu_idle start,325.553818815
21611.379369,46.132,-21565.247369,core 1 cpu_idle,-324.858886367
0.0,46.132,46.132,core 2 cpu_idle,0.694932448
0.0,46.132,46.132,core 3 cpu_idle,0.694932448
0.0,46.132,46.132,core 4 cpu_idle,0.694932448
0.0,46.132,46.132,core 5 cpu_idle,0.694932448
