Start Time (Seconds),End Time (Seconds),Duration (Seconds),Component,Energy Consumption (Joule)
0,35.607,35.607,screen medium,19.463071056
0,22.242,22.242,wifi running,0.30250543488
22.242,27.633,5.391,wifi scan,1.2088692144
27.633,35.607,7.974,wifi running,0.10845150336
0,35.607,35.607,phone_scanning,18.801020135
0.0,46.147,46.147,core 0 cpu_idle,0.695158408
0.0,46.147,46.147,core 1 cpu_idle,0.695158408
0.0,46.147,46.147,core 2 cpu_idle,0.695158408
0.0,46.147,46.147,core 3 cpu_idle,0.695158408
0.0,21611.493669,21611.493669,core 4 cpu_idle start,325.55554063
21611.493669,46.147,-21565.346669,core 4 cpu_idle,-324.860382222
0.0,46.147,46.147,core 5 cpu_idle,0.695158408
