Start Time (Seconds),End Time (Seconds),Duration (Seconds),Component,Energy Consumption (Joule)
0,35.626,35.626,screen medium,19.473456608
0,35.626,35.626,wifi scan,7.9887172384
0,35.626,35.626,phone_scanning,18.8110524147
0.0,46.093,46.093,core 0 cpu_idle,0.694344952
0.0,46.093,46.093,core 1 cpu_idle,0.694344952
0.0,46.093,46.093,core 2 cpu_idle,0.694344952
0.0,21611.401961,21611.401961,core 3 cpu_idle start,325.554159141
21611.401961,46.093,-21565.308961,core 3 cpu_idle,-324.859814189
0.0,46.093,46.093,core 4 cpu_idle,0.694344952
0.0,46.093,46.093,core 5 cpu_idle,0.694344952
