Start Time (Seconds),End Time (Seconds),Duration (Seconds),Component,Energy Consumption (Joule)
0,35.621,35.621,screen medium,19.665249849
0,20.894,20.894,wifi running,0.28701084888
20.894,26.334,5.44,wifi scan,1.232044128
26.334,35.621,9.287,wifi running,0.12757106124
0,35.621,35.621,phone_scanning,18.9963216652
0.0,21611.699902,21611.699902,core 0 cpu_idle start,328.811208159
21611.699902,47.105,-21564.594902,core 0 cpu_idle,-328.094529136
0.0,47.105,47.105,core 1 cpu_idle,0.7166790225
0.0,47.105,47.105,core 2 cpu_idle,0.7166790225
0.0,47.105,47.105,core 3 cpu_idle,0.7166790225
0.0,47.105,47.105,core 4 cpu_idle,0.7166790225
0.0,47.105,47.105,core 5 cpu_idle,0.7166790225
