Start Time (Seconds),End Time (Seconds),Duration (Seconds),Component,Energy Consumption (Joule)
0,35.589,35.589,screen medium,19.647583641
0,22.225,22.225,wifi running,0.305294157
22.225,27.697,5.472,wifi scan,1.2392914464
27.697,35.589,7.892,wifi running,0.10840861584
0,35.589,35.589,phone_scanning,18.9792563864
0.0,47.19,47.19,core 0 cpu_idle,0.717972255
0.0,47.19,47.19,core 1 cpu_idle,0.717972255
0.0,47.19,47.19,core 2 cpu_idle,0.717972255
0.0,21611.518857,21611.518857,core 3 cpu_idle start,328.80845365
21611.518857,47.19,-21564.328857,core 3 cpu_idle,-328.090481395
0.0,47.19,47.19,core 4 cpu_idle,0.717972255
0.0,47.19,47.19,core 5 cpu_idle,0.717972255
