Start Time (Seconds),End Time (Seconds),Duration (Seconds),Component,Energy Consumption (Joule)
0,35.577,35.577,screen medium,19.640958813
0,20.184,20.184,wifi running,0.27725791968
20.184,25.601,5.417,wifi scan,1.2268351179
25.601,35.577,9.976,wifi running,0.13703552352
0,35.577,35.577,phone_scanning,18.9728569069
0.0,46.117,46.117,core 0 cpu_idle,0.7016470965
0.0,46.117,46.117,core 1 cpu_idle,0.7016470965
0.0,21611.776857,21611.776857,core 2 cpu_idle start,328.812378991
21611.776857,46.117,-21565.659857,core 2 cpu_idle,-328.110731894
0.0,46.117,46.117,core 3 cpu_idle,0.7016470965
0.0,46.117,46.117,core 4 cpu_idle,0.7016470965
0.0,46.117,46.117,core 5 cpu_idle,0.7016470965
