Start Time (Seconds),End Time (Seconds),Duration (Seconds),Component,Energy Consumption (Joule)
0,35.646,35.646,screen medium,19.679051574
0,35.646,35.646,wifi running,0.48965199192
0,35.646,35.646,phone_scanning,19.0096539142
0.0,47.058,47.058,core 0 cpu_idle,0.715963941
0.0,21611.451257,21611.451257,core 1 cpu_idle start,328.80742515
21611.451257,47.058,-21564.393257,core 1 cpu_idle,-328.091461209
0.0,47.058,47.058,core 2 cpu_idle,0.715963941
0.0,47.058,47.058,core 3 cpu_idle,0.715963941
0.0,47.058,47.058,core 4 cpu_idle,0.715963941
0.0,47.058,47.058,core 5 cpu_idle,0.715963941
