Start Time (Seconds),End Time (Seconds),Duration (Seconds),Component,Energy Consumption (Joule)
0,35.634,35.634,screen medium,19.672426746
0,23.75,23.75,wifi running,0.32624235
23.75,29.111,5.361,wifi scan,1.2141523107
29.111,35.634,6.523,wifi running,0.08960331996
0,35.634,35.634,phone_scanning,19.0032544346
0.0,21611.487784,21611.487784,core 0 cpu_idle start,328.80798089
21611.487784,47.066,-21564.421784,core 0 cpu_idle,-328.091895233
0.0,47.066,47.066,core 1 cpu_idle,0.716085657
0.0,47.066,47.066,core 2 cpu_idle,0.716085657
0.0,47.066,47.066,core 3 cpu_idle,0.716085657
0.0,47.066,47.066,core 4 cpu_idle,0.716085657
0.0,47.066,47.066,core 5 cpu_idle,0.716085657
