Start Time (Seconds),End Time (Seconds),Duration (Seconds),Component,Energy Consumption (Joule)
0,35.624,35.624,screen medium,19.472363392
0,14.07,14.07,wifi running,0.1913610048
14.07,14.355,0.285,wifi scan,0.063907944
14.355,35.624,21.269,wifi running,0.28927201216
0,35.624,35.624,phone_scanning,18.8099963853
0.0,47.095,47.095,core 0 cpu_idle,0.70943908
0.0,21611.392786,21611.392786,core 1 cpu_idle start,325.554020928
21611.392786,47.095,-21564.297786,core 1 cpu_idle,-324.844581848
0.0,47.095,47.095,core 2 cpu_idle,0.70943908
0.0,47.095,47.095,core 3 cpu_idle,0.70943908
0.0,47.095,47.095,core 4 cpu_idle,0.70943908
0.0,47.095,47.095,core 5 cpu_idle,0.70943908
