Start Time (Seconds),End Time (Seconds),Duration (Seconds),Component,Energy Consumption (Joule)
0,35.677,35.677,screen medium,19.501333616
0,24.735,24.735,wifi radio,6.6100666296
24.735,27.485,2.75,wifi running,0.03740176
27.485,35.677,8.192,wifi radio,2.18919206912
0,35.677,35.677,phone_scanning,18.8379811654
0.0,47.094,47.094,core 0 cpu_idle,0.709424016
0.0,47.094,47.094,core 1 cpu_idle,0.709424016
0.0,21611.380984,21611.380984,core 2 cpu_idle start,325.553843143
21611.380984,47.094,-21564.286984,core 2 cpu_idle,-324.844419127
0.0,47.094,47.094,core 3 cpu_idle,0.709424016
0.0,47.094,47.094,core 4 cpu_idle,0.709424016
0.0,47.094,47.094,core 5 cpu_idle,0.709424016
