Start Time (Seconds),End Time (Seconds),Duration (Seconds),Component,Energy Consumption (Joule)
0,35.664,35.664,screen medium,19.494227712
0,35.664,35.664,wifi scan,7.9972382976
0,35.664,35.664,phone_scanning,18.8311169741
0.0,21611.48716,21611.48716,core 0 cpu_idle start,325.555442578
21611.48716,47.133,-21564.35416,core 0 cpu_idle,-324.845431066
0.0,47.133,47.133,core 1 cpu_idle,0.710011512
0.0,47.133,47.133,core 2 cpu_idle,0.710011512
0.0,47.133,47.133,core 3 cpu_idle,0.710011512
0.0,47.133,47.133,core 4 cpu_idle,0.710011512
0.0,47.133,47.133,core 5 cpu_idle,0.710011512
