Start Time (Seconds),End Time (Seconds),Duration (Seconds),Component,Energy Consumption (Joule)
0,35.617,35.617,screen medium,19.468537136
0,27.624,27.624,wifi radio,7.38210958464
27.624,33.637,6.013,wifi running,0.08178064832
33.637,35.617,1.98,wifi radio,0.5291260128
0,35.617,35.617,phone_scanning,18.8063002822
0.0,21611.676826,21611.676826,core 0 cpu_idle start,325.558299707
21611.676826,46.096,-21565.580826,core 0 cpu_idle,-324.863909563
0.0,46.096,46.096,core 1 cpu_idle,0.694390144
0.0,46.096,46.096,core 2 cpu_idle,0.694390144
0.0,46.096,46.096,core 3 cpu_idle,0.694390144
0.0,46.096,46.096,core 4 cpu_idle,0.694390144
0.0,46.096,46.096,core 5 cpu_idle,0.694390144
