Start Time (Seconds),End Time (Seconds),Duration (Seconds),Component,Energy Consumption (Joule)
0,35.604,35.604,screen medium,19.461431232
0,35.604,35.604,wifi running,0.48423718656
0,35.604,35.604,phone_scanning,18.7994360909
0.0,47.167,47.167,core 0 cpu_idle,0.710523688
0.0,47.167,47.167,core 1 cpu_idle,0.710523688
0.0,47.167,47.167,core 2 cpu_idle,0.710523688
0.0,47.167,47.167,core 3 cpu_idle,0.710523688
0.0,21612.386142,21612.386142,core 4 cpu_idle start,325.568984843
21612.386142,47.167,-21565.219142,core 4 cpu_idle,-324.858461155
0.0,47.167,47.167,core 5 cpu_idle,0.710523688
