Start Time (Seconds),End Time (Seconds),Duration (Seconds),Component,Energy Consumption (Joule)
0,35.621,35.621,screen medium,19.54310544
0,35.621,35.621,wifi running,0.4862693952
0,35.621,35.621,phone_scanning,18.8783320896
0.0,46.138,46.138,core 0 cpu_idle,0.697606560001
0.0,21611.510134,21611.510134,core 1 cpu_idle start,326.766033226
21611.510134,46.138,-21565.372134,core 1 cpu_idle,-326.068426666
0.0,46.138,46.138,core 2 cpu_idle,0.697606560001
0.0,46.138,46.138,core 3 cpu_idle,0.697606560001
0.0,46.138,46.138,core 4 cpu_idle,0.697606560001
0.0,46.138,46.138,core 5 cpu_idle,0.697606560001
