Start Time (Seconds),End Time (Seconds),Duration (Seconds),Component,Energy Consumption (Joule)
0,35.552,35.552,screen medium,19.50524928
0,10.56,10.56,wifi running,0.144156672
10.56,10.706,0.146,wifi scan,0.032860512
10.706,35.552,24.846,wifi running,0.3391777152
0,35.552,35.552,phone_scanning,18.8417636352
0.0,46.146,46.146,core 0 cpu_idle,0.69772752
0.0,21611.394284,21611.394284,core 1 cpu_idle start,326.764281574
21611.394284,46.146,-21565.248284,core 1 cpu_idle,-326.066554054
0.0,46.146,46.146,core 2 cpu_idle,0.69772752
0.0,46.146,46.146,core 3 cpu_idle,0.69772752
0.0,46.146,46.146,core 4 cpu_idle,0.69772752
0.0,46.146,46.146,core 5 cpu_idle,0.69772752
