Start Time (Seconds),End Time (Seconds),Duration (Seconds),Component,Energy Consumption (Joule)
0,35.577,35.577,screen medium,19.51896528
0,33.104,33.104,wifi radio,8.8794461952
33.104,33.813,0.709,wifi running,0.0096787008
33.813,35.577,1.764,wifi radio,0.4731556032
0,35.577,35.577,phone_scanning,18.8550130752
0.0,47.131,47.131,core 0 cpu_idle,0.71262072
0.0,47.131,47.131,core 1 cpu_idle,0.71262072
0.0,47.131,47.131,core 2 cpu_idle,0.71262072
0.0,21611.868222,21611.868222,core 3 cpu_idle start,326.771447517
21611.868222,47.131,-21564.737222,core 3 cpu_idle,-326.058826797
0.0,47.131,47.131,core 4 cpu_idle,0.71262072
0.0,47.131,47.131,core 5 cpu_idle,0.71262072
