Start Time (Seconds),End Time (Seconds),Duration (Seconds),Component,Energy Consumption (Joule)
0,35.56,35.56,screen medium,19.5096384
0,35.56,35.56,wifi running,0.485436672
0,35.56,35.56,phone_scanning,18.846003456
0.0,46.12,46.12,core 0 cpu_idle,0.6973344
0.0,46.12,46.12,core 1 cpu_idle,0.6973344
0.0,46.12,46.12,core 2 cpu_idle,0.6973344
0.0,21611.455818,21611.455818,core 3 cpu_idle start,326.765211968
21611.455818,46.12,-21565.335818,core 3 cpu_idle,-326.067877568
0.0,46.12,46.12,core 4 cpu_idle,0.6973344
0.0,46.12,46.12,core 5 cpu_idle,0.6973344
