Start Time (Seconds),End Time (Seconds),Duration (Seconds),Component,Energy Consumption (Joule)
0,35.622,35.622,screen medium,19.54365408
0,35.622,35.622,wifi running,0.4862830464
0,35.622,35.622,phone_scanning,18.8788620672
0.0,21611.464804,21611.464804,core 0 cpu_idle start,326.765347836
21611.464804,47.089,-21564.375804,core 0 cpu_idle,-326.053362156
0.0,47.089,47.089,core 1 cpu_idle,0.71198568
0.0,47.089,47.089,core 2 cpu_idle,0.71198568
0.0,47.089,47.089,core 3 cpu_idle,0.71198568
0.0,47.089,47.089,core 4 cpu_idle,0.71198568
0.0,47.089,47.089,core 5 cpu_idle,0.71198568
