device,subject,run_id,energy_consumed,load_time
nexus5x,http1042018080wwwtheguardiancomwwwtheguardiancom0internationalhtml,1,61.657848,515.0
nexus5x,http1042018080wwwtheguardiancomwwwtheguardiancom0internationalhtml,2,75.585636,491.0
nexus5x,http1042018080wwwtheguardiancomwwwtheguardiancom0internationalhtml,3,78.715476,483.0
nexus5x,http1042018080wwwtheguardiancomwwwtheguardiancom0internationalhtml,4,78.558984,531.0
nexus5x,http1042018080wwwtheguardiancomwwwtheguardiancom0internationalhtml,5,78.089508,1205.0
