Start Time (Seconds),End Time (Seconds),Duration (Seconds),Component,Energy Consumption (Joule)
0,35.609,35.609,screen medium,19.468686615
0,35.609,35.609,wifi running,0.4844177142
0,35.609,35.609,phone_scanning,18.8064446766
0.0,47.112,47.112,core 0 cpu_idle,0.70986006
0.0,21611.517594,21611.517594,core 1 cpu_idle start,325.631541348
21611.517594,47.112,-21564.405594,core 1 cpu_idle,-324.921681288
0.0,47.112,47.112,core 2 cpu_idle,0.70986006
0.0,47.112,47.112,core 3 cpu_idle,0.70986006
0.0,47.112,47.112,core 4 cpu_idle,0.70986006
0.0,47.112,47.112,core 5 cpu_idle,0.70986006
