Start Time (Seconds),End Time (Seconds),Duration (Seconds),Component,Energy Consumption (Joule)
0,35.602,35.602,screen medium,19.46485947
0,30.745,30.745,wifi radio,8.21806010025
30.745,32.456,1.711,wifi running,0.0232761018
32.456,35.602,3.146,wifi radio,0.8409177777
0,35.602,35.602,phone_scanning,18.8027477148
0.0,21611.399038,21611.399038,core 0 cpu_idle start,325.629755005
21611.399038,47.15,-21564.249038,core 0 cpu_idle,-324.91932238
0.0,47.15,47.15,core 1 cpu_idle,0.710432625
0.0,47.15,47.15,core 2 cpu_idle,0.710432625
0.0,47.15,47.15,core 3 cpu_idle,0.710432625
0.0,47.15,47.15,core 4 cpu_idle,0.710432625
0.0,47.15,47.15,core 5 cpu_idle,0.710432625
