Start Time (Seconds),End Time (Seconds),Duration (Seconds),Component,Energy Consumption (Joule)
0,35.649,35.649,screen medium,19.490556015
0,3.484,3.484,wifi running,0.0473956392
3.484,4.662,1.178,wifi scan,0.264214209
4.662,35.649,30.987,wifi running,0.4215409506
0,35.649,35.649,phone_scanning,18.8275701726
0.0,47.14,47.14,core 0 cpu_idle,0.71028195
0.0,47.14,47.14,core 1 cpu_idle,0.71028195
0.0,47.14,47.14,core 2 cpu_idle,0.71028195
0.0,47.14,47.14,core 3 cpu_idle,0.71028195
0.0,21611.488987,21611.488987,core 4 cpu_idle start,325.631110312
21611.488987,47.14,-21564.348987,core 4 cpu_idle,-324.920828362
0.0,47.14,47.14,core 5 cpu_idle,0.71028195
