Start Time (Seconds),End Time (Seconds),Duration (Seconds),Component,Energy Consumption (Joule)
0,35.579,35.579,screen medium,19.452284565
0,22.694,22.694,wifi running,0.3087246372
22.694,28.07,5.376,wifi scan,1.205785728
28.07,35.579,7.509,wifi running,0.1021509342
0,35.579,35.579,phone_scanning,18.7906005546
0.0,46.121,46.121,core 0 cpu_idle,0.6949281675
0.0,46.121,46.121,core 1 cpu_idle,0.6949281675
0.0,46.121,46.121,core 2 cpu_idle,0.6949281675
0.0,46.121,46.121,core 3 cpu_idle,0.6949281675
0.0,46.121,46.121,core 4 cpu_idle,0.6949281675
0.0,21611.569872,21611.569872,core 5 cpu_idle start,325.632329046
21611.569872,46.121,-21565.448872,core 5 cpu_idle,-324.937400879
