Start Time (Seconds),End Time (Seconds),Duration (Seconds),Component,Energy Consumption (Joule)
0,35.545,35.545,screen medium,19.433695575
0,23.976,23.976,wifi running,0.3261647088
23.976,29.463,5.487,wifi scan,1.2306819735
29.463,35.545,6.082,wifi running,0.0827383116
0,35.545,35.545,phone_scanning,18.772643883
0.0,46.142,46.142,core 0 cpu_idle,0.695244585
0.0,21611.809152,21611.809152,core 1 cpu_idle start,325.635934398
21611.809152,46.142,-21565.667152,core 1 cpu_idle,-324.940689813
0.0,46.142,46.142,core 2 cpu_idle,0.695244585
0.0,46.142,46.142,core 3 cpu_idle,0.695244585
0.0,46.142,46.142,core 4 cpu_idle,0.695244585
0.0,46.142,46.142,core 5 cpu_idle,0.695244585
