Start Time (Seconds),End Time (Seconds),Duration (Seconds),Component,Energy Consumption (Joule)
0,35.649,35.649,screen medium,19.590159321
0,33.964,33.964,wifi radio,9.12488473652
33.964,34.931,0.967,wifi running,0.01322210044
34.931,35.649,0.718,wifi radio,0.19290034274
0,35.649,35.649,phone_scanning,18.9237853976
0.0,47.066,47.066,core 0 cpu_idle,0.712791037
0.0,47.066,47.066,core 1 cpu_idle,0.712791037
0.0,47.066,47.066,core 2 cpu_idle,0.712791037
0.0,21611.357224,21611.357224,core 3 cpu_idle start,327.293199479
21611.357224,47.066,-21564.291224,core 3 cpu_idle,-326.580408442
0.0,47.066,47.066,core 4 cpu_idle,0.712791037
0.0,47.066,47.066,core 5 cpu_idle,0.712791037
