Start Time (Seconds),End Time (Seconds),Duration (Seconds),Component,Energy Consumption (Joule)
0,35.598,35.598,screen medium,19.562133342
0,23.819,23.819,wifi running,0.32568480908
23.819,29.251,5.432,wifi scan,1.2245721544
29.251,35.598,6.347,wifi running,0.08678456204
0,35.598,35.598,phone_scanning,18.8967127433
0.0,47.04,47.04,core 0 cpu_idle,0.71239728
0.0,47.04,47.04,core 1 cpu_idle,0.71239728
0.0,47.04,47.04,core 2 cpu_idle,0.71239728
0.0,21611.402842,21611.402842,core 3 cpu_idle start,327.293890341
21611.402842,47.04,-21564.362842,core 3 cpu_idle,-326.581493061
0.0,47.04,47.04,core 4 cpu_idle,0.71239728
0.0,47.04,47.04,core 5 cpu_idle,0.71239728
