Start Time (Seconds),End Time (Seconds),Duration (Seconds),Component,Energy Consumption (Joule)
0,35.591,35.591,screen medium,19.558286639
0,11.469,11.469,wifi running,0.15681930708
11.469,11.618,0.149,wifi scan,0.0335900683
11.618,35.591,23.973,wifi running,0.32779050036
0,35.591,35.591,phone_scanning,18.8929968888
0.0,46.158,46.158,core 0 cpu_idle,0.699039831
0.0,46.158,46.158,core 1 cpu_idle,0.699039831
0.0,21611.483284,21611.483284,core 2 cpu_idle start,327.295108595
21611.483284,46.158,-21565.325284,core 2 cpu_idle,-326.596068764
0.0,46.158,46.158,core 3 cpu_idle,0.699039831
0.0,46.158,46.158,core 4 cpu_idle,0.699039831
0.0,46.158,46.158,core 5 cpu_idle,0.699039831
