Start Time (Seconds),End Time (Seconds),Duration (Seconds),Component,Energy Consumption (Joule)
0,35.619,35.619,screen medium,19.573673451
0,22.654,22.654,wifi running,0.30975539128
22.654,28.083,5.429,wifi scan,1.2238958443
28.083,35.619,7.536,wifi running,0.10304213952
0,35.619,35.619,phone_scanning,18.9078603068
0.0,47.125,47.125,core 0 cpu_idle,0.7136845625
0.0,47.125,47.125,core 1 cpu_idle,0.7136845625
0.0,21611.565839,21611.565839,core 2 cpu_idle start,327.296358849
21611.565839,47.125,-21564.440839,core 2 cpu_idle,-326.582674286
0.0,47.125,47.125,core 3 cpu_idle,0.7136845625
0.0,47.125,47.125,core 4 cpu_idle,0.7136845625
0.0,47.125,47.125,core 5 cpu_idle,0.7136845625
