Start Time (Seconds),End Time (Seconds),Duration (Seconds),Component,Energy Consumption (Joule)
0,35.569,35.569,screen medium,19.546197001
0,34.195,34.195,wifi running,0.4675591774
34.195,35.569,1.374,wifi scan,0.3097500258
0,35.569,35.569,phone_scanning,18.8813184888
0.0,21611.70207,21611.70207,core 0 cpu_idle start,327.298421999
21611.70207,47.215,-21564.48707,core 0 cpu_idle,-326.583374432
0.0,47.215,47.215,core 1 cpu_idle,0.7150475675
0.0,47.215,47.215,core 2 cpu_idle,0.7150475675
0.0,47.215,47.215,core 3 cpu_idle,0.7150475675
0.0,47.215,47.215,core 4 cpu_idle,0.7150475675
0.0,47.215,47.215,core 5 cpu_idle,0.7150475675
