device,subject,run_id,energy_consumed,load_time
nexus5x,http1042018080wwwtheguardiancomwwwtheguardiancom3internationalhtml,1,65.16288,496.0
nexus5x,http1042018080wwwtheguardiancomwwwtheguardiancom3internationalhtml,2,68.4288,520.0
nexus5x,http1042018080wwwtheguardiancomwwwtheguardiancom3internationalhtml,3,77.91552,520.0
nexus5x,http1042018080wwwtheguardiancomwwwtheguardiancom3internationalhtml,4,76.9824,485.0
nexus5x,http1042018080wwwtheguardiancomwwwtheguardiancom3internationalhtml,5,79.00416,541.0
