Start Time (Seconds),End Time (Seconds),Duration (Seconds),Component,Energy Consumption (Joule)
0,35.589,35.589,screen medium,19.444192506
0,20.166,20.166,wifi running,0.27414305712
20.166,25.504,5.338,wifi scan,1.1964283596
25.504,35.279,9.775,wifi radio,2.6110117845
35.279,35.589,0.31,wifi running,0.0042142392
0,35.589,35.589,phone_scanning,18.782783753
0.0,46.123,46.123,core 0 cpu_idle,0.694474010999
0.0,21611.555462,21611.555462,core 1 cpu_idle start,325.405190591
21611.555462,46.123,-21565.432462,core 1 cpu_idle,-324.71071658
0.0,46.123,46.123,core 2 cpu_idle,0.694474010999
0.0,46.123,46.123,core 3 cpu_idle,0.694474010999
0.0,46.123,46.123,core 4 cpu_idle,0.694474010999
0.0,46.123,46.123,core 5 cpu_idle,0.694474010999
