Start Time (Seconds),End Time (Seconds),Duration (Seconds),Component,Energy Consumption (Joule)
0,35.564,35.564,screen medium,19.430533656
0,23.946,23.946,wifi running,0.32552958672
23.946,29.494,5.548,wifi scan,1.2434965416
29.494,35.564,6.07,wifi running,0.0825175224
0,35.564,35.564,phone_scanning,18.769589519
0.0,21611.514339,21611.514339,core 0 cpu_idle start,325.404571402
21611.514339,46.108,-21565.406339,core 0 cpu_idle,-324.710323246
0.0,46.108,46.108,core 1 cpu_idle,0.694248156
0.0,46.108,46.108,core 2 cpu_idle,0.694248156
0.0,46.108,46.108,core 3 cpu_idle,0.694248156
0.0,46.108,46.108,core 4 cpu_idle,0.694248156
0.0,46.108,46.108,core 5 cpu_idle,0.694248156
