Start Time (Seconds),End Time (Seconds),Duration (Seconds),Component,Energy Consumption (Joule)
0,35.636,35.636,screen medium,19.469871144
0,21.654,21.654,wifi running,0.29437140528
21.654,27.082,5.428,wifi scan,1.2166004376
27.082,35.636,8.554,wifi running,0.11628581328
0,35.636,35.636,phone_scanning,18.807588913
0.0,46.155,46.155,core 0 cpu_idle,0.694955835
0.0,46.155,46.155,core 1 cpu_idle,0.694955835
0.0,46.155,46.155,core 2 cpu_idle,0.694955835
0.0,46.155,46.155,core 3 cpu_idle,0.694955835
0.0,46.155,46.155,core 4 cpu_idle,0.694955835
0.0,21611.400857,21611.400857,core 5 cpu_idle start,325.402862704
21611.400857,46.155,-21565.245857,core 5 cpu_idle,-324.707906869
