Start Time (Seconds),End Time (Seconds),Duration (Seconds),Component,Energy Consumption (Joule)
0,35.648,35.648,screen medium,19.476427392
0,22.888,22.888,wifi running,0.31114679616
22.888,28.354,5.466,wifi scan,1.2251175372
28.354,35.648,7.294,wifi running,0.09915697008
0,35.648,35.648,phone_scanning,18.8139221453
0.0,46.114,46.114,core 0 cpu_idle,0.694338498
0.0,21611.989221,21611.989221,core 1 cpu_idle start,325.411721701
21611.989221,46.114,-21565.875221,core 1 cpu_idle,-324.717383203
0.0,46.114,46.114,core 2 cpu_idle,0.694338498
0.0,46.114,46.114,core 3 cpu_idle,0.694338498
0.0,46.114,46.114,core 4 cpu_idle,0.694338498
0.0,46.114,46.114,core 5 cpu_idle,0.694338498
