Start Time (Seconds),End Time (Seconds),Duration (Seconds),Component,Energy Consumption (Joule)
0,35.614,35.614,screen medium,19.457851356
0,35.614,35.614,wifi running,0.48414811248
0,35.614,35.614,phone_scanning,18.795977987
0.0,21611.241782,21611.241782,core 0 cpu_idle start,325.400467512
21611.241782,47.035,-21564.206782,core 0 cpu_idle,-324.692261517
0.0,47.035,47.035,core 1 cpu_idle,0.708205995
0.0,47.035,47.035,core 2 cpu_idle,0.708205995
0.0,47.035,47.035,core 3 cpu_idle,0.708205995
0.0,47.035,47.035,core 4 cpu_idle,0.708205995
0.0,47.035,47.035,core 5 cpu_idle,0.708205995
