Start Time (Seconds),End Time (Seconds),Duration (Seconds),Component,Energy Consumption (Joule)
0,35.597,35.597,screen medium,19.493771528
0,22.369,22.369,wifi running,0.30479820448
22.369,27.804,5.435,wifi scan,1.221001012
27.804,35.597,7.793,wifi running,0.10618679456
0,35.597,35.597,phone_scanning,18.8306763075
0.0,47.098,47.098,core 0 cpu_idle,0.710803016
0.0,47.098,47.098,core 1 cpu_idle,0.710803016
0.0,47.098,47.098,core 2 cpu_idle,0.710803016
0.0,47.098,47.098,core 3 cpu_idle,0.710803016
0.0,47.098,47.098,core 4 cpu_idle,0.710803016
0.0,21611.498331,21611.498331,core 5 cpu_idle start,326.160732811
21611.498331,47.098,-21564.400331,core 5 cpu_idle,-325.449929795
