Start Time (Seconds),End Time (Seconds),Duration (Seconds),Component,Energy Consumption (Joule)
0,35.614,35.614,screen medium,19.503081136
0,35.614,35.614,wifi running,0.48527351488
0,35.614,35.614,phone_scanning,18.8396692422
0.0,47.117,47.117,core 0 cpu_idle,0.711089764
0.0,21611.785456,21611.785456,core 1 cpu_idle start,326.165066102
21611.785456,47.117,-21564.668456,core 1 cpu_idle,-325.453976338
0.0,47.117,47.117,core 2 cpu_idle,0.711089764
0.0,47.117,47.117,core 3 cpu_idle,0.711089764
0.0,47.117,47.117,core 4 cpu_idle,0.711089764
0.0,47.117,47.117,core 5 cpu_idle,0.711089764
