Start Time (Seconds),End Time (Seconds),Duration (Seconds),Component,Energy Consumption (Joule)
0,35.622,35.622,screen medium,19.507462128
0,35.622,35.622,wifi running,0.48538252224
0,35.622,35.622,phone_scanning,18.8439012115
0.0,47.132,47.132,core 0 cpu_idle,0.711316144
0.0,47.132,47.132,core 1 cpu_idle,0.711316144
0.0,21611.495788,21611.495788,core 2 cpu_idle start,326.160694432
21611.495788,47.132,-21564.363788,core 2 cpu_idle,-325.449378288
0.0,47.132,47.132,core 3 cpu_idle,0.711316144
0.0,47.132,47.132,core 4 cpu_idle,0.711316144
0.0,47.132,47.132,core 5 cpu_idle,0.711316144
