Start Time (Seconds),End Time (Seconds),Duration (Seconds),Component,Energy Consumption (Joule)
0,35.548,35.548,screen medium,19.466937952
0,5.352,5.352,wifi running,0.07292592384
5.352,5.598,0.246,wifi scan,0.0552651792
5.598,35.548,29.95,wifi running,0.408096304
0,35.548,35.548,phone_scanning,18.8047554957
0.0,47.08,47.08,core 0 cpu_idle,0.71053136
0.0,21611.538859,21611.538859,core 1 cpu_idle start,326.16134446
21611.538859,47.08,-21564.458859,core 1 cpu_idle,-325.4508131
0.0,47.08,47.08,core 2 cpu_idle,0.71053136
0.0,47.08,47.08,core 3 cpu_idle,0.71053136
0.0,47.08,47.08,core 4 cpu_idle,0.71053136
0.0,47.08,47.08,core 5 cpu_idle,0.71053136
