Start Time (Seconds),End Time (Seconds),Duration (Seconds),Component,Energy Consumption (Joule)
0,35.622,35.622,screen medium,19.507462128
0,23.774,23.774,wifi running,0.32394262208
23.774,29.227,5.453,wifi scan,1.2250448056
29.227,35.622,6.395,wifi running,0.0871377584
0,35.622,35.622,phone_scanning,18.8439012115
0.0,21611.371841,21611.371841,core 0 cpu_idle start,326.158823824
21611.371841,46.028,-21565.343841,core 0 cpu_idle,-325.464169248
0.0,46.028,46.028,core 1 cpu_idle,0.694654576
0.0,46.028,46.028,core 2 cpu_idle,0.694654576
0.0,46.028,46.028,core 3 cpu_idle,0.694654576
0.0,46.028,46.028,core 4 cpu_idle,0.694654576
0.0,46.028,46.028,core 5 cpu_idle,0.694654576
