Start Time (Seconds),End Time (Seconds),Duration (Seconds),Component,Energy Consumption (Joule)
0,35.575,35.575,screen medium,19.45461565
0,15.469,15.469,wifi running,0.21048606424
15.469,15.618,0.149,wifi scan,0.0334270474
15.618,35.575,19.957,wifi running,0.27155410072
0,35.575,35.575,phone_scanning,18.792852346
0.0,47.137,47.137,core 0 cpu_idle,0.710401727
0.0,21611.603828,21611.603828,core 1 cpu_idle start,325.708481292
21611.603828,47.137,-21564.466828,core 1 cpu_idle,-324.998079565
0.0,47.137,47.137,core 2 cpu_idle,0.710401727
0.0,47.137,47.137,core 3 cpu_idle,0.710401727
0.0,47.137,47.137,core 4 cpu_idle,0.710401727
0.0,47.137,47.137,core 5 cpu_idle,0.710401727
