Start Time (Seconds),End Time (Seconds),Duration (Seconds),Component,Energy Consumption (Joule)
0,35.664,35.664,screen medium,19.503286368
0,35.664,35.664,wifi running,0.48527862144
0,35.664,35.664,phone_scanning,18.8398674931
0.0,47.163,47.163,core 0 cpu_idle,0.710793573
0.0,21611.661918,21611.661918,core 1 cpu_idle start,325.709356766
21611.661918,47.163,-21564.498918,core 1 cpu_idle,-324.998563193
0.0,47.163,47.163,core 2 cpu_idle,0.710793573
0.0,47.163,47.163,core 3 cpu_idle,0.710793573
0.0,47.163,47.163,core 4 cpu_idle,0.710793573
0.0,47.163,47.163,core 5 cpu_idle,0.710793573
