Start Time (Seconds),End Time (Seconds),Duration (Seconds),Component,Energy Consumption (Joule)
0,35.624,35.624,screen medium,19.481411888
0,35.624,35.624,wifi running,0.48473434304
0,35.624,35.624,phone_scanning,18.8187370899
0.0,47.113,47.113,core 0 cpu_idle,0.710040023
0.0,21611.620462,21611.620462,core 1 cpu_idle start,325.708731983
21611.620462,47.113,-21564.507462,core 1 cpu_idle,-324.99869196
0.0,47.113,47.113,core 2 cpu_idle,0.710040023
0.0,47.113,47.113,core 3 cpu_idle,0.710040023
0.0,47.113,47.113,core 4 cpu_idle,0.710040023
0.0,47.113,47.113,core 5 cpu_idle,0.710040023
