Start Time (Seconds),End Time (Seconds),Duration (Seconds),Component,Energy Consumption (Joule)
0,35.574,35.574,screen medium,19.454068788
0,35.574,35.574,wifi scan,7.9807636524
0,35.574,35.574,phone_scanning,18.7923240859
0.0,47.13,47.13,core 0 cpu_idle,0.71029623
0.0,47.13,47.13,core 1 cpu_idle,0.71029623
0.0,47.13,47.13,core 2 cpu_idle,0.71029623
0.0,47.13,47.13,core 3 cpu_idle,0.71029623
0.0,47.13,47.13,core 4 cpu_idle,0.71029623
0.0,21611.553943,21611.553943,core 5 cpu_idle start,325.707729475
21611.553943,47.13,-21564.423943,core 5 cpu_idle,-324.997433245
