Start Time (Seconds),End Time (Seconds),Duration (Seconds),Component,Energy Consumption (Joule)
0,35.618,35.618,screen medium,19.478130716
0,35.618,35.618,wifi scan,7.9906347268
0,35.618,35.618,phone_scanning,18.8155675294
0.0,47.103,47.103,core 0 cpu_idle,0.709889313
0.0,47.103,47.103,core 1 cpu_idle,0.709889313
0.0,47.103,47.103,core 2 cpu_idle,0.709889313
0.0,47.103,47.103,core 3 cpu_idle,0.709889313
0.0,21611.575903,21611.575903,core 4 cpu_idle start,325.708060434
21611.575903,47.103,-21564.472903,core 4 cpu_idle,-324.998171121
0.0,47.103,47.103,core 5 cpu_idle,0.709889313
