Start Time (Seconds),End Time (Seconds),Duration (Seconds),Component,Energy Consumption (Joule)
0,35.668,35.668,screen medium,19.56889152
0,35.668,35.668,wifi running,0.4869110016
0,35.668,35.668,phone_scanning,18.9032410368
0.0,46.048,46.048,core 0 cpu_idle,0.69624576
0.0,46.048,46.048,core 1 cpu_idle,0.69624576
0.0,46.048,46.048,core 2 cpu_idle,0.69624576
0.0,46.048,46.048,core 3 cpu_idle,0.69624576
0.0,46.048,46.048,core 4 cpu_idle,0.69624576
0.0,21611.478844,21611.478844,core 5 cpu_idle start,326.765560121
21611.478844,46.048,-21565.430844,core 5 cpu_idle,-326.069314361
