Start Time (Seconds),End Time (Seconds),Duration (Seconds),Component,Energy Consumption (Joule)
0,35.676,35.676,screen medium,19.57328064
0,35.676,35.676,wifi running,0.4870202112
0,35.676,35.676,phone_scanning,18.9074808576
0.0,47.064,47.064,core 0 cpu_idle,0.71160768
0.0,21611.627774,21611.627774,core 1 cpu_idle start,326.767811943
21611.627774,47.064,-21564.563774,core 1 cpu_idle,-326.056204263
0.0,47.064,47.064,core 2 cpu_idle,0.71160768
0.0,47.064,47.064,core 3 cpu_idle,0.71160768
0.0,47.064,47.064,core 4 cpu_idle,0.71160768
0.0,47.064,47.064,core 5 cpu_idle,0.71160768
