Start Time (Seconds),End Time (Seconds),Duration (Seconds),Component,Energy Consumption (Joule)
0,35.646,35.646,screen medium,19.55682144
0,12.265,12.265,wifi running,0.167431968
12.265,12.555,0.29,wifi scan,0.06527088
12.555,35.646,23.091,wifi running,0.3152198592
0,35.646,35.646,phone_scanning,18.8915815296
0.0,46.989,46.989,core 0 cpu_idle,0.71047368
0.0,21611.437201,21611.437201,core 1 cpu_idle start,326.764930479
21611.437201,46.989,-21564.448201,core 1 cpu_idle,-326.054456799
0.0,46.989,46.989,core 2 cpu_idle,0.71047368
0.0,46.989,46.989,core 3 cpu_idle,0.71047368
0.0,46.989,46.989,core 4 cpu_idle,0.71047368
0.0,46.989,46.989,core 5 cpu_idle,0.71047368
