Start Time (Seconds),End Time (Seconds),Duration (Seconds),Component,Energy Consumption (Joule)
0,35.657,35.657,screen medium,19.56285648
0,35.657,35.657,wifi running,0.4867608384
0,35.657,35.657,phone_scanning,18.8974112832
0.0,47.047,47.047,core 0 cpu_idle,0.71135064
0.0,21611.538779,21611.538779,core 1 cpu_idle start,326.766466338
21611.538779,47.047,-21564.491779,core 1 cpu_idle,-326.055115698
0.0,47.047,47.047,core 2 cpu_idle,0.71135064
0.0,47.047,47.047,core 3 cpu_idle,0.71135064
0.0,47.047,47.047,core 4 cpu_idle,0.71135064
0.0,47.047,47.047,core 5 cpu_idle,0.71135064
