Start Time (Seconds),End Time (Seconds),Duration (Seconds),Component,Energy Consumption (Joule)
0,35.594,35.594,screen medium,19.52829216
0,35.594,35.594,wifi running,0.4859008128
0,35.594,35.594,phone_scanning,18.8640226944
0.0,46.115,46.115,core 0 cpu_idle,0.6972588
0.0,46.115,46.115,core 1 cpu_idle,0.6972588
0.0,46.115,46.115,core 2 cpu_idle,0.6972588
0.0,46.115,46.115,core 3 cpu_idle,0.6972588
0.0,46.115,46.115,core 4 cpu_idle,0.6972588
0.0,21611.462988,21611.462988,core 5 cpu_idle start,326.765320379
21611.462988,46.115,-21565.347988,core 5 cpu_idle,-326.068061579
