Start Time (Seconds),End Time (Seconds),Duration (Seconds),Component,Energy Consumption (Joule)
0,35.646,35.646,screen medium,19.529659188
0,35.646,35.646,wifi running,0.48593482704
0,35.646,35.646,phone_scanning,18.8653432219
0.0,46.135,46.135,core 0 cpu_idle,0.696592365
0.0,46.135,46.135,core 1 cpu_idle,0.696592365
0.0,46.135,46.135,core 2 cpu_idle,0.696592365
0.0,46.135,46.135,core 3 cpu_idle,0.696592365
0.0,46.135,46.135,core 4 cpu_idle,0.696592365
0.0,21611.48284,21611.48284,core 5 cpu_idle start,326.311779401
21611.48284,46.135,-21565.34784,core 5 cpu_idle,-325.615187036
