Start Time (Seconds),End Time (Seconds),Duration (Seconds),Component,Energy Consumption (Joule)
0,35.622,35.622,screen medium,19.516510116
0,26.047,26.047,wifi radio,6.97685200422
26.047,28.226,2.179,wifi running,0.02970465096
28.226,35.622,7.396,wifi radio,1.98106489896
0,35.622,35.622,phone_scanning,18.8526414254
0.0,21611.660688,21611.660688,core 0 cpu_idle start,326.314464728
21611.660688,46.127,-21565.533688,core 0 cpu_idle,-325.617993155
0.0,46.127,46.127,core 1 cpu_idle,0.696471573
0.0,46.127,46.127,core 2 cpu_idle,0.696471573
0.0,46.127,46.127,core 3 cpu_idle,0.696471573
0.0,46.127,46.127,core 4 cpu_idle,0.696471573
0.0,46.127,46.127,core 5 cpu_idle,0.696471573
