Start Time (Seconds),End Time (Seconds),Duration (Seconds),Component,Energy Consumption (Joule)
0,35.634,35.634,screen medium,19.523084652
0,35.634,35.634,wifi running,0.48577124016
0,35.634,35.634,phone_scanning,18.8589923237
0.0,46.087,46.087,core 0 cpu_idle,0.695867613
0.0,21611.48486,21611.48486,core 1 cpu_idle start,326.311809901
21611.48486,46.087,-21565.39786,core 1 cpu_idle,-325.615942288
0.0,46.087,46.087,core 2 cpu_idle,0.695867613
0.0,46.087,46.087,core 3 cpu_idle,0.695867613
0.0,46.087,46.087,core 4 cpu_idle,0.695867613
0.0,46.087,46.087,core 5 cpu_idle,0.695867613
