Start Time (Seconds),End Time (Seconds),Duration (Seconds),Component,Energy Consumption (Joule)
0,35.637,35.637,screen medium,19.524728286
0,35.637,35.637,wifi running,0.48581213688
0,35.637,35.637,phone_scanning,18.8605800482
0.0,46.126,46.126,core 0 cpu_idle,0.696456474001
0.0,21611.422668,21611.422668,core 1 cpu_idle start,326.310870864
21611.422668,46.126,-21565.296668,core 1 cpu_idle,-325.61441439
0.0,46.126,46.126,core 2 cpu_idle,0.696456474001
0.0,46.126,46.126,core 3 cpu_idle,0.696456474001
0.0,46.126,46.126,core 4 cpu_idle,0.696456474001
0.0,46.126,46.126,core 5 cpu_idle,0.696456474001
