Start Time (Seconds),End Time (Seconds),Duration (Seconds),Component,Energy Consumption (Joule)
0,35.621,35.621,screen medium,19.515962238
0,15.152,15.152,wifi running,0.20655570048
15.152,15.425,0.273,wifi scan,0.0613593162
15.425,35.621,20.196,wifi running,0.27531671904
0,35.621,35.621,phone_scanning,18.8521121839
0.0,46.143,46.143,core 0 cpu_idle,0.696713157
0.0,46.143,46.143,core 1 cpu_idle,0.696713157
0.0,46.143,46.143,core 2 cpu_idle,0.696713157
0.0,46.143,46.143,core 3 cpu_idle,0.696713157
0.0,21611.586636,21611.586636,core 4 cpu_idle start,326.313346617
21611.586636,46.143,-21565.443636,core 4 cpu_idle,-325.61663346
0.0,46.143,46.143,core 5 cpu_idle,0.696713157
