Start Time (Seconds),End Time (Seconds),Duration (Seconds),Component,Energy Consumption (Joule)
0,35.578,35.578,screen medium,19.546624356
0,35.578,35.578,wifi running,0.48635695248
0,35.578,35.578,phone_scanning,18.881731307
0.0,21611.395777,21611.395777,core 0 cpu_idle start,327.21814346
21611.395777,47.08,-21564.315777,core 0 cpu_idle,-326.50530518
0.0,47.08,47.08,core 1 cpu_idle,0.71283828
0.0,47.08,47.08,core 2 cpu_idle,0.71283828
0.0,47.08,47.08,core 3 cpu_idle,0.71283828
0.0,47.08,47.08,core 4 cpu_idle,0.71283828
0.0,47.08,47.08,core 5 cpu_idle,0.71283828
