Start Time (Seconds),End Time (Seconds),Duration (Seconds),Component,Energy Consumption (Joule)
0,35.568,35.568,screen medium,19.541130336
0,35.568,35.568,wifi scan,8.0164794528
0,35.568,35.568,phone_scanning,18.8764241702
0.0,46.125,46.125,core 0 cpu_idle,0.698378625
0.0,21611.554484,21611.554484,core 1 cpu_idle start,327.220546442
21611.554484,46.125,-21565.429484,core 1 cpu_idle,-326.522167817
0.0,46.125,46.125,core 2 cpu_idle,0.698378625
0.0,46.125,46.125,core 3 cpu_idle,0.698378625
0.0,46.125,46.125,core 4 cpu_idle,0.698378625
0.0,46.125,46.125,core 5 cpu_idle,0.698378625
