Start Time (Seconds),End Time (Seconds),Duration (Seconds),Component,Energy Consumption (Joule)
0,35.565,35.565,screen medium,19.53948213
0,16.297,16.297,wifi running,0.22278259752
16.297,16.589,0.292,wifi scan,0.0658123032
16.589,35.565,18.976,wifi running,0.25940495616
0,35.565,35.565,phone_scanning,18.8748320292
0.0,21611.848526,21611.848526,core 0 cpu_idle start,327.224998532
21611.848526,47.156,-21564.692526,core 0 cpu_idle,-326.511009536
0.0,47.156,47.156,core 1 cpu_idle,0.713988996
0.0,47.156,47.156,core 2 cpu_idle,0.713988996
0.0,47.156,47.156,core 3 cpu_idle,0.713988996
0.0,47.156,47.156,core 4 cpu_idle,0.713988996
0.0,47.156,47.156,core 5 cpu_idle,0.713988996
