Start Time (Seconds),End Time (Seconds),Duration (Seconds),Component,Energy Consumption (Joule)
0,35.623,35.623,screen medium,19.571347446
0,35.623,35.623,wifi running,0.48697210968
0,35.623,35.623,phone_scanning,18.9056134226
0.0,47.109,47.109,core 0 cpu_idle,0.713277369
0.0,47.109,47.109,core 1 cpu_idle,0.713277369
0.0,47.109,47.109,core 2 cpu_idle,0.713277369
0.0,21611.466795,21611.466795,core 3 cpu_idle start,327.219218743
21611.466795,47.109,-21564.357795,core 3 cpu_idle,-326.505941374
0.0,47.109,47.109,core 4 cpu_idle,0.713277369
0.0,47.109,47.109,core 5 cpu_idle,0.713277369
