Start Time (Seconds),End Time (Seconds),Duration (Seconds),Component,Energy Consumption (Joule)
0,35.577,35.577,screen medium,19.537038396
0,22.615,22.615,wifi running,0.3090077416
22.615,28.047,5.432,wifi scan,1.2237231328
28.047,35.577,7.53,wifi running,0.1028887152
0,35.577,35.577,phone_scanning,18.8724714206
0.0,47.181,47.181,core 0 cpu_idle,0.714037254
0.0,47.181,47.181,core 1 cpu_idle,0.714037254
0.0,47.181,47.181,core 2 cpu_idle,0.714037254
0.0,47.181,47.181,core 3 cpu_idle,0.714037254
0.0,21611.640828,21611.640828,core 4 cpu_idle start,327.070572291
21611.640828,47.181,-21564.459828,core 4 cpu_idle,-326.356535037
0.0,47.181,47.181,core 5 cpu_idle,0.714037254
