Start Time (Seconds),End Time (Seconds),Duration (Seconds),Component,Energy Consumption (Joule)
0,35.603,35.603,screen medium,19.551316244
0,25.531,25.531,wifi running,0.34885149904
25.531,30.999,5.468,wifi scan,1.2318332272
30.999,35.603,4.604,wifi running,0.06290831936
0,35.603,35.603,phone_scanning,18.886263597
0.0,47.165,47.165,core 0 cpu_idle,0.71379511
0.0,21611.632815,21611.632815,core 1 cpu_idle start,327.070451022
21611.632815,47.165,-21564.467815,core 1 cpu_idle,-326.356655912
0.0,47.165,47.165,core 2 cpu_idle,0.71379511
0.0,47.165,47.165,core 3 cpu_idle,0.71379511
0.0,47.165,47.165,core 4 cpu_idle,0.71379511
0.0,47.165,47.165,core 5 cpu_idle,0.71379511
