Start Time (Seconds),End Time (Seconds),Duration (Seconds),Component,Energy Consumption (Joule)
0,35.56,35.56,screen medium,19.52770288
0,35.56,35.56,wifi running,0.4858861504
0,35.56,35.56,phone_scanning,18.8634534592
0.0,47.102,47.102,core 0 cpu_idle,0.712841668
0.0,47.102,47.102,core 1 cpu_idle,0.712841668
0.0,47.102,47.102,core 2 cpu_idle,0.712841668
0.0,21611.497454,21611.497454,core 3 cpu_idle start,327.068402469
21611.497454,47.102,-21564.395454,core 3 cpu_idle,-326.355560801
0.0,47.102,47.102,core 4 cpu_idle,0.712841668
0.0,47.102,47.102,core 5 cpu_idle,0.712841668
