Start Time (Seconds),End Time (Seconds),Duration (Seconds),Component,Energy Consumption (Joule)
0,35.652,35.652,screen medium,19.578224496
0,24.479,24.479,wifi radio,6.57205239964
24.479,24.565,0.086,wifi running,0.00117509024
24.565,26.719,2.154,wifi running,0.02943191136
26.719,32.143,5.424,wifi scan,1.2219208896
32.143,35.652,3.509,wifi running,0.04794641456
0,35.652,35.652,phone_scanning,18.9122565446
0.0,47.115,47.115,core 0 cpu_idle,0.71303841
0.0,47.115,47.115,core 1 cpu_idle,0.71303841
0.0,21611.333983,21611.333983,core 2 cpu_idle start,327.065928499
21611.333983,47.115,-21564.218983,core 2 cpu_idle,-326.352890089
0.0,47.115,47.115,core 3 cpu_idle,0.71303841
0.0,47.115,47.115,core 4 cpu_idle,0.71303841
0.0,47.115,47.115,core 5 cpu_idle,0.71303841
