Start Time (Seconds),End Time (Seconds),Duration (Seconds),Component,Energy Consumption (Joule)
0,35.567,35.567,screen medium,19.531546916
0,24.16,24.16,wifi running,0.3301183744
24.16,29.618,5.458,wifi scan,1.2295804232
29.618,35.567,5.949,wifi running,0.08128618416
0,35.567,35.567,phone_scanning,18.8671667374
0.0,46.055,46.055,core 0 cpu_idle,0.69699637
0.0,21611.35022,21611.35022,core 1 cpu_idle start,327.066174229
21611.35022,46.055,-21565.29522,core 1 cpu_idle,-326.369177859
0.0,46.055,46.055,core 2 cpu_idle,0.69699637
0.0,46.055,46.055,core 3 cpu_idle,0.69699637
0.0,46.055,46.055,core 4 cpu_idle,0.69699637
0.0,46.055,46.055,core 5 cpu_idle,0.69699637
