Start Time (Seconds),End Time (Seconds),Duration (Seconds),Component,Energy Consumption (Joule)
0,35.646,35.646,screen medium,19.679051574
0,35.646,35.646,wifi running,0.48965199192
0,35.646,35.646,phone_scanning,19.0096539142
0.0,21611.465187,21611.465187,core 0 cpu_idle start,328.807637088
21611.465187,47.141,-21564.324187,core 0 cpu_idle,-328.090410343
0.0,47.141,47.141,core 1 cpu_idle,0.7172267445
0.0,47.141,47.141,core 2 cpu_idle,0.7172267445
0.0,47.141,47.141,core 3 cpu_idle,0.7172267445
0.0,47.141,47.141,core 4 cpu_idle,0.7172267445
0.0,47.141,47.141,core 5 cpu_idle,0.7172267445
