Start Time (Seconds),End Time (Seconds),Duration (Seconds),Component,Energy Consumption (Joule)
0,35.634,35.634,screen medium,19.672426746
0,35.634,35.634,wifi running,0.48948715368
0,35.634,35.634,phone_scanning,19.0032544346
0.0,47.088,47.088,core 0 cpu_idle,0.716420376
0.0,47.088,47.088,core 1 cpu_idle,0.716420376
0.0,47.088,47.088,core 2 cpu_idle,0.716420376
0.0,21611.506815,21611.506815,core 3 cpu_idle start,328.808270437
21611.506815,47.088,-21564.418815,core 3 cpu_idle,-328.091850061
0.0,47.088,47.088,core 4 cpu_idle,0.716420376
0.0,47.088,47.088,core 5 cpu_idle,0.716420376
