Start Time (Seconds),End Time (Seconds),Duration (Seconds),Component,Energy Consumption (Joule)
0,35.598,35.598,screen medium,19.652552262
0,31.947,31.947,wifi radio,8.62266238281
31.947,33.008,1.061,wifi running,0.01457444772
33.008,35.598,2.59,wifi radio,0.6990545457
0,35.598,35.598,phone_scanning,18.9840559961
0.0,21611.635208,21611.635208,core 0 cpu_idle start,328.810223872
21611.635208,47.116,-21564.519208,core 0 cpu_idle,-328.09337749
0.0,47.116,47.116,core 1 cpu_idle,0.716846382
0.0,47.116,47.116,core 2 cpu_idle,0.716846382
0.0,47.116,47.116,core 3 cpu_idle,0.716846382
0.0,47.116,47.116,core 4 cpu_idle,0.716846382
0.0,47.116,47.116,core 5 cpu_idle,0.716846382
