Start Time (Seconds),End Time (Seconds),Duration (Seconds),Component,Energy Consumption (Joule)
0,35.621,35.621,screen medium,19.665249849
0,26.62,26.62,wifi radio,7.1848772226
26.62,32.935,6.315,wifi running,0.0867461238
32.935,35.621,2.686,wifi radio,0.72496544778
0,35.621,35.621,phone_scanning,18.9963216652
0.0,21611.447908,21611.447908,core 0 cpu_idle start,328.807374196
21611.447908,47.082,-21564.365908,core 0 cpu_idle,-328.091045107
0.0,47.082,47.082,core 1 cpu_idle,0.716329089
0.0,47.082,47.082,core 2 cpu_idle,0.716329089
0.0,47.082,47.082,core 3 cpu_idle,0.716329089
0.0,47.082,47.082,core 4 cpu_idle,0.716329089
0.0,47.082,47.082,core 5 cpu_idle,0.716329089
