Start Time (Seconds),End Time (Seconds),Duration (Seconds),Component,Energy Consumption (Joule)
0,35.615,35.615,screen medium,19.50362876
0,31.968,31.968,wifi radio,8.55885913344
31.968,32.469,0.501,wifi running,0.00682658592
32.469,35.615,3.146,wifi radio,0.84228512368
0,35.615,35.615,phone_scanning,18.8401982384
0.0,47.126,47.126,core 0 cpu_idle,0.711225592
0.0,21611.475469,21611.475469,core 1 cpu_idle start,326.160387778
21611.475469,47.126,-21564.349469,core 1 cpu_idle,-325.449162186
0.0,47.126,47.126,core 2 cpu_idle,0.711225592
0.0,47.126,47.126,core 3 cpu_idle,0.711225592
0.0,47.126,47.126,core 4 cpu_idle,0.711225592
0.0,47.126,47.126,core 5 cpu_idle,0.711225592
