Start Time (Seconds),End Time (Seconds),Duration (Seconds),Component,Energy Consumption (Joule)
0,35.654,35.654,screen medium,19.524986096
0,20.838,20.838,wifi running,0.28393692096
20.838,26.257,5.419,wifi scan,1.2174065288
26.257,35.654,9.397,wifi running,0.12804277024
0,35.654,35.654,phone_scanning,18.8608290886
0.0,47.118,47.118,core 0 cpu_idle,0.711104856
0.0,47.118,47.118,core 1 cpu_idle,0.711104856
0.0,21611.726909,21611.726909,core 2 cpu_idle start,326.164182511
21611.726909,47.118,-21564.608909,core 2 cpu_idle,-325.453077655
0.0,47.118,47.118,core 3 cpu_idle,0.711104856
0.0,47.118,47.118,core 4 cpu_idle,0.711104856
0.0,47.118,47.118,core 5 cpu_idle,0.711104856
