Start Time (Seconds),End Time (Seconds),Duration (Seconds),Component,Energy Consumption (Joule)
0,35.579,35.579,screen medium,19.483914296
0,21.916,21.916,wifi running,0.29862566272
21.916,27.394,5.478,wifi scan,1.2306611856
27.394,35.579,8.185,wifi running,0.1115281552
0,35.579,35.579,phone_scanning,18.8211543766
0.0,47.05,47.05,core 0 cpu_idle,0.7100786
0.0,47.05,47.05,core 1 cpu_idle,0.7100786
0.0,47.05,47.05,core 2 cpu_idle,0.7100786
0.0,47.05,47.05,core 3 cpu_idle,0.7100786
0.0,47.05,47.05,core 4 cpu_idle,0.7100786
0.0,21611.315089,21611.315089,core 5 cpu_idle start,326.157967323
21611.315089,47.05,-21564.265089,core 5 cpu_idle,-325.447888723
