Start Time (Seconds),End Time (Seconds),Duration (Seconds),Component,Energy Consumption (Joule)
0,35.621,35.621,screen medium,19.506914504
0,24.631,24.631,wifi radio,6.59450886248
24.631,28.992,4.361,wifi running,0.05942263712
28.992,35.621,6.629,wifi radio,1.77479595832
0,35.621,35.621,phone_scanning,18.8433722154
0.0,47.084,47.084,core 0 cpu_idle,0.710591728
0.0,47.084,47.084,core 1 cpu_idle,0.710591728
0.0,47.084,47.084,core 2 cpu_idle,0.710591728
0.0,47.084,47.084,core 3 cpu_idle,0.710591728
0.0,47.084,47.084,core 4 cpu_idle,0.710591728
0.0,21611.423192,21611.423192,core 5 cpu_idle start,326.159598814
21611.423192,47.084,-21564.339192,core 5 cpu_idle,-325.449007086
