Start Time (Seconds),End Time (Seconds),Duration (Seconds),Component,Energy Consumption (Joule)
0,35.629,35.629,screen medium,19.511295496
0,35.629,35.629,wifi running,0.48547790368
0,35.629,35.629,phone_scanning,18.8476041846
0.0,46.105,46.105,core 0 cpu_idle,0.69581666
0.0,21611.40664,21611.40664,core 1 cpu_idle start,326.159349011
21611.40664,46.105,-21565.30164,core 1 cpu_idle,-325.463532351
0.0,46.105,46.105,core 2 cpu_idle,0.69581666
0.0,46.105,46.105,core 3 cpu_idle,0.69581666
0.0,46.105,46.105,core 4 cpu_idle,0.69581666
0.0,46.105,46.105,core 5 cpu_idle,0.69581666
