Start Time (Seconds),End Time (Seconds),Duration (Seconds),Component,Energy Consumption (Joule)
0,35.587,35.587,screen medium,19.542529876
0,24.03,24.03,wifi running,0.3283420752
24.03,29.538,5.508,wifi scan,1.2408444432
29.538,35.587,6.049,wifi running,0.08265256816
0,35.587,35.587,phone_scanning,18.8777761038
0.0,46.152,46.152,core 0 cpu_idle,0.698464368
0.0,46.152,46.152,core 1 cpu_idle,0.698464368
0.0,46.152,46.152,core 2 cpu_idle,0.698464368
0.0,46.152,46.152,core 3 cpu_idle,0.698464368
0.0,21611.563855,21611.563855,core 4 cpu_idle start,327.069407382
21611.563855,46.152,-21565.411855,core 4 cpu_idle,-326.370943014
0.0,46.152,46.152,core 5 cpu_idle,0.698464368
