Start Time (Seconds),End Time (Seconds),Duration (Seconds),Component,Energy Consumption (Joule)
0,35.601,35.601,screen medium,19.550217948
0,25.6,25.6,wifi radio,6.873015296
25.6,31.655,6.055,wifi running,0.0827345512
31.655,35.601,3.946,wifi radio,1.05941087336
0,35.601,35.601,phone_scanning,18.8852026603
0.0,21611.431204,21611.431204,core 0 cpu_idle start,327.067399841
21611.431204,46.118,-21565.313204,core 0 cpu_idle,-326.369450029
0.0,46.118,46.118,core 1 cpu_idle,0.697949812
0.0,46.118,46.118,core 2 cpu_idle,0.697949812
0.0,46.118,46.118,core 3 cpu_idle,0.697949812
0.0,46.118,46.118,core 4 cpu_idle,0.697949812
0.0,46.118,46.118,core 5 cpu_idle,0.697949812
