Start Time (Seconds),End Time (Seconds),Duration (Seconds),Component,Energy Consumption (Joule)
0,35.6,35.6,screen medium,19.5496688
0,22.822,22.822,wifi running,0.31183615648
22.822,28.363,5.541,wifi scan,1.2482786964
28.363,35.6,7.237,wifi running,0.09888521008
0,35.6,35.6,phone_scanning,18.884672192
0.0,47.129,47.129,core 0 cpu_idle,0.713250286
0.0,21611.437858,21611.437858,core 1 cpu_idle start,327.067500543
21611.437858,47.129,-21564.308858,core 1 cpu_idle,-326.354250257
0.0,47.129,47.129,core 2 cpu_idle,0.713250286
0.0,47.129,47.129,core 3 cpu_idle,0.713250286
0.0,47.129,47.129,core 4 cpu_idle,0.713250286
0.0,47.129,47.129,core 5 cpu_idle,0.713250286
