Start Time (Seconds),End Time (Seconds),Duration (Seconds),Component,Energy Consumption (Joule)
0,35.587,35.587,screen medium,19.542529876
0,21.438,21.438,wifi running,0.29292540192
21.438,26.835,5.397,wifi scan,1.2158383188
26.835,35.587,8.752,wifi running,0.11958592768
0,35.587,35.587,phone_scanning,18.8777761038
0.0,47.104,47.104,core 0 cpu_idle,0.712871936
0.0,21611.443845,21611.443845,core 1 cpu_idle start,327.06759115
21611.443845,47.104,-21564.339845,core 1 cpu_idle,-326.354719214
0.0,47.104,47.104,core 2 cpu_idle,0.712871936
0.0,47.104,47.104,core 3 cpu_idle,0.712871936
0.0,47.104,47.104,core 4 cpu_idle,0.712871936
0.0,47.104,47.104,core 5 cpu_idle,0.712871936
