Start Time (Seconds),End Time (Seconds),Duration (Seconds),Component,Energy Consumption (Joule)
0,35.63,35.63,screen medium,19.56161823
0,31.11,31.11,wifi radio,8.3503928277
31.11,34.353,3.243,wifi running,0.04430158524
34.353,35.63,1.277,wifi radio,0.34276604439
0,35.63,35.63,phone_scanning,18.8962151532
0.0,21611.703844,21611.703844,core 0 cpu_idle start,326.995885012
21611.703844,47.106,-21564.597844,core 0 cpu_idle,-326.283147679
0.0,47.106,47.106,core 1 cpu_idle,0.712737333
0.0,47.106,47.106,core 2 cpu_idle,0.712737333
0.0,47.106,47.106,core 3 cpu_idle,0.712737333
0.0,47.106,47.106,core 4 cpu_idle,0.712737333
0.0,47.106,47.106,core 5 cpu_idle,0.712737333
