Start Time (Seconds),End Time (Seconds),Duration (Seconds),Component,Energy Consumption (Joule)
0,35.569,35.569,screen medium,19.528127949
0,23.317,23.317,wifi running,0.31852607556
23.317,28.732,5.415,wifi scan,1.2196112445
28.732,35.569,6.837,wifi running,0.09339806916
0,35.569,35.569,phone_scanning,18.8638640692
0.0,46.119,46.119,core 0 cpu_idle,0.6978035295
0.0,21611.394834,21611.394834,core 1 cpu_idle start,326.991209536
21611.394834,46.119,-21565.275834,core 1 cpu_idle,-326.293406006
0.0,46.119,46.119,core 2 cpu_idle,0.6978035295
0.0,46.119,46.119,core 3 cpu_idle,0.6978035295
0.0,46.119,46.119,core 4 cpu_idle,0.6978035295
0.0,46.119,46.119,core 5 cpu_idle,0.6978035295
