Start Time (Seconds),End Time (Seconds),Duration (Seconds),Component,Energy Consumption (Joule)
0,35.632,35.632,screen medium,19.562716272
0,24.388,24.388,wifi running,0.33315666384
24.388,29.945,5.557,wifi scan,1.2515936631
29.945,35.632,5.687,wifi running,0.07768828716
0,35.632,35.632,phone_scanning,18.8972758445
0.0,21611.733968,21611.733968,core 0 cpu_idle start,326.996340803
21611.733968,47.118,-21564.615968,core 0 cpu_idle,-326.283421904
0.0,47.118,47.118,core 1 cpu_idle,0.712918899
0.0,47.118,47.118,core 2 cpu_idle,0.712918899
0.0,47.118,47.118,core 3 cpu_idle,0.712918899
0.0,47.118,47.118,core 4 cpu_idle,0.712918899
0.0,47.118,47.118,core 5 cpu_idle,0.712918899
