Start Time (Seconds),End Time (Seconds),Duration (Seconds),Component,Energy Consumption (Joule)
0,35.712,35.712,screen medium,19.606637952
0,24.052,24.052,wifi running,0.32856667536
24.052,29.507,5.455,wifi scan,1.2286203765
29.507,35.712,6.205,wifi running,0.0847645194
0,35.712,35.712,phone_scanning,18.9397034957
0.0,21611.300842,21611.300842,core 0 cpu_idle start,326.98978739
21611.300842,47.075,-21564.225842,core 0 cpu_idle,-326.277519102
0.0,47.075,47.075,core 1 cpu_idle,0.7122682875
0.0,47.075,47.075,core 2 cpu_idle,0.7122682875
0.0,47.075,47.075,core 3 cpu_idle,0.7122682875
0.0,47.075,47.075,core 4 cpu_idle,0.7122682875
0.0,47.075,47.075,core 5 cpu_idle,0.7122682875
