Start Time (Seconds),End Time (Seconds),Duration (Seconds),Component,Energy Consumption (Joule)
0,35.65,35.65,screen medium,19.57259865
0,22.507,22.507,wifi running,0.30746092476
22.507,27.933,5.426,wifi scan,1.2220887558
27.933,35.65,7.717,wifi running,0.10541946756
0,35.65,35.65,phone_scanning,18.906822066
0.0,47.183,47.183,core 0 cpu_idle,0.7139023815
0.0,47.183,47.183,core 1 cpu_idle,0.7139023815
0.0,21611.538985,21611.538985,core 2 cpu_idle start,326.993390613
21611.538985,47.183,-21564.355985,core 2 cpu_idle,-326.279488231
0.0,47.183,47.183,core 3 cpu_idle,0.7139023815
0.0,47.183,47.183,core 4 cpu_idle,0.7139023815
0.0,47.183,47.183,core 5 cpu_idle,0.7139023815
