Start Time (Seconds),End Time (Seconds),Duration (Seconds),Component,Energy Consumption (Joule)
0,35.618,35.618,screen medium,19.500748146
0,20.277,20.277,wifi running,0.27622870452
20.277,25.619,5.342,wifi scan,1.1998297602
25.619,35.618,9.999,wifi running,0.13621397724
0,35.618,35.618,phone_scanning,18.8374156106
0.0,47.094,47.094,core 0 cpu_idle,0.710577819
0.0,21611.728851,21611.728851,core 1 cpu_idle start,326.088570768
21611.728851,47.094,-21564.634851,core 1 cpu_idle,-325.377992949
0.0,47.094,47.094,core 2 cpu_idle,0.710577819
0.0,47.094,47.094,core 3 cpu_idle,0.710577819
0.0,47.094,47.094,core 4 cpu_idle,0.710577819
0.0,47.094,47.094,core 5 cpu_idle,0.710577819
