Start Time (Seconds),End Time (Seconds),Duration (Seconds),Component,Energy Consumption (Joule)
0,35.618,35.618,screen medium,19.500748146
0,20.437,20.437,wifi running,0.27840834612
20.437,25.755,5.318,wifi scan,1.1944392858
25.755,35.618,9.863,wifi running,0.13436128188
0,35.618,35.618,phone_scanning,18.8374156106
0.0,21611.505784,21611.505784,core 0 cpu_idle start,326.085205022
21611.505784,47.145,-21564.360784,core 0 cpu_idle,-325.373857689
0.0,47.145,47.145,core 1 cpu_idle,0.7113473325
0.0,47.145,47.145,core 2 cpu_idle,0.7113473325
0.0,47.145,47.145,core 3 cpu_idle,0.7113473325
0.0,47.145,47.145,core 4 cpu_idle,0.7113473325
0.0,47.145,47.145,core 5 cpu_idle,0.7113473325
