Start Time (Seconds),End Time (Seconds),Duration (Seconds),Component,Energy Consumption (Joule)
0,35.635,35.635,screen medium,19.510055595
0,35.635,35.635,wifi running,0.4854470526
0,35.635,35.635,phone_scanning,18.8464064598
0.0,21611.502033,21611.502033,core 0 cpu_idle start,326.085148425
21611.502033,47.124,-21564.378033,core 0 cpu_idle,-325.374117951
0.0,47.124,47.124,core 1 cpu_idle,0.711030473999
0.0,47.124,47.124,core 2 cpu_idle,0.711030473999
0.0,47.124,47.124,core 3 cpu_idle,0.711030473999
0.0,47.124,47.124,core 4 cpu_idle,0.711030473999
0.0,47.124,47.124,core 5 cpu_idle,0.711030473999
