Start Time (Seconds),End Time (Seconds),Duration (Seconds),Component,Energy Consumption (Joule)
0,35.627,35.627,screen medium,19.505675619
0,21.99,21.99,wifi running,0.2995644924
21.99,27.488,5.498,wifi scan,1.2348678438
27.488,35.627,8.139,wifi running,0.11087564364
0,35.627,35.627,phone_scanning,18.842175472
0.0,47.087,47.087,core 0 cpu_idle,0.7104721995
0.0,47.087,47.087,core 1 cpu_idle,0.7104721995
0.0,47.087,47.087,core 2 cpu_idle,0.7104721995
0.0,21611.669848,21611.669848,core 3 cpu_idle start,326.087680502
21611.669848,47.087,-21564.582848,core 3 cpu_idle,-325.377208302
0.0,47.087,47.087,core 4 cpu_idle,0.7104721995
0.0,47.087,47.087,core 5 cpu_idle,0.7104721995
