Start Time (Seconds),End Time (Seconds),Duration (Seconds),Component,Energy Consumption (Joule)
0,35.617,35.617,screen medium,19.500200649
0,23.388,23.388,wifi running,0.31860911088
23.388,28.826,5.438,wifi scan,1.2213916578
28.826,35.617,6.791,wifi running,0.09251216316
0,35.617,35.617,phone_scanning,18.8368867372
0.0,47.142,47.142,core 0 cpu_idle,0.711302067
0.0,47.142,47.142,core 1 cpu_idle,0.711302067
0.0,47.142,47.142,core 2 cpu_idle,0.711302067
0.0,47.142,47.142,core 3 cpu_idle,0.711302067
0.0,21611.944336,21611.944336,core 4 cpu_idle start,326.091822114
21611.944336,47.142,-21564.802336,core 4 cpu_idle,-325.380520047
0.0,47.142,47.142,core 5 cpu_idle,0.711302067
