Start Time (Seconds),End Time (Seconds),Duration (Seconds),Component,Energy Consumption (Joule)
0,35.629,35.629,screen medium,19.488671081
0,22.49,22.49,wifi running,0.3060915988
22.49,27.934,5.444,wifi scan,1.2216047468
27.934,35.629,7.695,wifi running,0.1047298734
0,35.629,35.629,phone_scanning,18.825749356
0.0,47.15,47.15,core 0 cpu_idle,0.710762675
0.0,47.15,47.15,core 1 cpu_idle,0.710762675
0.0,21611.576598,21611.576598,core 2 cpu_idle start,325.783711427
21611.576598,47.15,-21564.426598,core 2 cpu_idle,-325.072948752
0.0,47.15,47.15,core 3 cpu_idle,0.710762675
0.0,47.15,47.15,core 4 cpu_idle,0.710762675
0.0,47.15,47.15,core 5 cpu_idle,0.710762675
