Start Time (Seconds),End Time (Seconds),Duration (Seconds),Component,Energy Consumption (Joule)
0,35.592,35.592,screen medium,19.468432488
0,20.979,20.979,wifi running,0.28552670748
20.979,26.473,5.494,wifi scan,1.2328244818
26.473,35.592,9.119,wifi running,0.12411068428
0,35.592,35.592,phone_scanning,18.8061991939
0.0,21611.864108,21611.864108,core 0 cpu_idle start,325.788045496
21611.864108,47.153,-21564.711108,core 0 cpu_idle,-325.077237598
0.0,47.153,47.153,core 1 cpu_idle,0.7108078985
0.0,47.153,47.153,core 2 cpu_idle,0.7108078985
0.0,47.153,47.153,core 3 cpu_idle,0.7108078985
0.0,47.153,47.153,core 4 cpu_idle,0.7108078985
0.0,47.153,47.153,core 5 cpu_idle,0.7108078985
