Start Time (Seconds),End Time (Seconds),Duration (Seconds),Component,Energy Consumption (Joule)
0,35.59,35.59,screen medium,19.46733851
0,20.195,20.195,wifi running,0.2748563734
20.195,25.496,5.301,wifi scan,1.1895163047
25.496,35.59,10.094,wifi running,0.13738055128
0,35.59,35.59,phone_scanning,18.8051424284
0.0,47.114,47.114,core 0 cpu_idle,0.710219993
0.0,47.114,47.114,core 1 cpu_idle,0.710219993
0.0,47.114,47.114,core 2 cpu_idle,0.710219993
0.0,47.114,47.114,core 3 cpu_idle,0.710219993
0.0,47.114,47.114,core 4 cpu_idle,0.710219993
0.0,21611.566293,21611.566293,core 5 cpu_idle start,325.783556084
21611.566293,47.114,-21564.452293,core 5 cpu_idle,-325.073336091
