device,subject,run_id,energy_consumed,load_time
nexus5x,http1042018080wwwtheguardiancomwwwtheguardiancom3internationalhtml,1,63.155736,552.0
nexus5x,http1042018080wwwtheguardiancomwwwtheguardiancom3internationalhtml,2,77.933556,705.0
nexus5x,http1042018080wwwtheguardiancomwwwtheguardiancom3internationalhtml,3,77.778,548.0
nexus5x,http1042018080wwwtheguardiancomwwwtheguardiancom3internationalhtml,4,78.55578,546.0
nexus5x,http1042018080wwwtheguardiancomwwwtheguardiancom3internationalhtml,5,76.22244,539.0
