Start Time (Seconds),End Time (Seconds),Duration (Seconds),Component,Energy Consumption (Joule)
0,35.618,35.618,screen medium,19.545983006
0,35.618,35.618,wifi running,0.48634099448
0,35.618,35.618,phone_scanning,18.881111773
0.0,47.159,47.159,core 0 cpu_idle,0.7132091365
0.0,47.159,47.159,core 1 cpu_idle,0.7132091365
0.0,21611.741403,21611.741403,core 2 cpu_idle start,326.845171108
21611.741403,47.159,-21564.582403,core 2 cpu_idle,-326.131961972
0.0,47.159,47.159,core 3 cpu_idle,0.7132091365
0.0,47.159,47.159,core 4 cpu_idle,0.7132091365
0.0,47.159,47.159,core 5 cpu_idle,0.7132091365
