Start Time (Seconds),End Time (Seconds),Duration (Seconds),Component,Energy Consumption (Joule)
0,35.626,35.626,screen medium,19.550373142
0,35.626,35.626,wifi running,0.48645022936
0,35.626,35.626,phone_scanning,18.8853525753
0.0,47.097,47.097,core 0 cpu_idle,0.7122714795
0.0,47.097,47.097,core 1 cpu_idle,0.7122714795
0.0,47.097,47.097,core 2 cpu_idle,0.7122714795
0.0,47.097,47.097,core 3 cpu_idle,0.7122714795
0.0,21611.548069,21611.548069,core 4 cpu_idle start,326.842247222
21611.548069,47.097,-21564.451069,core 4 cpu_idle,-326.129975742
0.0,47.097,47.097,core 5 cpu_idle,0.7122714795
