Start Time (Seconds),End Time (Seconds),Duration (Seconds),Component,Energy Consumption (Joule)
0,35.599,35.599,screen medium,19.535556433
0,35.599,35.599,wifi running,0.48608156164
0,35.599,35.599,phone_scanning,18.8710398677
0.0,47.063,47.063,core 0 cpu_idle,0.7117572805
0.0,47.063,47.063,core 1 cpu_idle,0.7117572805
0.0,47.063,47.063,core 2 cpu_idle,0.7117572805
0.0,21611.462029,21611.462029,core 3 cpu_idle start,326.840945996
21611.462029,47.063,-21564.399029,core 3 cpu_idle,-326.129188715
0.0,47.063,47.063,core 4 cpu_idle,0.7117572805
0.0,47.063,47.063,core 5 cpu_idle,0.7117572805
