Start Time (Seconds),End Time (Seconds),Duration (Seconds),Component,Energy Consumption (Joule)
0,35.604,35.604,screen medium,19.538300268
0,31.615,31.615,wifi radio,8.48201648735
31.615,31.747,0.132,wifi running,0.00180237552
31.747,33.645,1.898,wifi running,0.02591597528
33.645,35.604,1.959,wifi scan,0.4410181119
0,35.604,35.604,phone_scanning,18.8736903691
0.0,47.134,47.134,core 0 cpu_idle,0.712831048999
0.0,47.134,47.134,core 1 cpu_idle,0.712831048999
0.0,21611.402916,21611.402916,core 2 cpu_idle start,326.840052
21611.402916,47.134,-21564.268916,core 2 cpu_idle,-326.127220951
0.0,47.134,47.134,core 3 cpu_idle,0.712831048999
0.0,47.134,47.134,core 4 cpu_idle,0.712831048999
0.0,47.134,47.134,core 5 cpu_idle,0.712831048999
