Start Time (Seconds),End Time (Seconds),Duration (Seconds),Component,Energy Consumption (Joule)
0,35.575,35.575,screen medium,19.639854675
0,21.904,21.904,wifi running,0.30088473408
21.904,27.302,5.398,wifi scan,1.2225320226
27.302,35.575,8.273,wifi running,0.11364222996
0,35.575,35.575,phone_scanning,18.971790327
0.0,46.098,46.098,core 0 cpu_idle,0.701358021
0.0,46.098,46.098,core 1 cpu_idle,0.701358021
0.0,46.098,46.098,core 2 cpu_idle,0.701358021
0.0,46.098,46.098,core 3 cpu_idle,0.701358021
0.0,21611.478925,21611.478925,core 4 cpu_idle start,328.807846104
21611.478925,46.098,-21565.380925,core 4 cpu_idle,-328.106488083
0.0,46.098,46.098,core 5 cpu_idle,0.701358021
