Start Time (Seconds),End Time (Seconds),Duration (Seconds),Component,Energy Consumption (Joule)
0,35.617,35.617,screen medium,19.663041573
0,23.493,23.493,wifi running,0.32271206436
23.493,28.962,5.469,wifi scan,1.2386120103
28.962,35.617,6.655,wifi running,0.0914165406
0,35.617,35.617,phone_scanning,18.9941885053
0.0,21612.013348,21612.013348,core 0 cpu_idle start,328.815977083
21612.013348,46.146,-21565.867348,core 0 cpu_idle,-328.113888766
0.0,46.146,46.146,core 1 cpu_idle,0.702088317
0.0,46.146,46.146,core 2 cpu_idle,0.702088317
0.0,46.146,46.146,core 3 cpu_idle,0.702088317
0.0,46.146,46.146,core 4 cpu_idle,0.702088317
0.0,46.146,46.146,core 5 cpu_idle,0.702088317
