Start Time (Seconds),End Time (Seconds),Duration (Seconds),Component,Energy Consumption (Joule)
0,35.639,35.639,screen medium,19.675187091
0,24.753,24.753,wifi running,0.34002007956
24.753,30.275,5.522,wifi scan,1.2506153814
30.275,35.639,5.364,wifi running,0.07368269328
0,35.639,35.639,phone_scanning,19.0059208844
0.0,46.069,46.069,core 0 cpu_idle,0.7009168005
0.0,46.069,46.069,core 1 cpu_idle,0.7009168005
0.0,21611.485698,21611.485698,core 2 cpu_idle start,328.807949152
21611.485698,46.069,-21565.416698,core 2 cpu_idle,-328.107032352
0.0,46.069,46.069,core 3 cpu_idle,0.7009168005
0.0,46.069,46.069,core 4 cpu_idle,0.7009168005
0.0,46.069,46.069,core 5 cpu_idle,0.7009168005
