Start Time (Seconds),End Time (Seconds),Duration (Seconds),Component,Energy Consumption (Joule)
0,35.607,35.607,screen medium,19.657520883
0,24.01,24.01,wifi running,0.3298138452
24.01,29.421,5.411,wifi scan,1.2254762457
29.421,35.607,6.186,wifi running,0.08497411272
0,35.607,35.607,phone_scanning,18.9888556057
0.0,46.136,46.136,core 0 cpu_idle,0.701936172
0.0,21611.455618,21611.455618,core 1 cpu_idle start,328.8074915
21611.455618,46.136,-21565.319618,core 1 cpu_idle,-328.105555328
0.0,46.136,46.136,core 2 cpu_idle,0.701936172
0.0,46.136,46.136,core 3 cpu_idle,0.701936172
0.0,46.136,46.136,core 4 cpu_idle,0.701936172
0.0,46.136,46.136,core 5 cpu_idle,0.701936172
