Start Time (Seconds),End Time (Seconds),Duration (Seconds),Component,Energy Consumption (Joule)
0,35.65,35.65,screen medium,19.68125985
0,35.65,35.65,wifi running,0.489706938
0,35.65,35.65,phone_scanning,19.011787074
0.0,21611.452656,21611.452656,core 0 cpu_idle start,328.807446435
21611.452656,47.116,-21564.336656,core 0 cpu_idle,-328.090600053
0.0,47.116,47.116,core 1 cpu_idle,0.716846382
0.0,47.116,47.116,core 2 cpu_idle,0.716846382
0.0,47.116,47.116,core 3 cpu_idle,0.716846382
0.0,47.116,47.116,core 4 cpu_idle,0.716846382
0.0,47.116,47.116,core 5 cpu_idle,0.716846382
