Start Time (Seconds),End Time (Seconds),Duration (Seconds),Component,Energy Consumption (Joule)
0,35.595,35.595,screen medium,19.51979967
0,20.032,20.032,wifi running,0.27333423616
20.032,25.461,5.429,wifi scan,1.2213501862
25.461,35.595,10.134,wifi running,0.13827721392
0,35.595,35.595,phone_scanning,18.8558190828
0.0,21611.654911,21611.654911,core 0 cpu_idle start,326.61694067
21611.654911,47.13,-21564.524911,core 0 cpu_idle,-325.90466498
0.0,47.13,47.13,core 1 cpu_idle,0.71227569
0.0,47.13,47.13,core 2 cpu_idle,0.71227569
0.0,47.13,47.13,core 3 cpu_idle,0.71227569
0.0,47.13,47.13,core 4 cpu_idle,0.71227569
0.0,47.13,47.13,core 5 cpu_idle,0.71227569
