Start Time (Seconds),End Time (Seconds),Duration (Seconds),Component,Energy Consumption (Joule)
0,35.647,35.647,screen medium,19.548315742
0,29.523,29.523,wifi radio,7.91525269626
29.523,29.978,0.455,wifi running,0.0062084204
29.978,35.647,5.669,wifi radio,1.51988509078
0,35.647,35.647,phone_scanning,18.8833651593
0.0,47.073,47.073,core 0 cpu_idle,0.711414249
0.0,21611.507938,21611.507938,core 1 cpu_idle start,326.614719467
21611.507938,47.073,-21564.434938,core 1 cpu_idle,-325.903305218
0.0,47.073,47.073,core 2 cpu_idle,0.711414249
0.0,47.073,47.073,core 3 cpu_idle,0.711414249
0.0,47.073,47.073,core 4 cpu_idle,0.711414249
0.0,47.073,47.073,core 5 cpu_idle,0.711414249
