Start Time (Seconds),End Time (Seconds),Duration (Seconds),Component,Energy Consumption (Joule)
0,35.583,35.583,screen medium,19.513219038
0,17.586,17.586,wifi running,0.23995885968
17.586,17.601,0.015,wifi scan,0.003374517
17.601,35.583,17.982,wifi running,0.24536223216
0,35.583,35.583,phone_scanning,18.8494622959
0.0,47.147,47.147,core 0 cpu_idle,0.712532611
0.0,21611.973494,21611.973494,core 1 cpu_idle start,326.621755415
21611.973494,47.147,-21564.826494,core 1 cpu_idle,-325.909222804
0.0,47.147,47.147,core 2 cpu_idle,0.712532611
0.0,47.147,47.147,core 3 cpu_idle,0.712532611
0.0,47.147,47.147,core 4 cpu_idle,0.712532611
0.0,47.147,47.147,core 5 cpu_idle,0.712532611
