Start Time (Seconds),End Time (Seconds),Duration (Seconds),Component,Energy Consumption (Joule)
0,35.615,35.615,screen medium,19.53076739
0,20.105,20.105,wifi running,0.2743303124
20.105,25.573,5.468,wifi scan,1.2301239304
25.573,35.615,10.042,wifi running,0.13702188496
0,35.615,35.615,phone_scanning,18.8664137276
0.0,46.151,46.151,core 0 cpu_idle,0.697480063
0.0,21611.436437,21611.436437,core 1 cpu_idle start,326.613638872
21611.436437,46.151,-21565.285437,core 1 cpu_idle,-325.916158809
0.0,46.151,46.151,core 2 cpu_idle,0.697480063
0.0,46.151,46.151,core 3 cpu_idle,0.697480063
0.0,46.151,46.151,core 4 cpu_idle,0.697480063
0.0,46.151,46.151,core 5 cpu_idle,0.697480063
