Start Time (Seconds),End Time (Seconds),Duration (Seconds),Component,Energy Consumption (Joule)
0,35.607,35.607,screen medium,19.526380302
0,18.817,18.817,wifi running,0.25675570696
18.817,24.133,5.316,wifi scan,1.1959288248
24.133,33.978,9.845,wifi radio,2.6394899839
33.978,34.523,0.545,wifi running,0.0074364596
34.523,35.607,1.084,wifi radio,0.29062540808
0,35.607,35.607,phone_scanning,18.8621758697
0.0,21611.344837,21611.344837,core 0 cpu_idle start,326.612254522
21611.344837,47.059,-21564.285837,core 0 cpu_idle,-325.901051855
0.0,47.059,47.059,core 1 cpu_idle,0.711202667
0.0,47.059,47.059,core 2 cpu_idle,0.711202667
0.0,47.059,47.059,core 3 cpu_idle,0.711202667
0.0,47.059,47.059,core 4 cpu_idle,0.711202667
0.0,47.059,47.059,core 5 cpu_idle,0.711202667
