Start Time (Seconds),End Time (Seconds),Duration (Seconds),Component,Energy Consumption (Joule)
0,35.676,35.676,screen medium,19.532502972
0,20.348,20.348,wifi running,0.27719592048
20.348,25.761,5.413,wifi scan,1.2157765803
25.761,35.676,9.915,wifi running,0.1350696654
0,35.676,35.676,phone_scanning,18.8680902725
0.0,47.08,47.08,core 0 cpu_idle,0.71036658
0.0,47.08,47.08,core 1 cpu_idle,0.71036658
0.0,21611.356861,21611.356861,core 2 cpu_idle start,326.082957997
21611.356861,47.08,-21564.276861,core 2 cpu_idle,-325.372591417
0.0,47.08,47.08,core 3 cpu_idle,0.71036658
0.0,47.08,47.08,core 4 cpu_idle,0.71036658
0.0,47.08,47.08,core 5 cpu_idle,0.71036658
