Start Time (Seconds),End Time (Seconds),Duration (Seconds),Component,Energy Consumption (Joule)
0,35.672,35.672,screen medium,19.530312984
0,21.365,21.365,wifi running,0.2910502674
21.365,26.785,5.42,wifi scan,1.217348802
26.785,35.672,8.887,wifi running,0.12106546812
0,35.672,35.672,phone_scanning,18.8659747786
0.0,47.115,47.115,core 0 cpu_idle,0.7108946775
0.0,47.115,47.115,core 1 cpu_idle,0.7108946775
0.0,47.115,47.115,core 2 cpu_idle,0.7108946775
0.0,47.115,47.115,core 3 cpu_idle,0.7108946775
0.0,21611.505076,21611.505076,core 4 cpu_idle start,326.085194339
21611.505076,47.115,-21564.390076,core 4 cpu_idle,-325.374299662
0.0,47.115,47.115,core 5 cpu_idle,0.7108946775
