Start Time (Seconds),End Time (Seconds),Duration (Seconds),Component,Energy Consumption (Joule)
0,35.59,35.59,screen medium,19.48541823
0,22.526,22.526,wifi running,0.30686629176
22.526,27.938,5.412,wifi scan,1.2155519772
27.938,35.59,7.652,wifi running,0.10424135952
0,35.59,35.59,phone_scanning,18.8226071532
0.0,47.106,47.106,core 0 cpu_idle,0.710758881
0.0,47.106,47.106,core 1 cpu_idle,0.710758881
0.0,21611.51883,21611.51883,core 2 cpu_idle start,326.085401866
21611.51883,47.106,-21564.41283,core 2 cpu_idle,-325.374642985
0.0,47.106,47.106,core 3 cpu_idle,0.710758881
0.0,47.106,47.106,core 4 cpu_idle,0.710758881
0.0,47.106,47.106,core 5 cpu_idle,0.710758881
