Start Time (Seconds),End Time (Seconds),Duration (Seconds),Component,Energy Consumption (Joule)
0,35.648,35.648,screen medium,19.517173056
0,23.898,23.898,wifi running,0.32555671848
23.898,29.274,5.376,wifi scan,1.2074662656
29.274,35.648,6.374,wifi running,0.08683147224
0,35.648,35.648,phone_scanning,18.853281815
0.0,47.094,47.094,core 0 cpu_idle,0.710577819001
0.0,21611.600801,21611.600801,core 1 cpu_idle start,326.086638686
21611.600801,47.094,-21564.506801,core 1 cpu_idle,-325.376060867
0.0,47.094,47.094,core 2 cpu_idle,0.710577819001
0.0,47.094,47.094,core 3 cpu_idle,0.710577819001
0.0,47.094,47.094,core 4 cpu_idle,0.710577819001
0.0,47.094,47.094,core 5 cpu_idle,0.710577819001
