Start Time (Seconds),End Time (Seconds),Duration (Seconds),Component,Energy Consumption (Joule)
0,35.62,35.62,screen medium,19.50184314
0,35.62,35.62,wifi running,0.4852427112
0,35.62,35.62,phone_scanning,18.8384733576
0.0,21611.387037,21611.387037,core 0 cpu_idle start,326.083413308
21611.387037,46.11,-21565.277037,core 0 cpu_idle,-325.387682573
0.0,46.11,46.11,core 1 cpu_idle,0.695730735
0.0,46.11,46.11,core 2 cpu_idle,0.695730735
0.0,46.11,46.11,core 3 cpu_idle,0.695730735
0.0,46.11,46.11,core 4 cpu_idle,0.695730735
0.0,46.11,46.11,core 5 cpu_idle,0.695730735
