Start Time (Seconds),End Time (Seconds),Duration (Seconds),Component,Energy Consumption (Joule)
0,35.607,35.607,screen medium,19.648476705
0,23.082,23.082,wifi running,0.3169204764
23.082,28.55,5.468,wifi scan,1.237815766
28.55,35.607,7.057,wifi running,0.0968940214
0,35.607,35.607,phone_scanning,18.9801190722
0.0,46.099,46.099,core 0 cpu_idle,0.7010505425
0.0,46.099,46.099,core 1 cpu_idle,0.7010505425
0.0,21611.726858,21611.726858,core 2 cpu_idle start,328.660336193
21611.726858,46.099,-21565.627858,core 2 cpu_idle,-327.959285651
0.0,46.099,46.099,core 3 cpu_idle,0.7010505425
0.0,46.099,46.099,core 4 cpu_idle,0.7010505425
0.0,46.099,46.099,core 5 cpu_idle,0.7010505425
