Start Time (Seconds),End Time (Seconds),Duration (Seconds),Component,Energy Consumption (Joule)
0,35.658,35.658,screen medium,19.67661927
0,21.733,21.733,wifi running,0.2983984366
21.733,27.232,5.499,wifi scan,1.2448333755
27.232,35.658,8.426,wifi running,0.1156906652
0,35.658,35.658,phone_scanning,19.0073043468
0.0,46.155,46.155,core 0 cpu_idle,0.7019021625
0.0,21611.576343,21611.576343,core 1 cpu_idle start,328.658047236
21611.576343,46.155,-21565.421343,core 1 cpu_idle,-327.956145074
0.0,46.155,46.155,core 2 cpu_idle,0.7019021625
0.0,46.155,46.155,core 3 cpu_idle,0.7019021625
0.0,46.155,46.155,core 4 cpu_idle,0.7019021625
0.0,46.155,46.155,core 5 cpu_idle,0.7019021625
