Start Time (Seconds),End Time (Seconds),Duration (Seconds),Component,Energy Consumption (Joule)
0,35.618,35.618,screen medium,19.65454667
0,30.211,30.211,wifi radio,8.15035530155
30.211,32.239,2.028,wifi running,0.0278448456
32.239,35.618,3.379,wifi radio,0.91159016795
0,35.618,35.618,phone_scanning,18.9859825628
0.0,47.056,47.056,core 0 cpu_idle,0.71560412
0.0,47.056,47.056,core 1 cpu_idle,0.71560412
0.0,47.056,47.056,core 2 cpu_idle,0.71560412
0.0,47.056,47.056,core 3 cpu_idle,0.71560412
0.0,47.056,47.056,core 4 cpu_idle,0.71560412
0.0,21611.410859,21611.410859,core 5 cpu_idle start,328.655530638
21611.410859,47.056,-21564.354859,core 5 cpu_idle,-327.939926518
