Start Time (Seconds),End Time (Seconds),Duration (Seconds),Component,Energy Consumption (Joule)
0,35.581,35.581,screen medium,19.634129515
0,24.34,24.34,wifi running,0.334193068
24.34,29.834,5.494,wifi scan,1.243701503
29.834,35.581,5.747,wifi running,0.0789074594
0,35.581,35.581,phone_scanning,18.9662599126
0.0,47.127,47.127,core 0 cpu_idle,0.7166838525
0.0,21611.406967,21611.406967,core 1 cpu_idle start,328.655471451
21611.406967,47.127,-21564.279967,core 1 cpu_idle,-327.938787598
0.0,47.127,47.127,core 2 cpu_idle,0.7166838525
0.0,47.127,47.127,core 3 cpu_idle,0.7166838525
0.0,47.127,47.127,core 4 cpu_idle,0.7166838525
0.0,47.127,47.127,core 5 cpu_idle,0.7166838525
