Start Time (Seconds),End Time (Seconds),Duration (Seconds),Component,Energy Consumption (Joule)
0,35.618,35.618,screen medium,19.65454667
0,20.28,20.28,wifi running,0.278448456
20.28,25.645,5.365,wifi scan,1.2144991925
25.645,35.618,9.973,wifi running,0.1369312846
0,35.618,35.618,phone_scanning,18.9859825628
0.0,46.101,46.101,core 0 cpu_idle,0.7010809575
0.0,21611.495085,21611.495085,core 1 cpu_idle start,328.656811505
21611.495085,46.101,-21565.394085,core 1 cpu_idle,-327.955730548
0.0,46.101,46.101,core 2 cpu_idle,0.7010809575
0.0,46.101,46.101,core 3 cpu_idle,0.7010809575
0.0,46.101,46.101,core 4 cpu_idle,0.7010809575
0.0,46.101,46.101,core 5 cpu_idle,0.7010809575
