Start Time (Seconds),End Time (Seconds),Duration (Seconds),Component,Energy Consumption (Joule)
0,35.668,35.668,screen medium,19.27445218
0,26.213,26.213,wifi radio,6.92528979835
26.213,32.871,6.658,wifi running,0.0895221364
32.871,35.668,2.797,wifi radio,0.73894768115
0,35.668,35.668,phone_scanning,18.6188172712
0.0,46.087,46.087,core 0 cpu_idle,0.6863506475
0.0,46.087,46.087,core 1 cpu_idle,0.6863506475
0.0,46.087,46.087,core 2 cpu_idle,0.6863506475
0.0,21611.581351,21611.581351,core 3 cpu_idle start,321.85047527
21611.581351,46.087,-21565.494351,core 3 cpu_idle,-321.164124622
0.0,46.087,46.087,core 4 cpu_idle,0.6863506475
0.0,46.087,46.087,core 5 cpu_idle,0.6863506475
