Start Time (Seconds),End Time (Seconds),Duration (Seconds),Component,Energy Consumption (Joule)
0,35.701,35.701,screen medium,19.292284885
0,25.79,25.79,wifi radio,6.8135361805
25.79,27.227,1.437,wifi running,0.0193216146
27.227,35.701,8.474,wifi radio,2.2387710583
0,35.701,35.701,phone_scanning,18.6360433834
0.0,47.11,47.11,core 0 cpu_idle,0.701585675
0.0,47.11,47.11,core 1 cpu_idle,0.701585675
0.0,21611.571898,21611.571898,core 2 cpu_idle start,321.850334491
21611.571898,47.11,-21564.461898,core 2 cpu_idle,-321.148748816
0.0,47.11,47.11,core 3 cpu_idle,0.701585675
0.0,47.11,47.11,core 4 cpu_idle,0.701585675
0.0,47.11,47.11,core 5 cpu_idle,0.701585675
