Start Time (Seconds),End Time (Seconds),Duration (Seconds),Component,Energy Consumption (Joule)
0,35.463,35.463,screen medium,19.415886111
0,35.463,35.463,wifi running,0.48310393788
0,35.463,35.463,phone_scanning,18.7554402212
0.0,46.137,46.137,core 0 cpu_idle,0.6961381245
0.0,46.137,46.137,core 1 cpu_idle,0.6961381245
0.0,46.137,46.137,core 2 cpu_idle,0.6961381245
0.0,21611.475831,21611.475831,core 3 cpu_idle start,326.084753076
21611.475831,46.137,-21565.338831,core 3 cpu_idle,-325.388614952
0.0,46.137,46.137,core 4 cpu_idle,0.6961381245
0.0,46.137,46.137,core 5 cpu_idle,0.6961381245
