Start Time (Seconds),End Time (Seconds),Duration (Seconds),Component,Energy Consumption (Joule)
0,35.469,35.469,screen medium,19.419171093
0,35.469,35.469,wifi running,0.48318567444
0,35.469,35.469,phone_scanning,18.7586134621
0.0,46.07,46.07,core 0 cpu_idle,0.695127195
0.0,46.07,46.07,core 1 cpu_idle,0.695127195
0.0,46.07,46.07,core 2 cpu_idle,0.695127195
0.0,46.07,46.07,core 3 cpu_idle,0.695127195
0.0,46.07,46.07,core 4 cpu_idle,0.695127195
0.0,21611.375946,21611.375946,core 5 cpu_idle start,326.083245961
21611.375946,46.07,-21565.305946,core 5 cpu_idle,-325.388118766
