Start Time (Seconds),End Time (Seconds),Duration (Seconds),Component,Energy Consumption (Joule)
0,35.483,35.483,screen medium,19.426836051
0,35.483,35.483,wifi running,0.48337639308
0,35.483,35.483,phone_scanning,18.7660176908
0.0,46.098,46.098,core 0 cpu_idle,0.695549673
0.0,46.098,46.098,core 1 cpu_idle,0.695549673
0.0,21611.42607,21611.42607,core 2 cpu_idle start,326.084002257
21611.42607,46.098,-21565.32807,core 2 cpu_idle,-325.388452584
0.0,46.098,46.098,core 3 cpu_idle,0.695549673
0.0,46.098,46.098,core 4 cpu_idle,0.695549673
0.0,46.098,46.098,core 5 cpu_idle,0.695549673
