Start Time (Seconds),End Time (Seconds),Duration (Seconds),Component,Energy Consumption (Joule)
0,34.764,34.764,screen medium,19.033185708
0,26.158,26.158,wifi radio,7.00171159842
26.158,29.286,3.128,wifi running,0.04261199328
29.286,34.764,5.478,wifi scan,1.2303757818
0,34.764,34.764,phone_scanning,18.3857576587
0.0,46.142,46.142,core 0 cpu_idle,0.696213567
0.0,46.142,46.142,core 1 cpu_idle,0.696213567
0.0,46.142,46.142,core 2 cpu_idle,0.696213567
0.0,46.142,46.142,core 3 cpu_idle,0.696213567
0.0,46.142,46.142,core 4 cpu_idle,0.696213567
0.0,21611.575287,21611.575287,core 5 cpu_idle start,326.086253718
21611.575287,46.142,-21565.433287,core 5 cpu_idle,-325.390040151
