Start Time (Seconds),End Time (Seconds),Duration (Seconds),Component,Energy Consumption (Joule)
0,35.565,35.565,screen medium,19.471730805
0,35.565,35.565,wifi running,0.4844934594
0,35.565,35.565,phone_scanning,18.8093853162
0.0,47.097,47.097,core 0 cpu_idle,0.7106230845
0.0,47.097,47.097,core 1 cpu_idle,0.7106230845
0.0,21611.441889,21611.441889,core 2 cpu_idle start,326.084240942
21611.441889,47.097,-21564.344889,core 2 cpu_idle,-325.373617858
0.0,47.097,47.097,core 3 cpu_idle,0.7106230845
0.0,47.097,47.097,core 4 cpu_idle,0.7106230845
0.0,47.097,47.097,core 5 cpu_idle,0.7106230845
