Start Time (Seconds),End Time (Seconds),Duration (Seconds),Component,Energy Consumption (Joule)
0,35.573,35.573,screen medium,19.638750537
0,31.949,31.949,wifi radio,8.62320219327
31.949,35.573,3.624,wifi running,0.04978114848
0,35.573,35.573,phone_scanning,18.9707237471
0.0,46.109,46.109,core 0 cpu_idle,0.7015253805
0.0,46.109,46.109,core 1 cpu_idle,0.7015253805
0.0,21611.464045,21611.464045,core 2 cpu_idle start,328.807619713
21611.464045,46.109,-21565.355045,core 2 cpu_idle,-328.106094332
0.0,46.109,46.109,core 3 cpu_idle,0.7015253805
0.0,46.109,46.109,core 4 cpu_idle,0.7015253805
0.0,46.109,46.109,core 5 cpu_idle,0.7015253805
