Start Time (Seconds),End Time (Seconds),Duration (Seconds),Component,Energy Consumption (Joule)
0,35.662,35.662,screen medium,19.687884678
0,25.609,25.609,wifi radio,6.91200303507
25.609,27.543,1.934,wifi running,0.02656642968
27.543,35.662,8.119,wifi radio,2.19136056237
0,35.662,35.662,phone_scanning,19.0181865535
0.0,47.067,47.067,core 0 cpu_idle,0.7161008715
0.0,47.067,47.067,core 1 cpu_idle,0.7161008715
0.0,47.067,47.067,core 2 cpu_idle,0.7161008715
0.0,47.067,47.067,core 3 cpu_idle,0.7161008715
0.0,21611.399338,21611.399338,core 4 cpu_idle start,328.806635228
21611.399338,47.067,-21564.332338,core 4 cpu_idle,-328.090534357
0.0,47.067,47.067,core 5 cpu_idle,0.7161008715
