Start Time (Seconds),End Time (Seconds),Duration (Seconds),Component,Energy Consumption (Joule)
0,35.6,35.6,screen medium,19.6536564
0,25.495,25.495,wifi radio,6.88123383885
25.495,34.45,8.955,wifi running,0.1230105366
34.45,35.6,1.15,wifi radio,0.3103910145
0,35.6,35.6,phone_scanning,18.985122576
0.0,47.17,47.17,core 0 cpu_idle,0.717667965
0.0,47.17,47.17,core 1 cpu_idle,0.717667965
0.0,47.17,47.17,core 2 cpu_idle,0.717667965
0.0,47.17,47.17,core 3 cpu_idle,0.717667965
0.0,21611.526847,21611.526847,core 4 cpu_idle start,328.808575214
21611.526847,47.17,-21564.356847,core 4 cpu_idle,-328.090907249
0.0,47.17,47.17,core 5 cpu_idle,0.717667965
