Start Time (Seconds),End Time (Seconds),Duration (Seconds),Component,Energy Consumption (Joule)
0,35.676,35.676,screen medium,19.695613644
0,32.414,32.414,wifi radio,8.74870812522
32.414,32.774,0.36,wifi running,0.0049451472
32.774,35.676,2.902,wifi radio,0.78326497746
0,35.676,35.676,phone_scanning,19.025652613
0.0,21611.525215,21611.525215,core 0 cpu_idle start,328.808550384
21611.525215,47.109,-21564.416215,core 0 cpu_idle,-328.091810503
0.0,47.109,47.109,core 1 cpu_idle,0.7167398805
0.0,47.109,47.109,core 2 cpu_idle,0.7167398805
0.0,47.109,47.109,core 3 cpu_idle,0.7167398805
0.0,47.109,47.109,core 4 cpu_idle,0.7167398805
0.0,47.109,47.109,core 5 cpu_idle,0.7167398805
