Start Time (Seconds),End Time (Seconds),Duration (Seconds),Component,Energy Consumption (Joule)
0,35.541,35.541,screen medium,19.621084329
0,33.378,33.378,wifi running,0.45849756456
33.378,35.541,2.163,wifi scan,0.4898734281
0,35.541,35.541,phone_scanning,18.9536584684
0.0,46.166,46.166,core 0 cpu_idle,0.702392607
0.0,46.166,46.166,core 1 cpu_idle,0.702392607
0.0,21611.982059,21611.982059,core 2 cpu_idle start,328.815501037
21611.982059,46.166,-21565.816059,core 2 cpu_idle,-328.11310843
0.0,46.166,46.166,core 3 cpu_idle,0.702392607
0.0,46.166,46.166,core 4 cpu_idle,0.702392607
0.0,46.166,46.166,core 5 cpu_idle,0.702392607
