Start Time (Seconds),End Time (Seconds),Duration (Seconds),Component,Energy Consumption (Joule)
0,35.672,35.672,screen medium,19.5937378
0,17.757,17.757,wifi running,0.242684919
17.757,18.05,0.293,wifi scan,0.0660224225
18.05,32.916,14.866,wifi radio,3.9921044905
32.916,33.689,0.773,wifi running,0.010564591
33.689,35.672,1.983,wifi radio,0.53251333275
0,35.672,35.672,phone_scanning,18.927242152
0.0,47.127,47.127,core 0 cpu_idle,0.7133849625
0.0,47.127,47.127,core 1 cpu_idle,0.7133849625
0.0,47.127,47.127,core 2 cpu_idle,0.7133849625
0.0,47.127,47.127,core 3 cpu_idle,0.7133849625
0.0,47.127,47.127,core 4 cpu_idle,0.7133849625
0.0,21611.479099,21611.479099,core 5 cpu_idle start,327.143764861
21611.479099,47.127,-21564.352099,core 5 cpu_idle,-326.430379899
