Start Time (Seconds),End Time (Seconds),Duration (Seconds),Component,Energy Consumption (Joule)
0,35.645,35.645,screen medium,19.578907375
0,25.615,25.615,wifi radio,6.87863288875
25.615,35.645,10.03,wifi running,0.13708001
0,35.645,35.645,phone_scanning,18.912916195
0.0,21611.379188,21611.379188,core 0 cpu_idle start,327.142252458
21611.379188,47.099,-21564.280188,core 0 cpu_idle,-326.429291346
0.0,47.099,47.099,core 1 cpu_idle,0.712961112501
0.0,47.099,47.099,core 2 cpu_idle,0.712961112501
0.0,47.099,47.099,core 3 cpu_idle,0.712961112501
0.0,47.099,47.099,core 4 cpu_idle,0.712961112501
0.0,47.099,47.099,core 5 cpu_idle,0.712961112501
