Start Time (Seconds),End Time (Seconds),Duration (Seconds),Component,Energy Consumption (Joule)
0,35.625,35.625,screen medium,19.567921875
0,35.625,35.625,wifi running,0.486886875
0,35.625,35.625,phone_scanning,18.902304375
0.0,21611.572942,21611.572942,core 0 cpu_idle start,327.14518541
21611.572942,47.097,-21564.475942,core 0 cpu_idle,-326.432254572
0.0,47.097,47.097,core 1 cpu_idle,0.712930837499
0.0,47.097,47.097,core 2 cpu_idle,0.712930837499
0.0,47.097,47.097,core 3 cpu_idle,0.712930837499
0.0,47.097,47.097,core 4 cpu_idle,0.712930837499
0.0,47.097,47.097,core 5 cpu_idle,0.712930837499
