Start Time (Seconds),End Time (Seconds),Duration (Seconds),Component,Energy Consumption (Joule)
0,35.607,35.607,screen medium,19.558034925
0,35.607,35.607,wifi running,0.486640869
0,35.607,35.607,phone_scanning,18.892753737
0.0,47.114,47.114,core 0 cpu_idle,0.713188175
0.0,47.114,47.114,core 1 cpu_idle,0.713188175
0.0,47.114,47.114,core 2 cpu_idle,0.713188175
0.0,21611.648347,21611.648347,core 3 cpu_idle start,327.146326853
21611.648347,47.114,-21564.534347,core 3 cpu_idle,-326.433138678
0.0,47.114,47.114,core 4 cpu_idle,0.713188175
0.0,47.114,47.114,core 5 cpu_idle,0.713188175
