Start Time (Seconds),End Time (Seconds),Duration (Seconds),Component,Energy Consumption (Joule)
0,35.593,35.593,screen medium,19.550345075
0,35.593,35.593,wifi running,0.486449531
0,35.593,35.593,phone_scanning,18.885325463
0.0,21611.366625,21611.366625,core 0 cpu_idle start,327.142062286
21611.366625,47.121,-21564.245625,core 0 cpu_idle,-326.428768148
0.0,47.121,47.121,core 1 cpu_idle,0.7132941375
0.0,47.121,47.121,core 2 cpu_idle,0.7132941375
0.0,47.121,47.121,core 3 cpu_idle,0.7132941375
0.0,47.121,47.121,core 4 cpu_idle,0.7132941375
0.0,47.121,47.121,core 5 cpu_idle,0.7132941375
