Start Time (Seconds),End Time (Seconds),Duration (Seconds),Component,Energy Consumption (Joule)
0,35.623,35.623,screen medium,19.526106236
0,35.623,35.623,wifi running,0.48584642288
0,35.623,35.623,phone_scanning,18.8619111262
0.0,46.152,46.152,core 0 cpu_idle,0.697172112
0.0,46.152,46.152,core 1 cpu_idle,0.697172112
0.0,21611.56927,21611.56927,core 2 cpu_idle start,326.464365393
21611.56927,46.152,-21565.41727,core 2 cpu_idle,-325.767193281
0.0,46.152,46.152,core 3 cpu_idle,0.697172112
0.0,46.152,46.152,core 4 cpu_idle,0.697172112
0.0,46.152,46.152,core 5 cpu_idle,0.697172112
