Start Time (Seconds),End Time (Seconds),Duration (Seconds),Component,Energy Consumption (Joule)
0,35.606,35.606,screen medium,19.516787992
0,31.28,31.28,wifi radio,8.3824281632
31.28,33.945,2.665,wifi running,0.0363467624
33.945,35.606,1.661,wifi radio,0.44511551084
0,35.606,35.606,phone_scanning,18.8529098493
0.0,46.153,46.153,core 0 cpu_idle,0.697187218
0.0,21611.482204,21611.482204,core 1 cpu_idle start,326.463050174
21611.482204,46.153,-21565.329204,core 1 cpu_idle,-325.765862956
0.0,46.153,46.153,core 2 cpu_idle,0.697187218
0.0,46.153,46.153,core 3 cpu_idle,0.697187218
0.0,46.153,46.153,core 4 cpu_idle,0.697187218
0.0,46.153,46.153,core 5 cpu_idle,0.697187218
