Start Time (Seconds),End Time (Seconds),Duration (Seconds),Component,Energy Consumption (Joule)
0,35.654,35.654,screen medium,19.543098328
0,35.654,35.654,wifi running,0.48626921824
0,35.654,35.654,phone_scanning,18.8783252195
0.0,46.073,46.073,core 0 cpu_idle,0.695978738
0.0,46.073,46.073,core 1 cpu_idle,0.695978738
0.0,21611.56337,21611.56337,core 2 cpu_idle start,326.464276267
21611.56337,46.073,-21565.49037,core 2 cpu_idle,-325.768297529
0.0,46.073,46.073,core 3 cpu_idle,0.695978738
0.0,46.073,46.073,core 4 cpu_idle,0.695978738
0.0,46.073,46.073,core 5 cpu_idle,0.695978738
