Start Time (Seconds),End Time (Seconds),Duration (Seconds),Component,Energy Consumption (Joule)
0,35.613,35.613,screen medium,19.520624916
0,35.613,35.613,wifi running,0.48571003728
0,35.613,35.613,phone_scanning,18.8566162574
0.0,46.068,46.068,core 0 cpu_idle,0.695903208
0.0,46.068,46.068,core 1 cpu_idle,0.695903208
0.0,21611.484121,21611.484121,core 2 cpu_idle start,326.463079132
21611.484121,46.068,-21565.416121,core 2 cpu_idle,-325.767175924
0.0,46.068,46.068,core 3 cpu_idle,0.695903208
0.0,46.068,46.068,core 4 cpu_idle,0.695903208
0.0,46.068,46.068,core 5 cpu_idle,0.695903208
