Start Time (Seconds),End Time (Seconds),Duration (Seconds),Component,Energy Consumption (Joule)
0,35.637,35.637,screen medium,19.533780084
0,35.07,35.07,wifi radio,9.3980740308
35.07,35.591,0.521,wifi running,0.00710568976
35.591,35.637,0.046,wifi radio,0.01232710024
0,35.637,35.637,phone_scanning,18.8693239426
0.0,47.125,47.125,core 0 cpu_idle,0.71187025
0.0,47.125,47.125,core 1 cpu_idle,0.71187025
0.0,21611.572218,21611.572218,core 2 cpu_idle start,326.464409925
21611.572218,47.125,-21564.447218,core 2 cpu_idle,-325.752539675
0.0,47.125,47.125,core 3 cpu_idle,0.71187025
0.0,47.125,47.125,core 4 cpu_idle,0.71187025
0.0,47.125,47.125,core 5 cpu_idle,0.71187025
