Start Time (Seconds),End Time (Seconds),Duration (Seconds),Component,Energy Consumption (Joule)
0,35.587,35.587,screen medium,19.515412582
0,11.358,11.358,wifi running,0.15497854704
11.358,11.61,0.252,wifi scan,0.0566918856
11.61,27.06,15.45,wifi radio,4.142216379
27.06,31.679,4.619,wifi running,0.06302570072
31.679,35.587,3.908,wifi radio,1.04775285496
0,35.587,35.587,phone_scanning,18.8515812249
0.0,21611.487849,21611.487849,core 0 cpu_idle start,326.614415862
21611.487849,46.128,-21565.359849,core 0 cpu_idle,-325.917283398
0.0,46.128,46.128,core 1 cpu_idle,0.697132464
0.0,46.128,46.128,core 2 cpu_idle,0.697132464
0.0,46.128,46.128,core 3 cpu_idle,0.697132464
0.0,46.128,46.128,core 4 cpu_idle,0.697132464
0.0,46.128,46.128,core 5 cpu_idle,0.697132464
