Start Time (Seconds),End Time (Seconds),Duration (Seconds),Component,Energy Consumption (Joule)
0,34.902,34.902,screen medium,19.139768172
0,34.902,34.902,wifi running,0.47623360176
0,34.902,34.902,phone_scanning,18.4887146405
0.0,47.115,47.115,core 0 cpu_idle,0.712048995001
0.0,21611.464836,21611.464836,core 1 cpu_idle start,326.614068066
21611.464836,47.115,-21564.349836,core 1 cpu_idle,-325.902019071
0.0,47.115,47.115,core 2 cpu_idle,0.712048995001
0.0,47.115,47.115,core 3 cpu_idle,0.712048995001
0.0,47.115,47.115,core 4 cpu_idle,0.712048995001
0.0,47.115,47.115,core 5 cpu_idle,0.712048995001
