Start Time (Seconds),End Time (Seconds),Duration (Seconds),Component,Energy Consumption (Joule)
0,35.594,35.594,screen medium,19.519251284
0,35.594,35.594,wifi running,0.48567585872
0,35.594,35.594,phone_scanning,18.8552893506
0.0,46.145,46.145,core 0 cpu_idle,0.697389384999
0.0,46.145,46.145,core 1 cpu_idle,0.697389384999
0.0,46.145,46.145,core 2 cpu_idle,0.697389384999
0.0,21611.470332,21611.470332,core 3 cpu_idle start,326.614151128
21611.470332,46.145,-21565.325332,core 3 cpu_idle,-325.916761743
0.0,46.145,46.145,core 4 cpu_idle,0.697389384999
0.0,46.145,46.145,core 5 cpu_idle,0.697389384999
