Start Time (Seconds),End Time (Seconds),Duration (Seconds),Component,Energy Consumption (Joule)
0,35.595,35.595,screen medium,19.51979967
0,26.023,26.023,wifi radio,6.97688652626
26.023,31.43,5.407,wifi running,0.07377786616
31.43,33.995,2.565,wifi running,0.0349991172
33.995,35.595,1.6,wifi scan,0.35994848
0,35.595,35.595,phone_scanning,18.8558190828
0.0,46.14,46.14,core 0 cpu_idle,0.69731382
0.0,46.14,46.14,core 1 cpu_idle,0.69731382
0.0,46.14,46.14,core 2 cpu_idle,0.69731382
0.0,21611.648053,21611.648053,core 3 cpu_idle start,326.616837025
21611.648053,46.14,-21565.508053,core 3 cpu_idle,-325.919523205
0.0,46.14,46.14,core 4 cpu_idle,0.69731382
0.0,46.14,46.14,core 5 cpu_idle,0.69731382
