Start Time (Seconds),End Time (Seconds),Duration (Seconds),Component,Energy Consumption (Joule)
0,35.604,35.604,screen medium,19.524735144
0,35.604,35.604,wifi running,0.48581230752
0,35.604,35.604,phone_scanning,18.860586673
0.0,47.109,47.109,core 0 cpu_idle,0.711958317
0.0,21611.813853,21611.813853,core 1 cpu_idle start,326.61934276
21611.813853,47.109,-21564.704853,core 1 cpu_idle,-325.907384443
0.0,47.109,47.109,core 2 cpu_idle,0.711958317
0.0,47.109,47.109,core 3 cpu_idle,0.711958317
0.0,47.109,47.109,core 4 cpu_idle,0.711958317
0.0,47.109,47.109,core 5 cpu_idle,0.711958317
