Start Time (Seconds),End Time (Seconds),Duration (Seconds),Component,Energy Consumption (Joule)
0,35.655,35.655,screen medium,19.521005535
0,35.655,35.655,wifi running,0.4857195078
0,35.655,35.655,phone_scanning,18.8569839294
0.0,47.146,47.146,core 0 cpu_idle,0.711362421
0.0,47.146,47.146,core 1 cpu_idle,0.711362421
0.0,21611.594219,21611.594219,core 2 cpu_idle start,326.086539373
21611.594219,47.146,-21564.448219,core 2 cpu_idle,-325.375176952
0.0,47.146,47.146,core 3 cpu_idle,0.711362421
0.0,47.146,47.146,core 4 cpu_idle,0.711362421
0.0,47.146,47.146,core 5 cpu_idle,0.711362421
