Start Time (Seconds),End Time (Seconds),Duration (Seconds),Component,Energy Consumption (Joule)
0,35.646,35.646,screen medium,19.516078062
0,4.949,4.949,wifi running,0.06741903924
4.949,5.174,0.225,wifi scan,0.0505356975
5.174,35.646,30.472,wifi running,0.41511274272
0,35.646,35.646,phone_scanning,18.8522240681
0.0,21611.343881,21611.343881,core 0 cpu_idle start,326.082762148
21611.343881,47.075,-21564.268881,core 0 cpu_idle,-325.372471011
0.0,47.075,47.075,core 1 cpu_idle,0.710291137499
0.0,47.075,47.075,core 2 cpu_idle,0.710291137499
0.0,47.075,47.075,core 3 cpu_idle,0.710291137499
0.0,47.075,47.075,core 4 cpu_idle,0.710291137499
0.0,47.075,47.075,core 5 cpu_idle,0.710291137499
