Start Time (Seconds),End Time (Seconds),Duration (Seconds),Component,Energy Consumption (Joule)
0,35.599,35.599,screen medium,19.490345703
0,23.839,23.839,wifi running,0.32475297564
23.839,29.25,5.411,wifi scan,1.2153273741
29.25,35.599,6.349,wifi running,0.08649090324
0,35.599,35.599,phone_scanning,18.8273670145
0.0,21611.779294,21611.779294,core 0 cpu_idle start,326.089331878
21611.779294,46.139,-21565.640294,core 0 cpu_idle,-325.393163576
0.0,46.139,46.139,core 1 cpu_idle,0.696168301499
0.0,46.139,46.139,core 2 cpu_idle,0.696168301499
0.0,46.139,46.139,core 3 cpu_idle,0.696168301499
0.0,46.139,46.139,core 4 cpu_idle,0.696168301499
0.0,46.139,46.139,core 5 cpu_idle,0.696168301499
