Start Time (Seconds),End Time (Seconds),Duration (Seconds),Component,Energy Consumption (Joule)
0,35.625,35.625,screen medium,19.504580625
0,35.625,35.625,wifi running,0.485310825
0,35.625,35.625,phone_scanning,18.841117725
0.0,46.204,46.204,core 0 cpu_idle,0.697149054
0.0,21611.608857,21611.608857,core 1 cpu_idle start,326.086760239
21611.608857,46.204,-21565.404857,core 1 cpu_idle,-325.389611185
0.0,46.204,46.204,core 2 cpu_idle,0.697149054
0.0,46.204,46.204,core 3 cpu_idle,0.697149054
0.0,46.204,46.204,core 4 cpu_idle,0.697149054
0.0,46.204,46.204,core 5 cpu_idle,0.697149054
