Start Time (Seconds),End Time (Seconds),Duration (Seconds),Component,Energy Consumption (Joule)
0,35.624,35.624,screen medium,19.504033128
0,22.876,22.876,wifi running,0.31163425776
22.876,28.451,5.575,wifi scan,1.2521622825
28.451,35.624,7.173,wifi running,0.09771605748
0,35.624,35.624,phone_scanning,18.8405888515
0.0,46.069,46.069,core 0 cpu_idle,0.6951121065
0.0,46.069,46.069,core 1 cpu_idle,0.6951121065
0.0,46.069,46.069,core 2 cpu_idle,0.6951121065
0.0,46.069,46.069,core 3 cpu_idle,0.6951121065
0.0,21611.435858,21611.435858,core 4 cpu_idle start,326.084149943
21611.435858,46.069,-21565.366858,core 4 cpu_idle,-325.389037837
0.0,46.069,46.069,core 5 cpu_idle,0.6951121065
