Start Time (Seconds),End Time (Seconds),Duration (Seconds),Component,Energy Consumption (Joule)
0,35.658,35.658,screen medium,19.522648026
0,35.658,35.658,wifi running,0.48576037608
0,35.658,35.658,phone_scanning,18.8585705498
0.0,47.171,47.171,core 0 cpu_idle,0.7117396335
0.0,47.171,47.171,core 1 cpu_idle,0.7117396335
0.0,47.171,47.171,core 2 cpu_idle,0.7117396335
0.0,47.171,47.171,core 3 cpu_idle,0.7117396335
0.0,47.171,47.171,core 4 cpu_idle,0.7117396335
0.0,21611.804142,21611.804142,core 5 cpu_idle start,326.089706797
21611.804142,47.171,-21564.633142,core 5 cpu_idle,-325.377967163
