Start Time (Seconds),End Time (Seconds),Duration (Seconds),Component,Energy Consumption (Joule)
0,35.678,35.678,screen medium,19.533597966
0,10.817,10.817,wifi running,0.14735739492
10.817,11.073,0.256,wifi scan,0.0574983936
11.073,35.678,24.605,wifi running,0.3351880098
0,35.678,35.678,phone_scanning,18.8691480194
0.0,46.106,46.106,core 0 cpu_idle,0.695670381
0.0,46.106,46.106,core 1 cpu_idle,0.695670381
0.0,46.106,46.106,core 2 cpu_idle,0.695670381
0.0,21611.444865,21611.444865,core 3 cpu_idle start,326.084285846
21611.444865,46.106,-21565.338865,core 3 cpu_idle,-325.388615465
0.0,46.106,46.106,core 4 cpu_idle,0.695670381
0.0,46.106,46.106,core 5 cpu_idle,0.695670381
