Start Time (Seconds),End Time (Seconds),Duration (Seconds),Component,Energy Consumption (Joule)
0,35.6,35.6,screen medium,19.4908932
0,35.6,35.6,wifi running,0.484970256
0,35.6,35.6,phone_scanning,18.827895888
0.0,21611.493804,21611.493804,core 0 cpu_idle start,326.085024262
21611.493804,47.057,-21564.436804,core 0 cpu_idle,-325.375004717
0.0,47.057,47.057,core 1 cpu_idle,0.7100195445
0.0,47.057,47.057,core 2 cpu_idle,0.7100195445
0.0,47.057,47.057,core 3 cpu_idle,0.7100195445
0.0,47.057,47.057,core 4 cpu_idle,0.7100195445
0.0,47.057,47.057,core 5 cpu_idle,0.7100195445
