Start Time (Seconds),End Time (Seconds),Duration (Seconds),Component,Energy Consumption (Joule)
0,35.599,35.599,screen medium,19.490345703
0,28.07,28.07,wifi radio,7.5134966193
28.07,35.282,7.212,wifi running,0.09824734512
35.282,35.599,0.317,wifi radio,0.08485138683
0,35.599,35.599,phone_scanning,18.8273670145
0.0,46.138,46.138,core 0 cpu_idle,0.696153213
0.0,46.138,46.138,core 1 cpu_idle,0.696153213
0.0,21611.531842,21611.531842,core 2 cpu_idle start,326.085598198
21611.531842,46.138,-21565.393842,core 2 cpu_idle,-325.389444985
0.0,46.138,46.138,core 3 cpu_idle,0.696153213
0.0,46.138,46.138,core 4 cpu_idle,0.696153213
0.0,46.138,46.138,core 5 cpu_idle,0.696153213
