Start Time (Seconds),End Time (Seconds),Duration (Seconds),Component,Energy Consumption (Joule)
0,35.642,35.642,screen medium,19.513888074
0,33.796,33.796,wifi running,0.46039479696
33.796,35.642,1.846,wifi scan,0.4146173226
0,35.642,35.642,phone_scanning,18.8501085742
0.0,21611.544035,21611.544035,core 0 cpu_idle start,326.085782172
21611.544035,46.141,-21565.403035,core 0 cpu_idle,-325.389583694
0.0,46.141,46.141,core 1 cpu_idle,0.6961984785
0.0,46.141,46.141,core 2 cpu_idle,0.6961984785
0.0,46.141,46.141,core 3 cpu_idle,0.6961984785
0.0,46.141,46.141,core 4 cpu_idle,0.6961984785
0.0,46.141,46.141,core 5 cpu_idle,0.6961984785
