Start Time (Seconds),End Time (Seconds),Duration (Seconds),Component,Energy Consumption (Joule)
0,35.636,35.636,screen medium,19.59659276
0,35.636,35.636,wifi running,0.4876002608
0,35.636,35.636,phone_scanning,18.9299999984
0.0,21611.461987,21611.461987,core 0 cpu_idle start,327.521706413
21611.461987,47.107,-21564.354987,core 0 cpu_idle,-326.807799828
0.0,47.107,47.107,core 1 cpu_idle,0.713906585
0.0,47.107,47.107,core 2 cpu_idle,0.713906585
0.0,47.107,47.107,core 3 cpu_idle,0.713906585
0.0,47.107,47.107,core 4 cpu_idle,0.713906585
0.0,47.107,47.107,core 5 cpu_idle,0.713906585
