Start Time (Seconds),End Time (Seconds),Duration (Seconds),Component,Energy Consumption (Joule)
0,35.664,35.664,screen medium,19.61199024
0,20.288,20.288,wifi running,0.2775966464
20.288,23.3,3.012,wifi scan,0.679486116
23.3,35.664,12.364,wifi running,0.1691741392
0,35.664,35.664,phone_scanning,18.9448737216
0.0,46.123,46.123,core 0 cpu_idle,0.698994065
0.0,46.123,46.123,core 1 cpu_idle,0.698994065
0.0,46.123,46.123,core 2 cpu_idle,0.698994065
0.0,46.123,46.123,core 3 cpu_idle,0.698994065
0.0,21611.365843,21611.365843,core 4 cpu_idle start,327.520249351
21611.365843,46.123,-21565.242843,core 4 cpu_idle,-326.821255286
0.0,46.123,46.123,core 5 cpu_idle,0.698994065
