Start Time (Seconds),End Time (Seconds),Duration (Seconds),Component,Energy Consumption (Joule)
0,35.601,35.601,screen medium,19.57734591
0,20.242,20.242,wifi running,0.2769672376
20.242,25.614,5.372,wifi scan,1.211885596
25.614,35.601,9.987,wifi running,0.1366501236
0,35.601,35.601,phone_scanning,18.9114078444
0.0,47.163,47.163,core 0 cpu_idle,0.714755265
0.0,47.163,47.163,core 1 cpu_idle,0.714755265
0.0,47.163,47.163,core 2 cpu_idle,0.714755265
0.0,47.163,47.163,core 3 cpu_idle,0.714755265
0.0,47.163,47.163,core 4 cpu_idle,0.714755265
0.0,21611.495869,21611.495869,core 5 cpu_idle start,327.522219895
21611.495869,47.163,-21564.332869,core 5 cpu_idle,-326.80746463
