Start Time (Seconds),End Time (Seconds),Duration (Seconds),Component,Energy Consumption (Joule)
0,35.619,35.619,screen medium,19.58724429
0,20.305,20.305,wifi running,0.277829254
20.305,25.769,5.464,wifi scan,1.232640152
25.769,35.619,9.85,wifi running,0.13477558
0,35.619,35.619,phone_scanning,18.9209695236
0.0,21611.515848,21611.515848,core 0 cpu_idle start,327.522522676
21611.515848,46.091,-21565.424848,core 0 cpu_idle,-326.824013571
0.0,46.091,46.091,core 1 cpu_idle,0.698509105
0.0,46.091,46.091,core 2 cpu_idle,0.698509105
0.0,46.091,46.091,core 3 cpu_idle,0.698509105
0.0,46.091,46.091,core 4 cpu_idle,0.698509105
0.0,46.091,46.091,core 5 cpu_idle,0.698509105
