Start Time (Seconds),End Time (Seconds),Duration (Seconds),Component,Energy Consumption (Joule)
0,35.592,35.592,screen medium,19.57239672
0,20.277,20.277,wifi running,0.2774461356
20.277,25.716,5.439,wifi scan,1.227000327
25.716,35.592,9.876,wifi running,0.1351313328
0,35.592,35.592,phone_scanning,18.9066270048
0.0,47.151,47.151,core 0 cpu_idle,0.714573405
0.0,47.151,47.151,core 1 cpu_idle,0.714573405
0.0,47.151,47.151,core 2 cpu_idle,0.714573405
0.0,47.151,47.151,core 3 cpu_idle,0.714573405
0.0,47.151,47.151,core 4 cpu_idle,0.714573405
0.0,21611.454591,21611.454591,core 5 cpu_idle start,327.521594327
21611.454591,47.151,-21564.303591,core 5 cpu_idle,-326.807020922
