Start Time (Seconds),End Time (Seconds),Duration (Seconds),Component,Energy Consumption (Joule)
0,35.591,35.591,screen medium,19.472405556
0,35.591,35.591,wifi running,0.48451024848
0,35.591,35.591,phone_scanning,18.810037115
0.0,21611.376862,21611.376862,core 0 cpu_idle start,325.856340325
21611.376862,46.077,-21565.299862,core 0 cpu_idle,-325.161591319
0.0,46.077,46.077,core 1 cpu_idle,0.694749006
0.0,46.077,46.077,core 2 cpu_idle,0.694749006
0.0,46.077,46.077,core 3 cpu_idle,0.694749006
0.0,46.077,46.077,core 4 cpu_idle,0.694749006
0.0,46.077,46.077,core 5 cpu_idle,0.694749006
