Start Time (Seconds),End Time (Seconds),Duration (Seconds),Component,Energy Consumption (Joule)
0,35.616,35.616,screen medium,19.486083456
0,31.797,31.797,wifi radio,8.50517984484
31.797,32.024,0.227,wifi running,0.00309021456
32.024,35.616,3.592,wifi radio,0.96080152224
0,35.616,35.616,phone_scanning,18.823249751
0.0,46.063,46.063,core 0 cpu_idle,0.694537914
0.0,21611.46739,21611.46739,core 1 cpu_idle start,325.857705306
21611.46739,46.063,-21565.40439,core 1 cpu_idle,-325.163167392
0.0,46.063,46.063,core 2 cpu_idle,0.694537914
0.0,46.063,46.063,core 3 cpu_idle,0.694537914
0.0,46.063,46.063,core 4 cpu_idle,0.694537914
0.0,46.063,46.063,core 5 cpu_idle,0.694537914
