Start Time (Seconds),End Time (Seconds),Duration (Seconds),Component,Energy Consumption (Joule)
0,35.601,35.601,screen medium,19.477876716
0,5.318,5.318,wifi running,0.07239542304
5.318,5.54,0.222,wifi scan,0.0498271896
5.54,24.791,19.251,wifi radio,5.14932909372
24.791,31.25,6.459,wifi running,0.08792817552
31.25,35.601,4.351,wifi radio,1.16382166572
0,35.601,35.601,phone_scanning,18.8153221694
0.0,46.075,46.075,core 0 cpu_idle,0.69471885
0.0,46.075,46.075,core 1 cpu_idle,0.69471885
0.0,46.075,46.075,core 2 cpu_idle,0.69471885
0.0,21611.412946,21611.412946,core 3 cpu_idle start,325.8568844
21611.412946,46.075,-21565.337946,core 3 cpu_idle,-325.16216555
0.0,46.075,46.075,core 4 cpu_idle,0.69471885
0.0,46.075,46.075,core 5 cpu_idle,0.69471885
