Start Time (Seconds),End Time (Seconds),Duration (Seconds),Component,Energy Consumption (Joule)
0,35.634,35.634,screen medium,19.495931544
0,22.546,22.546,wifi running,0.30692501088
22.546,27.823,5.277,wifi scan,1.1844057636
27.823,35.634,7.811,wifi running,0.10633333008
0,35.634,35.634,phone_scanning,18.832762849
0.0,46.116,46.116,core 0 cpu_idle,0.695337048
0.0,46.116,46.116,core 1 cpu_idle,0.695337048
0.0,21611.527873,21611.527873,core 2 cpu_idle start,325.858617269
21611.527873,46.116,-21565.411873,core 2 cpu_idle,-325.163280221
0.0,46.116,46.116,core 3 cpu_idle,0.695337048
0.0,46.116,46.116,core 4 cpu_idle,0.695337048
0.0,46.116,46.116,core 5 cpu_idle,0.695337048
