Start Time (Seconds),End Time (Seconds),Duration (Seconds),Component,Energy Consumption (Joule)
0,35.589,35.589,screen medium,19.471311324
0,23.601,23.601,wifi running,0.32128702128
23.601,29.146,5.545,wifi scan,1.244557506
29.146,35.589,6.443,wifi running,0.08771036304
0,35.589,35.589,phone_scanning,18.8089801042
0.0,21611.644868,21611.644868,core 0 cpu_idle start,325.86038132
21611.644868,46.172,-21565.472868,core 0 cpu_idle,-325.164199904
0.0,46.172,46.172,core 1 cpu_idle,0.696181416
0.0,46.172,46.172,core 2 cpu_idle,0.696181416
0.0,46.172,46.172,core 3 cpu_idle,0.696181416
0.0,46.172,46.172,core 4 cpu_idle,0.696181416
0.0,46.172,46.172,core 5 cpu_idle,0.696181416
