Start Time (Seconds),End Time (Seconds),Duration (Seconds),Component,Energy Consumption (Joule)
0,35.632,35.632,screen medium,19.562716272
0,35.632,35.632,wifi running,0.48675734976
0,35.632,35.632,phone_scanning,18.8972758445
0.0,47.13,47.13,core 0 cpu_idle,0.713100465
0.0,47.13,47.13,core 1 cpu_idle,0.713100465
0.0,47.13,47.13,core 2 cpu_idle,0.713100465
0.0,21611.482574,21611.482574,core 3 cpu_idle start,326.992537086
21611.482574,47.13,-21564.352574,core 3 cpu_idle,-326.279436621
0.0,47.13,47.13,core 4 cpu_idle,0.713100465
0.0,47.13,47.13,core 5 cpu_idle,0.713100465
