Start Time (Seconds),End Time (Seconds),Duration (Seconds),Component,Energy Consumption (Joule)
0,35.575,35.575,screen medium,19.531422075
0,21.099,21.099,wifi running,0.28822668732
21.099,26.525,5.426,wifi scan,1.2220887558
26.525,35.575,9.05,wifi running,0.123629154
0,35.575,35.575,phone_scanning,18.867046143
0.0,47.091,47.091,core 0 cpu_idle,0.7125103755
0.0,47.091,47.091,core 1 cpu_idle,0.7125103755
0.0,47.091,47.091,core 2 cpu_idle,0.7125103755
0.0,47.091,47.091,core 3 cpu_idle,0.7125103755
0.0,21611.401841,21611.401841,core 4 cpu_idle start,326.991315555
21611.401841,47.091,-21564.310841,core 4 cpu_idle,-326.27880518
0.0,47.091,47.091,core 5 cpu_idle,0.7125103755
