Start Time (Seconds),End Time (Seconds),Duration (Seconds),Component,Energy Consumption (Joule)
0,35.7,35.7,screen medium,19.6000497
0,23.99,23.99,wifi running,0.3277197132
23.99,29.44,5.45,wifi scan,1.227494235
29.44,35.7,6.26,wifi running,0.0855158568
0,35.7,35.7,phone_scanning,18.933339348
0.0,47.126,47.126,core 0 cpu_idle,0.713039943
0.0,47.126,47.126,core 1 cpu_idle,0.713039943
0.0,47.126,47.126,core 2 cpu_idle,0.713039943
0.0,21611.548481,21611.548481,core 3 cpu_idle start,326.993534292
21611.548481,47.126,-21564.422481,core 3 cpu_idle,-326.280494349
0.0,47.126,47.126,core 4 cpu_idle,0.713039943
0.0,47.126,47.126,core 5 cpu_idle,0.713039943
