Start Time (Seconds),End Time (Seconds),Duration (Seconds),Component,Energy Consumption (Joule)
0,35.609,35.609,screen medium,19.550088789
0,20.074,20.074,wifi running,0.27422449032
20.074,25.505,5.431,wifi scan,1.2232148973
25.505,35.609,10.104,wifi running,0.13802751072
0,35.609,35.609,phone_scanning,18.8850778948
0.0,21611.517219,21611.517219,core 0 cpu_idle start,326.993061282
21611.517219,47.193,-21564.324219,core 0 cpu_idle,-326.279007596
0.0,47.193,47.193,core 1 cpu_idle,0.7140536865
0.0,47.193,47.193,core 2 cpu_idle,0.7140536865
0.0,47.193,47.193,core 3 cpu_idle,0.7140536865
0.0,47.193,47.193,core 4 cpu_idle,0.7140536865
0.0,47.193,47.193,core 5 cpu_idle,0.7140536865
