Start Time (Seconds),End Time (Seconds),Duration (Seconds),Component,Energy Consumption (Joule)
0,35.583,35.583,screen medium,19.535814243
0,22.425,22.425,wifi running,0.306340749
22.425,27.802,5.377,wifi scan,1.2110525691
27.802,35.583,7.781,wifi running,0.10629375108
0,35.583,35.583,phone_scanning,18.8712889081
0.0,47.06,47.06,core 0 cpu_idle,0.71204133
0.0,47.06,47.06,core 1 cpu_idle,0.71204133
0.0,47.06,47.06,core 2 cpu_idle,0.71204133
0.0,47.06,47.06,core 3 cpu_idle,0.71204133
0.0,47.06,47.06,core 4 cpu_idle,0.71204133
0.0,21611.50287,21611.50287,core 5 cpu_idle start,326.992844175
21611.50287,47.06,-21564.44287,core 5 cpu_idle,-326.280802845
