Start Time (Seconds),End Time (Seconds),Duration (Seconds),Component,Energy Consumption (Joule)
0,35.663,35.663,screen medium,19.489151903
0,35.663,35.663,wifi running,0.48492692924
0,35.663,35.663,phone_scanning,18.8262138225
0.0,47.038,47.038,core 0 cpu_idle,0.708415799
0.0,21611.445831,21611.445831,core 1 cpu_idle start,325.479179938
21611.445831,47.038,-21564.407831,core 1 cpu_idle,-324.770764139
0.0,47.038,47.038,core 2 cpu_idle,0.708415799
0.0,47.038,47.038,core 3 cpu_idle,0.708415799
0.0,47.038,47.038,core 4 cpu_idle,0.708415799
0.0,47.038,47.038,core 5 cpu_idle,0.708415799
