Start Time (Seconds),End Time (Seconds),Duration (Seconds),Component,Energy Consumption (Joule)
0,35.705,35.705,screen medium,19.512104105
0,35.705,35.705,wifi running,0.4854980234
0,35.705,35.705,phone_scanning,18.8483852882
0.0,47.087,47.087,core 0 cpu_idle,0.7091537635
0.0,21611.803942,21611.803942,core 1 cpu_idle start,325.484573268
21611.803942,47.087,-21564.716942,core 1 cpu_idle,-324.775419505
0.0,47.087,47.087,core 2 cpu_idle,0.7091537635
0.0,47.087,47.087,core 3 cpu_idle,0.7091537635
0.0,47.087,47.087,core 4 cpu_idle,0.7091537635
0.0,47.087,47.087,core 5 cpu_idle,0.7091537635
