Start Time (Seconds),End Time (Seconds),Duration (Seconds),Component,Energy Consumption (Joule)
0,35.621,35.621,screen medium,19.466199701
0,35.621,35.621,wifi running,0.48435583508
0,35.621,35.621,phone_scanning,18.8040423568
0.0,47.073,47.073,core 0 cpu_idle,0.7089429165
0.0,47.073,47.073,core 1 cpu_idle,0.7089429165
0.0,47.073,47.073,core 2 cpu_idle,0.7089429165
0.0,21611.538863,21611.538863,core 3 cpu_idle start,325.480581046
21611.538863,47.073,-21564.465863,core 3 cpu_idle,-324.77163813
0.0,47.073,47.073,core 4 cpu_idle,0.7089429165
0.0,47.073,47.073,core 5 cpu_idle,0.7089429165
