Start Time (Seconds),End Time (Seconds),Duration (Seconds),Component,Energy Consumption (Joule)
0,35.664,35.664,screen medium,19.489698384
0,33.807,33.807,wifi radio,9.03232673889
33.807,35.664,1.857,wifi running,0.02525052036
0,35.664,35.664,phone_scanning,18.8267417146
0.0,47.01,47.01,core 0 cpu_idle,0.707994105
0.0,47.01,47.01,core 1 cpu_idle,0.707994105
0.0,21611.374025,21611.374025,core 2 cpu_idle start,325.478098504
21611.374025,47.01,-21564.364025,core 2 cpu_idle,-324.770104399
0.0,47.01,47.01,core 3 cpu_idle,0.707994105
0.0,47.01,47.01,core 4 cpu_idle,0.707994105
0.0,47.01,47.01,core 5 cpu_idle,0.707994105
