Start Time (Seconds),End Time (Seconds),Duration (Seconds),Component,Energy Consumption (Joule)
0,35.593,35.593,screen medium,19.450898233
0,25.031,25.031,wifi running,0.34035852188
25.031,30.494,5.463,wifi scan,1.2247297569
30.494,35.593,5.099,wifi running,0.06933355052
0,35.593,35.593,phone_scanning,18.7892613797
0.0,21611.528942,21611.528942,core 0 cpu_idle start,325.480431631
21611.528942,47.151,-21564.377942,core 0 cpu_idle,-324.770313995
0.0,47.151,47.151,core 1 cpu_idle,0.7101176355
0.0,47.151,47.151,core 2 cpu_idle,0.7101176355
0.0,47.151,47.151,core 3 cpu_idle,0.7101176355
0.0,47.151,47.151,core 4 cpu_idle,0.7101176355
0.0,47.151,47.151,core 5 cpu_idle,0.7101176355
