Start Time (Seconds),End Time (Seconds),Duration (Seconds),Component,Energy Consumption (Joule)
0,35.586,35.586,screen medium,19.474189398
0,32.783,32.783,wifi radio,8.77095428923
32.783,34.185,1.402,wifi running,0.01909024888
34.185,35.586,1.401,wifi radio,0.37483167981
0,35.586,35.586,phone_scanning,18.8117602783
0.0,47.135,47.135,core 0 cpu_idle,0.7108665025
0.0,21611.646695,21611.646695,core 1 cpu_idle start,325.936049631
21611.646695,47.135,-21564.511695,core 1 cpu_idle,-325.225183128
0.0,47.135,47.135,core 2 cpu_idle,0.7108665025
0.0,47.135,47.135,core 3 cpu_idle,0.7108665025
0.0,47.135,47.135,core 4 cpu_idle,0.7108665025
0.0,47.135,47.135,core 5 cpu_idle,0.7108665025
