Start Time (Seconds),End Time (Seconds),Duration (Seconds),Component,Energy Consumption (Joule)
0,35.626,35.626,screen medium,19.496079118
0,20.706,20.706,wifi running,0.28194200664
20.706,26.168,5.462,wifi scan,1.2262129918
26.168,35.626,9.458,wifi running,0.12878428952
0,35.626,35.626,phone_scanning,18.8329054031
0.0,46.103,46.103,core 0 cpu_idle,0.6953023945
0.0,21611.483092,21611.483092,core 1 cpu_idle start,325.933582252
21611.483092,46.103,-21565.380092,core 1 cpu_idle,-325.238279857
0.0,46.103,46.103,core 2 cpu_idle,0.6953023945
0.0,46.103,46.103,core 3 cpu_idle,0.6953023945
0.0,46.103,46.103,core 4 cpu_idle,0.6953023945
0.0,46.103,46.103,core 5 cpu_idle,0.6953023945
