Start Time (Seconds),End Time (Seconds),Duration (Seconds),Component,Energy Consumption (Joule)
0,35.62,35.62,screen medium,19.49279566
0,23.542,23.542,wifi running,0.32055823048
23.542,28.824,5.282,wifi scan,1.1858031898
28.824,35.62,6.796,wifi running,0.09253732624
0,35.62,35.62,phone_scanning,18.8297336344
0.0,47.14,47.14,core 0 cpu_idle,0.710941909999
0.0,21611.691863,21611.691863,core 1 cpu_idle start,325.936730832
21611.691863,47.14,-21564.551863,core 1 cpu_idle,-325.225788922
0.0,47.14,47.14,core 2 cpu_idle,0.710941909999
0.0,47.14,47.14,core 3 cpu_idle,0.710941909999
0.0,47.14,47.14,core 4 cpu_idle,0.710941909999
0.0,47.14,47.14,core 5 cpu_idle,0.710941909999
