Start Time (Seconds),End Time (Seconds),Duration (Seconds),Component,Energy Consumption (Joule)
0,35.686,35.686,screen medium,19.528913698
0,20.109,20.109,wifi running,0.27381299196
20.109,25.458,5.349,wifi scan,1.2008446161
25.458,35.686,10.228,wifi running,0.13926894832
0,35.686,35.686,phone_scanning,18.8646230903
0.0,46.101,46.101,core 0 cpu_idle,0.6952722315
0.0,46.101,46.101,core 1 cpu_idle,0.6952722315
0.0,21611.563852,21611.563852,core 2 cpu_idle start,325.934800234
21611.563852,46.101,-21565.462852,core 2 cpu_idle,-325.239528002
0.0,46.101,46.101,core 3 cpu_idle,0.6952722315
0.0,46.101,46.101,core 4 cpu_idle,0.6952722315
0.0,46.101,46.101,core 5 cpu_idle,0.6952722315
