Start Time (Seconds),End Time (Seconds),Duration (Seconds),Component,Energy Consumption (Joule)
0,35.735,35.735,screen medium,19.555728605
0,22.109,22.109,wifi running,0.30104587196
22.109,27.513,5.404,wifi scan,1.2131920556
27.513,35.735,8.222,wifi running,0.11195436968
0,35.735,35.735,phone_scanning,18.8905258682
0.0,47.137,47.137,core 0 cpu_idle,0.710896665501
0.0,47.137,47.137,core 1 cpu_idle,0.710896665501
0.0,21611.649877,21611.649877,core 2 cpu_idle start,325.93609762
21611.649877,47.137,-21564.512877,core 2 cpu_idle,-325.225200954
0.0,47.137,47.137,core 3 cpu_idle,0.710896665501
0.0,47.137,47.137,core 4 cpu_idle,0.710896665501
0.0,47.137,47.137,core 5 cpu_idle,0.710896665501
