Start Time (Seconds),End Time (Seconds),Duration (Seconds),Component,Energy Consumption (Joule)
0,35.571,35.571,screen medium,19.624093848
0,35.571,35.571,wifi scan,8.0505140904
0,35.571,35.571,phone_scanning,18.9565656163
0.0,21611.33287,21611.33287,core 0 cpu_idle start,328.578704955
21611.33287,46.081,-21565.25187,core 0 cpu_idle,-327.878089431
0.0,46.081,46.081,core 1 cpu_idle,0.700615524
0.0,46.081,46.081,core 2 cpu_idle,0.700615524
0.0,46.081,46.081,core 3 cpu_idle,0.700615524
0.0,46.081,46.081,core 4 cpu_idle,0.700615524
0.0,46.081,46.081,core 5 cpu_idle,0.700615524
