Start Time (Seconds),End Time (Seconds),Duration (Seconds),Component,Energy Consumption (Joule)
0,35.624,35.624,screen medium,19.653333312
0,24.962,24.962,wifi radio,6.73272467952
24.962,25.276,0.314,wifi running,0.00431029056
25.276,35.624,10.348,wifi radio,2.79105179808
0,35.624,35.624,phone_scanning,18.9848104781
0.0,46.15,46.15,core 0 cpu_idle,0.7016646
0.0,46.15,46.15,core 1 cpu_idle,0.7016646
0.0,46.15,46.15,core 2 cpu_idle,0.7016646
0.0,21611.546999,21611.546999,core 3 cpu_idle start,328.581960573
21611.546999,46.15,-21565.396999,core 3 cpu_idle,-327.880295973
0.0,46.15,46.15,core 4 cpu_idle,0.7016646
0.0,46.15,46.15,core 5 cpu_idle,0.7016646
