Start Time (Seconds),End Time (Seconds),Duration (Seconds),Component,Energy Consumption (Joule)
0,35.576,35.576,screen medium,19.626852288
0,10.409,10.409,wifi running,0.14288475936
10.409,10.662,0.253,wifi scan,0.0572595672
10.662,35.576,24.914,wifi running,0.34199547456
0,35.576,35.576,phone_scanning,18.9592302259
0.0,46.151,46.151,core 0 cpu_idle,0.701679804
0.0,46.151,46.151,core 1 cpu_idle,0.701679804
0.0,46.151,46.151,core 2 cpu_idle,0.701679804
0.0,21611.494782,21611.494782,core 3 cpu_idle start,328.581166666
21611.494782,46.151,-21565.343782,core 3 cpu_idle,-327.879486862
0.0,46.151,46.151,core 4 cpu_idle,0.701679804
0.0,46.151,46.151,core 5 cpu_idle,0.701679804
