Start Time (Seconds),End Time (Seconds),Duration (Seconds),Component,Energy Consumption (Joule)
0,35.627,35.627,screen medium,19.654988376
0,35.627,35.627,wifi running,0.48905325408
0,35.627,35.627,phone_scanning,18.9864092438
0.0,47.137,47.137,core 0 cpu_idle,0.716670948
0.0,21611.605571,21611.605571,core 1 cpu_idle start,328.582851101
21611.605571,47.137,-21564.468571,core 1 cpu_idle,-327.866180153
0.0,47.137,47.137,core 2 cpu_idle,0.716670948
0.0,47.137,47.137,core 3 cpu_idle,0.716670948
0.0,47.137,47.137,core 4 cpu_idle,0.716670948
0.0,47.137,47.137,core 5 cpu_idle,0.716670948
