Start Time (Seconds),End Time (Seconds),Duration (Seconds),Component,Energy Consumption (Joule)
0,35.618,35.618,screen medium,19.650023184
0,35.618,35.618,wifi running,0.48892971072
0,35.618,35.618,phone_scanning,18.9816129466
0.0,46.112,46.112,core 0 cpu_idle,0.701086847999
0.0,46.112,46.112,core 1 cpu_idle,0.701086847999
0.0,21611.50596,21611.50596,core 2 cpu_idle start,328.581336616
21611.50596,46.112,-21565.39396,core 2 cpu_idle,-327.880249768
0.0,46.112,46.112,core 3 cpu_idle,0.701086847999
0.0,46.112,46.112,core 4 cpu_idle,0.701086847999
0.0,46.112,46.112,core 5 cpu_idle,0.701086847999
