Start Time (Seconds),End Time (Seconds),Duration (Seconds),Component,Energy Consumption (Joule)
0,35.611,35.611,screen medium,19.49239307
0,25.796,25.796,wifi running,0.3513312016
25.796,31.159,5.363,wifi scan,1.204267013
31.159,35.611,4.452,wifi running,0.0606344592
0,35.611,35.611,phone_scanning,18.8293447388
0.0,46.172,46.172,core 0 cpu_idle,0.696504619999
0.0,21611.606361,21611.606361,core 1 cpu_idle start,326.011081956
21611.606361,46.172,-21565.434361,core 1 cpu_idle,-325.314577336
0.0,46.172,46.172,core 2 cpu_idle,0.696504619999
0.0,46.172,46.172,core 3 cpu_idle,0.696504619999
0.0,46.172,46.172,core 4 cpu_idle,0.696504619999
0.0,46.172,46.172,core 5 cpu_idle,0.696504619999
