Start Time (Seconds),End Time (Seconds),Duration (Seconds),Component,Energy Consumption (Joule)
0,35.574,35.574,screen medium,19.47214038
0,23.34,23.34,wifi running,0.317881464
23.34,28.843,5.503,wifi scan,1.235704153
28.843,35.574,6.731,wifi running,0.0916735276
0,35.574,35.574,phone_scanning,18.8097809592
0.0,47.145,47.145,core 0 cpu_idle,0.711182325
0.0,21611.453941,21611.453941,core 1 cpu_idle start,326.0087827
21611.453941,47.145,-21564.308941,core 1 cpu_idle,-325.297600375
0.0,47.145,47.145,core 2 cpu_idle,0.711182325
0.0,47.145,47.145,core 3 cpu_idle,0.711182325
0.0,47.145,47.145,core 4 cpu_idle,0.711182325
0.0,47.145,47.145,core 5 cpu_idle,0.711182325
