Start Time (Seconds),End Time (Seconds),Duration (Seconds),Component,Energy Consumption (Joule)
0,35.648,35.648,screen medium,19.51264576
0,23.977,23.977,wifi running,0.3265571492
23.977,29.444,5.467,wifi scan,1.227620317
29.444,35.648,6.204,wifi running,0.0844959984
0,35.648,35.648,phone_scanning,18.8489085184
0.0,21611.416929,21611.416929,core 0 cpu_idle start,326.008224374
21611.416929,46.136,-21565.280929,core 0 cpu_idle,-325.312262814
0.0,46.136,46.136,core 1 cpu_idle,0.69596156
0.0,46.136,46.136,core 2 cpu_idle,0.69596156
0.0,46.136,46.136,core 3 cpu_idle,0.69596156
0.0,46.136,46.136,core 4 cpu_idle,0.69596156
0.0,46.136,46.136,core 5 cpu_idle,0.69596156
