Start Time (Seconds),End Time (Seconds),Duration (Seconds),Component,Energy Consumption (Joule)
0,35.6,35.6,screen medium,19.486372
0,24.734,24.734,wifi running,0.3368671864
24.734,30.165,5.431,wifi scan,1.219536481
30.165,35.6,5.435,wifi running,0.074022526
0,35.6,35.6,phone_scanning,18.82352848
0.0,47.137,47.137,core 0 cpu_idle,0.711061645
0.0,21611.410516,21611.410516,core 1 cpu_idle start,326.008127634
21611.410516,47.137,-21564.273516,core 1 cpu_idle,-325.297065989
0.0,47.137,47.137,core 2 cpu_idle,0.711061645
0.0,47.137,47.137,core 3 cpu_idle,0.711061645
0.0,47.137,47.137,core 4 cpu_idle,0.711061645
0.0,47.137,47.137,core 5 cpu_idle,0.711061645
