Start Time (Seconds),End Time (Seconds),Duration (Seconds),Component,Energy Consumption (Joule)
0,35.644,35.644,screen medium,19.51045628
0,31.917,31.917,wifi radio,8.5412413443
31.917,35.037,3.12,wifi running,0.042493152
35.037,35.644,0.607,wifi radio,0.1624379953
0,35.644,35.644,phone_scanning,18.8467935152
0.0,46.07,46.07,core 0 cpu_idle,0.69496595
0.0,46.07,46.07,core 1 cpu_idle,0.69496595
0.0,46.07,46.07,core 2 cpu_idle,0.69496595
0.0,46.07,46.07,core 3 cpu_idle,0.69496595
0.0,46.07,46.07,core 4 cpu_idle,0.69496595
0.0,21611.328365,21611.328365,core 5 cpu_idle start,326.006888386
21611.328365,46.07,-21565.258365,core 5 cpu_idle,-325.311922436
