Start Time (Seconds),End Time (Seconds),Duration (Seconds),Component,Energy Consumption (Joule)
0,35.639,35.639,screen medium,19.516771736
0,20.026,20.026,wifi running,0.27287267392
20.026,25.489,5.463,wifi scan,1.2272913576
25.489,35.193,9.704,wifi radio,2.59807210432
35.193,35.639,0.446,wifi running,0.00607716032
0,35.639,35.639,phone_scanning,18.8528941462
0.0,46.074,46.074,core 0 cpu_idle,0.695348807999
0.0,21611.53468,21611.53468,core 1 cpu_idle start,326.161281391
21611.53468,46.074,-21565.46068,core 1 cpu_idle,-325.465932583
0.0,46.074,46.074,core 2 cpu_idle,0.695348807999
0.0,46.074,46.074,core 3 cpu_idle,0.695348807999
0.0,46.074,46.074,core 4 cpu_idle,0.695348807999
0.0,46.074,46.074,core 5 cpu_idle,0.695348807999
