Start Time (Seconds),End Time (Seconds),Duration (Seconds),Component,Energy Consumption (Joule)
0,35.595,35.595,screen medium,19.49267628
0,20.114,20.114,wifi running,0.27407175488
20.114,20.399,0.285,wifi scan,0.064026732
20.399,35.595,15.196,wifi running,0.20705948032
0,35.595,35.595,phone_scanning,18.8296183152
0.0,46.123,46.123,core 0 cpu_idle,0.696088316
0.0,21611.46782,21611.46782,core 1 cpu_idle start,326.160272339
21611.46782,46.123,-21565.34482,core 1 cpu_idle,-325.464184023
0.0,46.123,46.123,core 2 cpu_idle,0.696088316
0.0,46.123,46.123,core 3 cpu_idle,0.696088316
0.0,46.123,46.123,core 4 cpu_idle,0.696088316
0.0,46.123,46.123,core 5 cpu_idle,0.696088316
