Start Time (Seconds),End Time (Seconds),Duration (Seconds),Component,Energy Consumption (Joule)
0,35.596,35.596,screen medium,19.493223904
0,23.73,23.73,wifi running,0.3233430816
23.73,29.263,5.533,wifi scan,1.2430172216
29.263,35.596,6.333,wifi running,0.08629295136
0,35.596,35.596,phone_scanning,18.8301473114
0.0,21611.581884,21611.581884,core 0 cpu_idle start,326.161993793
21611.581884,47.101,-21564.480884,core 0 cpu_idle,-325.451145501
0.0,47.101,47.101,core 1 cpu_idle,0.710848292
0.0,47.101,47.101,core 2 cpu_idle,0.710848292
0.0,47.101,47.101,core 3 cpu_idle,0.710848292
0.0,47.101,47.101,core 4 cpu_idle,0.710848292
0.0,47.101,47.101,core 5 cpu_idle,0.710848292
