Start Time (Seconds),End Time (Seconds),Duration (Seconds),Component,Energy Consumption (Joule)
0,35.593,35.593,screen medium,19.491581032
0,23.25,23.25,wifi running,0.31680264
23.25,28.609,5.359,wifi scan,1.2039272168
28.609,35.593,6.984,wifi running,0.09516342528
0,35.593,35.593,phone_scanning,18.8285603229
0.0,47.147,47.147,core 0 cpu_idle,0.711542524
0.0,21611.450085,21611.450085,core 1 cpu_idle start,326.160004683
21611.450085,47.147,-21564.303085,core 1 cpu_idle,-325.448462159
0.0,47.147,47.147,core 2 cpu_idle,0.711542524
0.0,47.147,47.147,core 3 cpu_idle,0.711542524
0.0,47.147,47.147,core 4 cpu_idle,0.711542524
0.0,47.147,47.147,core 5 cpu_idle,0.711542524
