Start Time (Seconds),End Time (Seconds),Duration (Seconds),Component,Energy Consumption (Joule)
0,35.642,35.642,screen medium,19.518414608
0,30.93,30.93,wifi radio,8.2809532344
30.93,33.862,2.932,wifi running,0.03995119744
33.862,35.642,1.78,wifi radio,0.4765631024
0,35.642,35.642,phone_scanning,18.8544811347
0.0,47.057,47.057,core 0 cpu_idle,0.710184244
0.0,21611.455208,21611.455208,core 1 cpu_idle start,326.160081999
21611.455208,47.057,-21564.398208,core 1 cpu_idle,-325.449897755
0.0,47.057,47.057,core 2 cpu_idle,0.710184244
0.0,47.057,47.057,core 3 cpu_idle,0.710184244
0.0,47.057,47.057,core 4 cpu_idle,0.710184244
0.0,47.057,47.057,core 5 cpu_idle,0.710184244
