Start Time (Seconds),End Time (Seconds),Duration (Seconds),Component,Energy Consumption (Joule)
0,35.539,35.539,screen medium,19.502630413
0,12.595,12.595,wifi running,0.1719766642
12.595,12.77,0.175,wifi scan,0.0393967175
12.77,27.769,14.999,wifi radio,4.02409505911
27.769,34.351,6.582,wifi running,0.08987299752
34.351,35.539,1.188,wifi radio,0.31872957732
0,35.539,35.539,phone_scanning,18.8392338509
0.0,46.094,46.094,core 0 cpu_idle,0.697102609
0.0,21611.884054,21611.884054,core 1 cpu_idle start,326.847328491
21611.884054,46.094,-21565.790054,core 1 cpu_idle,-326.150225882
0.0,46.094,46.094,core 2 cpu_idle,0.697102609
0.0,46.094,46.094,core 3 cpu_idle,0.697102609
0.0,46.094,46.094,core 4 cpu_idle,0.697102609
0.0,46.094,46.094,core 5 cpu_idle,0.697102609
