Start Time (Seconds),End Time (Seconds),Duration (Seconds),Component,Energy Consumption (Joule)
0,35.535,35.535,screen medium,19.500435345
0,35.535,35.535,wifi running,0.4852076826
35.535,35.535,0.0,wifi scan,0.0
0,35.535,35.535,phone_scanning,18.8371134498
0.0,46.11,46.11,core 0 cpu_idle,0.697344585
0.0,21611.594665,21611.594665,core 1 cpu_idle start,326.842951916
21611.594665,46.11,-21565.484665,core 1 cpu_idle,-326.145607331
0.0,46.11,46.11,core 2 cpu_idle,0.697344585
0.0,46.11,46.11,core 3 cpu_idle,0.697344585
0.0,46.11,46.11,core 4 cpu_idle,0.697344585
0.0,46.11,46.11,core 5 cpu_idle,0.697344585
