Start Time (Seconds),End Time (Seconds),Duration (Seconds),Component,Energy Consumption (Joule)
0,35.633,35.633,screen medium,19.554214511
0,24.571,24.571,wifi radio,6.59217545819
24.571,31.603,7.032,wifi running,0.09601745952
31.603,35.633,4.03,wifi radio,1.0812122867
0,35.633,35.633,phone_scanning,18.8890632772
0.0,47.134,47.134,core 0 cpu_idle,0.712831049
0.0,47.134,47.134,core 1 cpu_idle,0.712831049
0.0,47.134,47.134,core 2 cpu_idle,0.712831049
0.0,47.134,47.134,core 3 cpu_idle,0.712831049
0.0,21611.429848,21611.429848,core 4 cpu_idle start,326.840459306
21611.429848,47.134,-21564.295848,core 4 cpu_idle,-326.127628257
0.0,47.134,47.134,core 5 cpu_idle,0.712831049
