Start Time (Seconds),End Time (Seconds),Duration (Seconds),Component,Energy Consumption (Joule)
0,35.599,35.599,screen medium,19.535556433
0,25.652,25.652,wifi radio,6.88219791028
25.652,34.727,9.075,wifi running,0.123913317
34.727,35.599,0.872,wifi radio,0.23394965608
0,35.599,35.599,phone_scanning,18.8710398677
0.0,46.082,46.082,core 0 cpu_idle,0.696921127
0.0,21611.494872,21611.494872,core 1 cpu_idle start,326.841442697
21611.494872,46.082,-21565.412872,core 1 cpu_idle,-326.14452157
0.0,46.082,46.082,core 2 cpu_idle,0.696921127
0.0,46.082,46.082,core 3 cpu_idle,0.696921127
0.0,46.082,46.082,core 4 cpu_idle,0.696921127
0.0,46.082,46.082,core 5 cpu_idle,0.696921127
