Start Time (Seconds),End Time (Seconds),Duration (Seconds),Component,Energy Consumption (Joule)
0,35.621,35.621,screen medium,19.547629307
0,35.621,35.621,wifi running,0.48638195756
0,35.621,35.621,phone_scanning,18.8827020739
0.0,21611.613459,21611.613459,core 0 cpu_idle start,326.843236147
21611.613459,47.151,-21564.462459,core 0 cpu_idle,-326.130147999
0.0,47.151,47.151,core 1 cpu_idle,0.7130881485
0.0,47.151,47.151,core 2 cpu_idle,0.7130881485
0.0,47.151,47.151,core 3 cpu_idle,0.7130881485
0.0,47.151,47.151,core 4 cpu_idle,0.7130881485
0.0,47.151,47.151,core 5 cpu_idle,0.7130881485
