Start Time (Seconds),End Time (Seconds),Duration (Seconds),Component,Energy Consumption (Joule)
0,35.677,35.677,screen medium,19.510395574
0,31.293,31.293,wifi running,0.42580259928
31.293,35.677,4.384,wifi scan,0.9835179584
0,35.677,35.677,phone_scanning,18.8467348742
0.0,46.112,46.112,core 0 cpu_idle,0.694953952
0.0,46.112,46.112,core 1 cpu_idle,0.694953952
0.0,46.112,46.112,core 2 cpu_idle,0.694953952
0.0,21611.570863,21611.570863,core 3 cpu_idle start,325.707984476
21611.570863,46.112,-21565.458863,core 3 cpu_idle,-325.013030524
0.0,46.112,46.112,core 4 cpu_idle,0.694953952
0.0,46.112,46.112,core 5 cpu_idle,0.694953952
