Start Time (Seconds),End Time (Seconds),Duration (Seconds),Component,Energy Consumption (Joule)
0,35.324,35.324,screen medium,19.317353288
0,29.856,29.856,wifi running,0.40624939776
29.856,35.324,5.468,wifi scan,1.2267053368
0,35.324,35.324,phone_scanning,18.6602590659
0.0,21611.518502,21611.518502,core 0 cpu_idle start,325.707195344
21611.518502,46.097,-21565.421502,core 0 cpu_idle,-325.012467457
0.0,46.097,46.097,core 1 cpu_idle,0.694727887
0.0,46.097,46.097,core 2 cpu_idle,0.694727887
0.0,46.097,46.097,core 3 cpu_idle,0.694727887
0.0,46.097,46.097,core 4 cpu_idle,0.694727887
0.0,46.097,46.097,core 5 cpu_idle,0.694727887
