Start Time (Seconds),End Time (Seconds),Duration (Seconds),Component,Energy Consumption (Joule)
0,35.573,35.573,screen medium,19.453521926
0,28.27,28.27,wifi running,0.3846687592
28.27,28.445,0.175,wifi scan,0.039259955
28.445,35.573,7.128,wifi running,0.09699041088
0,35.573,35.573,phone_scanning,18.7917958258
0.0,46.114,46.114,core 0 cpu_idle,0.694984094
0.0,46.114,46.114,core 1 cpu_idle,0.694984094
0.0,46.114,46.114,core 2 cpu_idle,0.694984094
0.0,21611.801987,21611.801987,core 3 cpu_idle start,325.711467746
21611.801987,46.114,-21565.687987,core 3 cpu_idle,-325.016483652
0.0,46.114,46.114,core 4 cpu_idle,0.694984094
0.0,46.114,46.114,core 5 cpu_idle,0.694984094
