Start Time (Seconds),End Time (Seconds),Duration (Seconds),Component,Energy Consumption (Joule)
0,35.647,35.647,screen medium,19.493989714
0,35.647,35.647,wifi running,0.48504730312
0,35.647,35.647,phone_scanning,18.8308870718
0.0,47.115,47.115,core 0 cpu_idle,0.710070165
0.0,47.115,47.115,core 1 cpu_idle,0.710070165
0.0,21611.630611,21611.630611,core 2 cpu_idle start,325.708884938
21611.630611,47.115,-21564.515611,core 2 cpu_idle,-324.998814773
0.0,47.115,47.115,core 3 cpu_idle,0.710070165
0.0,47.115,47.115,core 4 cpu_idle,0.710070165
0.0,47.115,47.115,core 5 cpu_idle,0.710070165
