Start Time (Seconds),End Time (Seconds),Duration (Seconds),Component,Energy Consumption (Joule)
0,35.628,35.628,screen medium,19.483599336
0,35.628,35.628,wifi running,0.48478877088
0,35.628,35.628,phone_scanning,18.8208501302
0.0,21611.349297,21611.349297,core 0 cpu_idle start,325.704645255
21611.349297,46.061,-21565.288297,core 0 cpu_idle,-325.010459924
0.0,46.061,46.061,core 1 cpu_idle,0.694185331
0.0,46.061,46.061,core 2 cpu_idle,0.694185331
0.0,46.061,46.061,core 3 cpu_idle,0.694185331
0.0,46.061,46.061,core 4 cpu_idle,0.694185331
0.0,46.061,46.061,core 5 cpu_idle,0.694185331
