Start Time (Seconds),End Time (Seconds),Duration (Seconds),Component,Energy Consumption (Joule)
0,35.571,35.571,screen medium,19.484050821
0,35.571,35.571,wifi running,0.48480000468
0,35.571,35.571,phone_scanning,18.8212862576
0.0,46.152,46.152,core 0 cpu_idle,0.696687516
0.0,46.152,46.152,core 1 cpu_idle,0.696687516
0.0,46.152,46.152,core 2 cpu_idle,0.696687516
0.0,21611.520033,21611.520033,core 3 cpu_idle start,326.236700658
21611.520033,46.152,-21565.368033,core 3 cpu_idle,-325.540013142
0.0,46.152,46.152,core 4 cpu_idle,0.696687516
0.0,46.152,46.152,core 5 cpu_idle,0.696687516
