Start Time (Seconds),End Time (Seconds),Duration (Seconds),Component,Energy Consumption (Joule)
0,35.578,35.578,screen medium,19.487885078
0,19.194,19.194,wifi running,0.26159656152
19.194,19.475,0.281,wifi scan,0.0631427513
19.475,35.578,16.103,wifi running,0.21946907524
0,35.578,35.578,phone_scanning,18.8249900895
0.0,47.116,47.116,core 0 cpu_idle,0.711239578
0.0,47.116,47.116,core 1 cpu_idle,0.711239578
0.0,47.116,47.116,core 2 cpu_idle,0.711239578
0.0,21611.753805,21611.753805,core 3 cpu_idle start,326.240229563
21611.753805,47.116,-21564.637805,core 3 cpu_idle,-325.528989985
0.0,47.116,47.116,core 4 cpu_idle,0.711239578
0.0,47.116,47.116,core 5 cpu_idle,0.711239578
