Start Time (Seconds),End Time (Seconds),Duration (Seconds),Component,Energy Consumption (Joule)
0,35.61,35.61,screen medium,19.50541311
0,18.9,18.9,wifi running,0.257589612
18.9,19.046,0.146,wifi scan,0.0328072658
19.046,35.61,16.564,wifi running,0.22575208112
0,35.61,35.61,phone_scanning,18.8419218924
0.0,46.069,46.069,core 0 cpu_idle,0.6954345895
0.0,46.069,46.069,core 1 cpu_idle,0.6954345895
0.0,21611.490628,21611.490628,core 2 cpu_idle start,326.236256775
21611.490628,46.069,-21565.421628,core 2 cpu_idle,-325.540822185
0.0,46.069,46.069,core 3 cpu_idle,0.6954345895
0.0,46.069,46.069,core 4 cpu_idle,0.6954345895
0.0,46.069,46.069,core 5 cpu_idle,0.6954345895
