Start Time (Seconds),End Time (Seconds),Duration (Seconds),Component,Energy Consumption (Joule)
0,35.601,35.601,screen medium,19.500483351
0,19.897,19.897,wifi running,0.27117780476
19.897,20.044,0.147,wifi scan,0.0330319731
20.044,35.601,15.557,wifi running,0.21202759756
0,35.601,35.601,phone_scanning,18.8371598228
0.0,46.159,46.159,core 0 cpu_idle,0.6967931845
0.0,46.159,46.159,core 1 cpu_idle,0.6967931845
0.0,21611.632877,21611.632877,core 2 cpu_idle start,326.238404095
21611.632877,46.159,-21565.473877,core 2 cpu_idle,-325.54161091
0.0,46.159,46.159,core 3 cpu_idle,0.6967931845
0.0,46.159,46.159,core 4 cpu_idle,0.6967931845
0.0,46.159,46.159,core 5 cpu_idle,0.6967931845
