Start Time (Seconds),End Time (Seconds),Duration (Seconds),Component,Energy Consumption (Joule)
0,35.535,35.535,screen medium,19.464331785
0,20.177,20.177,wifi running,0.27499394716
20.177,20.43,0.253,wifi scan,0.0568509469
20.43,35.535,15.105,wifi running,0.2058672534
0,35.535,35.535,phone_scanning,18.8022379794
0.0,46.125,46.125,core 0 cpu_idle,0.6962799375
0.0,46.125,46.125,core 1 cpu_idle,0.6962799375
0.0,46.125,46.125,core 2 cpu_idle,0.6962799375
0.0,21611.445948,21611.445948,core 3 cpu_idle start,326.235582308
21611.445948,46.125,-21565.320948,core 3 cpu_idle,-325.539302371
0.0,46.125,46.125,core 4 cpu_idle,0.6962799375
0.0,46.125,46.125,core 5 cpu_idle,0.6962799375
