Start Time (Seconds),End Time (Seconds),Duration (Seconds),Component,Energy Consumption (Joule)
0,35.61,35.61,screen medium,19.47375582
0,22.459,22.459,wifi running,0.30559871464
22.459,27.894,5.435,wifi scan,1.219302031
27.894,35.61,7.716,wifi running,0.10499130336
0,35.61,35.61,phone_scanning,18.8113414488
0.0,46.081,46.081,core 0 cpu_idle,0.694486751
0.0,46.081,46.081,core 1 cpu_idle,0.694486751
0.0,46.081,46.081,core 2 cpu_idle,0.694486751
0.0,46.081,46.081,core 3 cpu_idle,0.694486751
0.0,21611.590853,21611.590853,core 4 cpu_idle start,325.708285746
21611.590853,46.081,-21565.509853,core 4 cpu_idle,-325.013798995
0.0,46.081,46.081,core 5 cpu_idle,0.694486751
