Start Time (Seconds),End Time (Seconds),Duration (Seconds),Component,Energy Consumption (Joule)
0,35.64,35.64,screen medium,19.49016168
0,35.64,35.64,wifi running,0.4849520544
0,35.64,35.64,phone_scanning,18.8271892512
0.0,47.089,47.089,core 0 cpu_idle,0.709678319001
0.0,47.089,47.089,core 1 cpu_idle,0.709678319001
0.0,47.089,47.089,core 2 cpu_idle,0.709678319001
0.0,47.089,47.089,core 3 cpu_idle,0.709678319001
0.0,21611.384963,21611.384963,core 4 cpu_idle start,325.705182777
21611.384963,47.089,-21564.295963,core 4 cpu_idle,-324.995504458
0.0,47.089,47.089,core 5 cpu_idle,0.709678319001
