Start Time (Seconds),End Time (Seconds),Duration (Seconds),Component,Energy Consumption (Joule)
0,35.568,35.568,screen medium,19.450787616
0,23.619,23.619,wifi running,0.32138278824
23.619,23.881,0.262,wifi scan,0.0587777612
23.881,35.568,11.687,wifi running,0.15902454152
0,35.568,35.568,phone_scanning,18.7891545254
0.0,21611.580893,21611.580893,core 0 cpu_idle start,325.708135638
21611.580893,46.157,-21565.423893,core 0 cpu_idle,-325.012503491
0.0,46.157,46.157,core 1 cpu_idle,0.695632147
0.0,46.157,46.157,core 2 cpu_idle,0.695632147
0.0,46.157,46.157,core 3 cpu_idle,0.695632147
0.0,46.157,46.157,core 4 cpu_idle,0.695632147
0.0,46.157,46.157,core 5 cpu_idle,0.695632147
