Start Time (Seconds),End Time (Seconds),Duration (Seconds),Component,Energy Consumption (Joule)
0,35.613,35.613,screen medium,19.475396406
0,20.174,20.174,wifi running,0.27450681104
20.174,25.596,5.422,wifi scan,1.2163855772
25.596,35.613,10.017,wifi running,0.13630091832
0,35.613,35.613,phone_scanning,18.812926229
0.0,46.17,46.17,core 0 cpu_idle,0.695828070001
0.0,21611.535815,21611.535815,core 1 cpu_idle start,325.707456268
21611.535815,46.17,-21565.365815,core 1 cpu_idle,-325.011628198
0.0,46.17,46.17,core 2 cpu_idle,0.695828070001
0.0,46.17,46.17,core 3 cpu_idle,0.695828070001
0.0,46.17,46.17,core 4 cpu_idle,0.695828070001
0.0,46.17,46.17,core 5 cpu_idle,0.695828070001
