Start Time (Seconds),End Time (Seconds),Duration (Seconds),Component,Energy Consumption (Joule)
0,35.654,35.654,screen medium,19.19896592
0,23.596,23.596,wifi running,0.3161486464
23.596,28.984,5.388,wifi scan,1.190230752
28.984,35.654,6.67,wifi running,0.089367328
0,35.654,35.654,phone_scanning,18.5458987328
0.0,21611.446944,21611.446944,core 0 cpu_idle start,320.713872649
21611.446944,47.135,-21564.311944,core 0 cpu_idle,-320.014389249
0.0,47.135,47.135,core 1 cpu_idle,0.6994834
0.0,47.135,47.135,core 2 cpu_idle,0.6994834
0.0,47.135,47.135,core 3 cpu_idle,0.6994834
0.0,47.135,47.135,core 4 cpu_idle,0.6994834
0.0,47.135,47.135,core 5 cpu_idle,0.6994834
