Start Time (Seconds),End Time (Seconds),Duration (Seconds),Component,Energy Consumption (Joule)
0,35.679,35.679,screen medium,19.21242792
0,20.14,20.14,wifi running,0.269843776
20.14,25.6,5.46,wifi scan,1.20613584
25.6,35.679,10.079,wifi running,0.1350424736
0,35.679,35.679,phone_scanning,18.5589028128
0.0,47.112,47.112,core 0 cpu_idle,0.699142079999
0.0,47.112,47.112,core 1 cpu_idle,0.699142079999
0.0,21611.587617,21611.587617,core 2 cpu_idle start,320.715960236
21611.587617,47.112,-21564.475617,core 2 cpu_idle,-320.016818156
0.0,47.112,47.112,core 3 cpu_idle,0.699142079999
0.0,47.112,47.112,core 4 cpu_idle,0.699142079999
0.0,47.112,47.112,core 5 cpu_idle,0.699142079999
