Start Time (Seconds),End Time (Seconds),Duration (Seconds),Component,Energy Consumption (Joule)
0,35.645,35.645,screen medium,19.1941196
0,35.645,35.645,wifi running,0.477585968
0,35.645,35.645,phone_scanning,18.541217264
0.0,21611.497293,21611.497293,core 0 cpu_idle start,320.714619828
21611.497293,47.183,-21564.314293,core 0 cpu_idle,-320.014424108
0.0,47.183,47.183,core 1 cpu_idle,0.70019572
0.0,47.183,47.183,core 2 cpu_idle,0.70019572
0.0,47.183,47.183,core 3 cpu_idle,0.70019572
0.0,47.183,47.183,core 4 cpu_idle,0.70019572
0.0,47.183,47.183,core 5 cpu_idle,0.70019572
