Start Time (Seconds),End Time (Seconds),Duration (Seconds),Component,Energy Consumption (Joule)
0,35.628,35.628,screen medium,19.18496544
0,21.98,21.98,wifi running,0.294496832
21.98,27.43,5.45,wifi scan,1.2039268
27.43,35.628,8.198,wifi running,0.1098400832
0,35.628,35.628,phone_scanning,18.5323744896
0.0,47.175,47.175,core 0 cpu_idle,0.700077
0.0,47.175,47.175,core 1 cpu_idle,0.700077
0.0,21611.688896,21611.688896,core 2 cpu_idle start,320.717463217
21611.688896,47.175,-21564.513896,core 2 cpu_idle,-320.017386217
0.0,47.175,47.175,core 3 cpu_idle,0.700077
0.0,47.175,47.175,core 4 cpu_idle,0.700077
0.0,47.175,47.175,core 5 cpu_idle,0.700077
