Start Time (Seconds),End Time (Seconds),Duration (Seconds),Component,Energy Consumption (Joule)
0,35.684,35.684,screen medium,19.21512032
0,20.531,20.531,wifi running,0.2750825504
20.531,26.028,5.497,wifi scan,1.214309288
26.028,35.684,9.656,wifi running,0.1293749504
0,35.684,35.684,phone_scanning,18.5615036288
0.0,21611.454691,21611.454691,core 0 cpu_idle start,320.713987614
21611.454691,47.133,-21564.321691,core 0 cpu_idle,-320.014533894
0.0,47.133,47.133,core 1 cpu_idle,0.69945372
0.0,47.133,47.133,core 2 cpu_idle,0.69945372
0.0,47.133,47.133,core 3 cpu_idle,0.69945372
0.0,47.133,47.133,core 4 cpu_idle,0.69945372
0.0,47.133,47.133,core 5 cpu_idle,0.69945372
