Start Time (Seconds),End Time (Seconds),Duration (Seconds),Component,Energy Consumption (Joule)
0,35.624,35.624,screen medium,19.490460384
0,33.652,33.652,wifi radio,9.00136214544
33.652,33.933,0.281,wifi running,0.00382533168
33.933,35.624,1.691,wifi radio,0.45231497052
0,35.624,35.624,phone_scanning,18.8274777946
0.0,47.111,47.111,core 0 cpu_idle,0.710339658001
0.0,47.111,47.111,core 1 cpu_idle,0.710339658001
0.0,21611.358144,21611.358144,core 2 cpu_idle start,325.856058095
21611.358144,47.111,-21564.247144,core 2 cpu_idle,-325.145718437
0.0,47.111,47.111,core 3 cpu_idle,0.710339658001
0.0,47.111,47.111,core 4 cpu_idle,0.710339658001
0.0,47.111,47.111,core 5 cpu_idle,0.710339658001
