Start Time (Seconds),End Time (Seconds),Duration (Seconds),Component,Energy Consumption (Joule)
0,35.746,35.746,screen medium,19.557208536
0,21.157,21.157,wifi running,0.28801616496
21.157,26.58,5.423,wifi scan,1.2171749964
26.58,35.746,9.166,wifi running,0.12477932448
0,35.746,35.746,phone_scanning,18.8919554582
0.0,47.128,47.128,core 0 cpu_idle,0.710595984
0.0,47.128,47.128,core 1 cpu_idle,0.710595984
0.0,47.128,47.128,core 2 cpu_idle,0.710595984
0.0,21611.374328,21611.374328,core 3 cpu_idle start,325.856302118
21611.374328,47.128,-21564.246328,core 3 cpu_idle,-325.145706134
0.0,47.128,47.128,core 4 cpu_idle,0.710595984
0.0,47.128,47.128,core 5 cpu_idle,0.710595984
