Start Time (Seconds),End Time (Seconds),Duration (Seconds),Component,Energy Consumption (Joule)
0,35.623,35.623,screen medium,19.489913268
0,22.287,22.287,wifi running,0.30339917136
22.287,27.719,5.432,wifi scan,1.2191950176
27.719,35.623,7.904,wifi running,0.10759936512
0,35.623,35.623,phone_scanning,18.8269492891
0.0,21611.570209,21611.570209,core 0 cpu_idle start,325.859255611
21611.570209,47.151,-21564.419209,core 0 cpu_idle,-325.148312833
0.0,47.151,47.151,core 1 cpu_idle,0.710942778
0.0,47.151,47.151,core 2 cpu_idle,0.710942778
0.0,47.151,47.151,core 3 cpu_idle,0.710942778
0.0,47.151,47.151,core 4 cpu_idle,0.710942778
0.0,47.151,47.151,core 5 cpu_idle,0.710942778
