Start Time (Seconds),End Time (Seconds),Duration (Seconds),Component,Energy Consumption (Joule)
0,34.974,34.974,screen medium,19.134834984
0,20.151,20.151,wifi running,0.27432120528
20.151,25.51,5.359,wifi scan,1.2028104012
25.51,34.974,9.464,wifi running,0.12883608192
0,34.974,34.974,phone_scanning,18.4839492586
0.0,21611.562219,21611.562219,core 0 cpu_idle start,325.859135138
21611.562219,47.059,-21564.503219,core 0 cpu_idle,-325.149579536
0.0,47.059,47.059,core 1 cpu_idle,0.709555601999
0.0,47.059,47.059,core 2 cpu_idle,0.709555601999
0.0,47.059,47.059,core 3 cpu_idle,0.709555601999
0.0,47.059,47.059,core 4 cpu_idle,0.709555601999
0.0,47.059,47.059,core 5 cpu_idle,0.709555601999
