Start Time (Seconds),End Time (Seconds),Duration (Seconds),Component,Energy Consumption (Joule)
0,35.553,35.553,screen medium,19.451615148
0,23.73,23.73,wifi running,0.3230431344
23.73,29.083,5.353,wifi scan,1.2014637204
29.083,35.553,6.47,wifi running,0.0880779216
0,35.553,35.553,phone_scanning,18.7899539083
0.0,47.175,47.175,core 0 cpu_idle,0.71130465
0.0,47.175,47.175,core 1 cpu_idle,0.71130465
0.0,21611.664835,21611.664835,core 2 cpu_idle start,325.860682382
21611.664835,47.175,-21564.489835,core 2 cpu_idle,-325.149377732
0.0,47.175,47.175,core 3 cpu_idle,0.71130465
0.0,47.175,47.175,core 4 cpu_idle,0.71130465
0.0,47.175,47.175,core 5 cpu_idle,0.71130465
