Start Time (Seconds),End Time (Seconds),Duration (Seconds),Component,Energy Consumption (Joule)
0,35.633,35.633,screen medium,19.676400068
0,20.209,20.209,wifi running,0.27766519312
20.209,20.494,0.285,wifi scan,0.064561278
20.494,35.633,15.139,wifi running,0.20800501552
0,35.633,35.633,phone_scanning,19.0070926011
0.0,47.118,47.118,core 0 cpu_idle,0.717041724
0.0,47.118,47.118,core 1 cpu_idle,0.717041724
0.0,47.118,47.118,core 2 cpu_idle,0.717041724
0.0,21611.507211,21611.507211,core 3 cpu_idle start,328.883916737
21611.507211,47.118,-21564.389211,core 3 cpu_idle,-328.166875013
0.0,47.118,47.118,core 4 cpu_idle,0.717041724
0.0,47.118,47.118,core 5 cpu_idle,0.717041724
