Start Time (Seconds),End Time (Seconds),Duration (Seconds),Component,Energy Consumption (Joule)
0,35.595,35.595,screen medium,19.65541662
0,23.535,23.535,wifi running,0.3233633688
23.535,29.017,5.482,wifi scan,1.2418418456
29.017,35.595,6.578,wifi running,0.09037961504
0,35.595,35.595,phone_scanning,18.9868229208
0.0,47.105,47.105,core 0 cpu_idle,0.71684389
0.0,47.105,47.105,core 1 cpu_idle,0.71684389
0.0,47.105,47.105,core 2 cpu_idle,0.71684389
0.0,21611.415034,21611.415034,core 3 cpu_idle start,328.882513987
21611.415034,47.105,-21564.310034,core 3 cpu_idle,-328.165670097
0.0,47.105,47.105,core 4 cpu_idle,0.71684389
0.0,47.105,47.105,core 5 cpu_idle,0.71684389
