Start Time (Seconds),End Time (Seconds),Duration (Seconds),Component,Energy Consumption (Joule)
0,35.621,35.621,screen medium,19.669773716
0,21.066,21.066,wifi running,0.28944009888
21.066,26.523,5.457,wifi scan,1.2361785756
26.523,35.621,9.098,wifi running,0.12500360864
0,35.621,35.621,phone_scanning,19.0006916494
0.0,21611.72505,21611.72505,core 0 cpu_idle start,328.887231811
21611.72505,47.149,-21564.57605,core 0 cpu_idle,-328.169718329
0.0,47.149,47.149,core 1 cpu_idle,0.717513482
0.0,47.149,47.149,core 2 cpu_idle,0.717513482
0.0,47.149,47.149,core 3 cpu_idle,0.717513482
0.0,47.149,47.149,core 4 cpu_idle,0.717513482
0.0,47.149,47.149,core 5 cpu_idle,0.717513482
