Start Time (Seconds),End Time (Seconds),Duration (Seconds),Component,Energy Consumption (Joule)
0,35.603,35.603,screen medium,19.659834188
0,22.322,22.322,wifi running,0.30669713696
22.322,27.657,5.335,wifi scan,1.208541818
27.657,35.603,7.946,wifi running,0.10917549728
0,35.603,35.603,phone_scanning,18.9910902219
0.0,47.078,47.078,core 0 cpu_idle,0.716433004
0.0,47.078,47.078,core 1 cpu_idle,0.716433004
0.0,47.078,47.078,core 2 cpu_idle,0.716433004
0.0,21611.467104,21611.467104,core 3 cpu_idle start,328.883306389
21611.467104,47.078,-21564.389104,core 3 cpu_idle,-328.166873385
0.0,47.078,47.078,core 4 cpu_idle,0.716433004
0.0,47.078,47.078,core 5 cpu_idle,0.716433004
