Start Time (Seconds),End Time (Seconds),Duration (Seconds),Component,Energy Consumption (Joule)
0,35.618,35.618,screen medium,19.668117128
0,26.982,26.982,wifi radio,7.28425822824
26.982,34.122,7.14,wifi running,0.0981013152
34.122,35.618,1.496,wifi radio,0.40387111072
0,35.618,35.618,phone_scanning,18.9990914115
0.0,47.118,47.118,core 0 cpu_idle,0.717041724
0.0,21611.535851,21611.535851,core 1 cpu_idle start,328.884352581
21611.535851,47.118,-21564.417851,core 1 cpu_idle,-328.167310857
0.0,47.118,47.118,core 2 cpu_idle,0.717041724
0.0,47.118,47.118,core 3 cpu_idle,0.717041724
0.0,47.118,47.118,core 4 cpu_idle,0.717041724
0.0,47.118,47.118,core 5 cpu_idle,0.717041724
