Start Time (Seconds),End Time (Seconds),Duration (Seconds),Component,Energy Consumption (Joule)
0,35.604,35.604,screen medium,19.407170736
0,22.322,22.322,wifi running,0.30274703584
22.322,27.749,5.427,wifi scan,1.2135488364
27.749,35.604,7.855,wifi running,0.1065351656
0,35.604,35.604,phone_scanning,18.7470213062
0.0,47.136,47.136,core 0 cpu_idle,0.708076992
0.0,47.136,47.136,core 1 cpu_idle,0.708076992
0.0,47.136,47.136,core 2 cpu_idle,0.708076992
0.0,21611.479937,21611.479937,core 3 cpu_idle start,324.647651614
21611.479937,47.136,-21564.343937,core 3 cpu_idle,-323.939574622
0.0,47.136,47.136,core 4 cpu_idle,0.708076992
0.0,47.136,47.136,core 5 cpu_idle,0.708076992
