Start Time (Seconds),End Time (Seconds),Duration (Seconds),Component,Energy Consumption (Joule)
0,35.551,35.551,screen medium,19.378281284
0,20.106,20.106,wifi running,0.27269204832
20.106,25.616,5.51,wifi scan,1.232108732
25.616,35.551,9.935,wifi running,0.1347456232
0,35.551,35.551,phone_scanning,18.7191145506
0.0,47.155,47.155,core 0 cpu_idle,0.70836241
0.0,47.155,47.155,core 1 cpu_idle,0.70836241
0.0,47.155,47.155,core 2 cpu_idle,0.70836241
0.0,47.155,47.155,core 3 cpu_idle,0.70836241
0.0,21611.98476,21611.98476,core 4 cpu_idle start,324.655235065
21611.98476,47.155,-21564.82976,core 4 cpu_idle,-323.946872655
0.0,47.155,47.155,core 5 cpu_idle,0.70836241
