Start Time (Seconds),End Time (Seconds),Duration (Seconds),Component,Energy Consumption (Joule)
0,35.666,35.666,screen medium,19.440965944
0,21.149,21.149,wifi running,0.28683796528
21.149,26.556,5.407,wifi scan,1.2090765724
26.556,35.666,9.11,wifi running,0.1235563792
0,35.666,35.666,phone_scanning,18.779666945
0.0,47.163,47.163,core 0 cpu_idle,0.708482586
0.0,21611.490987,21611.490987,core 1 cpu_idle start,324.647817607
21611.490987,47.163,-21564.327987,core 1 cpu_idle,-323.939335021
0.0,47.163,47.163,core 2 cpu_idle,0.708482586
0.0,47.163,47.163,core 3 cpu_idle,0.708482586
0.0,47.163,47.163,core 4 cpu_idle,0.708482586
0.0,47.163,47.163,core 5 cpu_idle,0.708482586
