Start Time (Seconds),End Time (Seconds),Duration (Seconds),Component,Energy Consumption (Joule)
0,35.594,35.594,screen medium,19.401719896
0,23.826,23.826,wifi running,0.32314536672
23.826,24.116,0.29,wifi scan,0.064847828
24.116,35.594,11.478,wifi running,0.15567290016
0,35.594,35.594,phone_scanning,18.7417558806
0.0,47.127,47.127,core 0 cpu_idle,0.707941794001
0.0,47.127,47.127,core 1 cpu_idle,0.707941794001
0.0,47.127,47.127,core 2 cpu_idle,0.707941794001
0.0,21611.46566,21611.46566,core 3 cpu_idle start,324.647437145
21611.46566,47.127,-21564.33866,core 3 cpu_idle,-323.939495351
0.0,47.127,47.127,core 4 cpu_idle,0.707941794001
0.0,47.127,47.127,core 5 cpu_idle,0.707941794001
