Start Time (Seconds),End Time (Seconds),Duration (Seconds),Component,Energy Consumption (Joule)
0,35.585,35.585,screen medium,19.39681414
0,35.585,35.585,wifi running,0.4826293912
0,35.585,35.585,phone_scanning,18.7370169976
0.0,46.125,46.125,core 0 cpu_idle,0.69288975
0.0,46.125,46.125,core 1 cpu_idle,0.69288975
0.0,46.125,46.125,core 2 cpu_idle,0.69288975
0.0,21611.560937,21611.560937,core 3 cpu_idle start,324.648868396
21611.560937,46.125,-21565.435937,core 3 cpu_idle,-323.955978646
0.0,46.125,46.125,core 4 cpu_idle,0.69288975
0.0,46.125,46.125,core 5 cpu_idle,0.69288975
