Start Time (Seconds),End Time (Seconds),Duration (Seconds),Component,Energy Consumption (Joule)
0,35.713,35.713,screen medium,19.54822481
0,21.392,21.392,wifi running,0.2913504832
21.392,26.922,5.53,wifi scan,1.24176703
26.922,35.713,8.791,wifi running,0.1197299036
0,35.713,35.713,phone_scanning,18.8832773204
0.0,47.138,47.138,core 0 cpu_idle,0.71107673
0.0,21611.330222,21611.330222,core 1 cpu_idle start,326.006916399
21611.330222,47.138,-21564.192222,core 1 cpu_idle,-325.295839669
0.0,47.138,47.138,core 2 cpu_idle,0.71107673
0.0,47.138,47.138,core 3 cpu_idle,0.71107673
0.0,47.138,47.138,core 4 cpu_idle,0.71107673
0.0,47.138,47.138,core 5 cpu_idle,0.71107673
