Start Time (Seconds),End Time (Seconds),Duration (Seconds),Component,Energy Consumption (Joule)
0,35.634,35.634,screen medium,19.50498258
0,22.832,22.832,wifi running,0.3109627072
22.832,23.089,0.257,wifi scan,0.057709607
23.089,35.634,12.545,wifi running,0.170857882
0,35.634,35.634,phone_scanning,18.8415060072
0.0,46.102,46.102,core 0 cpu_idle,0.69544867
0.0,21611.433868,21611.433868,core 1 cpu_idle start,326.008479899
21611.433868,46.102,-21565.331868,core 1 cpu_idle,-325.313031229
0.0,46.102,46.102,core 2 cpu_idle,0.69544867
0.0,46.102,46.102,core 3 cpu_idle,0.69544867
0.0,46.102,46.102,core 4 cpu_idle,0.69544867
0.0,46.102,46.102,core 5 cpu_idle,0.69544867
