Start Time (Seconds),End Time (Seconds),Duration (Seconds),Component,Energy Consumption (Joule)
0,35.65,35.65,screen medium,19.5137405
0,10.386,10.386,wifi running,0.1414531656
10.386,10.539,0.153,wifi scan,0.034356303
10.539,33.607,23.068,wifi radio,6.1731790372
33.607,35.044,1.437,wifi running,0.0195713652
35.044,35.65,0.606,wifi radio,0.1621703874
0,35.65,35.65,phone_scanning,18.84996602
0.0,21611.553126,21611.553126,core 0 cpu_idle start,326.010278906
21611.553126,47.134,-21564.419126,core 0 cpu_idle,-325.299262516
0.0,47.134,47.134,core 1 cpu_idle,0.71101639
0.0,47.134,47.134,core 2 cpu_idle,0.71101639
0.0,47.134,47.134,core 3 cpu_idle,0.71101639
0.0,47.134,47.134,core 4 cpu_idle,0.71101639
0.0,47.134,47.134,core 5 cpu_idle,0.71101639
