Start Time (Seconds),End Time (Seconds),Duration (Seconds),Component,Energy Consumption (Joule)
0,35.615,35.615,screen medium,19.49458255
0,23.892,23.892,wifi running,0.3253994832
23.892,29.309,5.417,wifi scan,1.216392767
29.309,35.615,6.306,wifi running,0.0858851976
0,35.615,35.615,phone_scanning,18.831459742
0.0,46.118,46.118,core 0 cpu_idle,0.69569003
0.0,46.118,46.118,core 1 cpu_idle,0.69569003
0.0,21611.408379,21611.408379,core 2 cpu_idle start,326.008095397
21611.408379,46.118,-21565.290379,core 2 cpu_idle,-325.312405367
0.0,46.118,46.118,core 3 cpu_idle,0.69569003
0.0,46.118,46.118,core 4 cpu_idle,0.69569003
0.0,46.118,46.118,core 5 cpu_idle,0.69569003
