Start Time (Seconds),End Time (Seconds),Duration (Seconds),Component,Energy Consumption (Joule)
0,35.611,35.611,screen medium,19.49239307
0,28.188,28.188,wifi radio,7.5433314852
28.188,29.77,1.582,wifi running,0.0215462072
29.77,35.611,5.841,wifi radio,1.5630977439
0,35.611,35.611,phone_scanning,18.8293447388
0.0,46.093,46.093,core 0 cpu_idle,0.695312905
0.0,46.093,46.093,core 1 cpu_idle,0.695312905
0.0,46.093,46.093,core 2 cpu_idle,0.695312905
0.0,46.093,46.093,core 3 cpu_idle,0.695312905
0.0,46.093,46.093,core 4 cpu_idle,0.695312905
0.0,21611.430854,21611.430854,core 5 cpu_idle start,326.008434433
21611.430854,46.093,-21565.337854,core 5 cpu_idle,-325.313121528
