Start Time (Seconds),End Time (Seconds),Duration (Seconds),Component,Energy Consumption (Joule)
0,35.588,35.588,screen medium,19.488842912
0,23.752,23.752,wifi running,0.32364285184
23.752,29.22,5.468,wifi scan,1.2284146336
29.22,35.588,6.368,wifi running,0.08676985856
0,35.588,35.588,phone_scanning,18.8259153421
0.0,21611.523226,21611.523226,core 0 cpu_idle start,326.161108527
21611.523226,47.122,-21564.401226,core 0 cpu_idle,-325.449943303
0.0,47.122,47.122,core 1 cpu_idle,0.711165224
0.0,47.122,47.122,core 2 cpu_idle,0.711165224
0.0,47.122,47.122,core 3 cpu_idle,0.711165224
0.0,47.122,47.122,core 4 cpu_idle,0.711165224
0.0,47.122,47.122,core 5 cpu_idle,0.711165224
