Start Time (Seconds),End Time (Seconds),Duration (Seconds),Component,Energy Consumption (Joule)
0,35.674,35.674,screen medium,19.535938576
0,20.124,20.124,wifi running,0.27420801408
20.124,25.601,5.477,wifi scan,1.2304365304
25.601,35.674,10.073,wifi running,0.13725389216
0,35.674,35.674,phone_scanning,18.8714090118
0.0,47.064,47.064,core 0 cpu_idle,0.710289887999
0.0,21612.083947,21612.083947,core 1 cpu_idle start,326.169570928
21612.083947,47.064,-21565.019947,core 1 cpu_idle,-325.45928104
0.0,47.064,47.064,core 2 cpu_idle,0.710289887999
0.0,47.064,47.064,core 3 cpu_idle,0.710289887999
0.0,47.064,47.064,core 4 cpu_idle,0.710289887999
0.0,47.064,47.064,core 5 cpu_idle,0.710289887999
