Start Time (Seconds),End Time (Seconds),Duration (Seconds),Component,Energy Consumption (Joule)
0,35.61,35.61,screen medium,19.50089064
0,26.994,26.994,wifi radio,7.22715976752
26.994,32.865,5.871,wifi running,0.07999777632
32.865,35.61,2.745,wifi radio,0.7349245596
0,35.61,35.61,phone_scanning,18.8375532576
0.0,47.126,47.126,core 0 cpu_idle,0.711225592
0.0,47.126,47.126,core 1 cpu_idle,0.711225592
0.0,21611.492941,21611.492941,core 2 cpu_idle start,326.160651466
21611.492941,47.126,-21564.366941,core 2 cpu_idle,-325.449425874
0.0,47.126,47.126,core 3 cpu_idle,0.711225592
0.0,47.126,47.126,core 4 cpu_idle,0.711225592
0.0,47.126,47.126,core 5 cpu_idle,0.711225592
