Start Time (Seconds),End Time (Seconds),Duration (Seconds),Component,Energy Consumption (Joule)
0,35.623,35.623,screen medium,19.508009752
0,20.081,20.081,wifi running,0.27362209952
20.081,20.231,0.15,wifi scan,0.03369828
20.231,35.623,15.392,wifi running,0.20973016064
0,35.623,35.623,phone_scanning,18.8444302077
0.0,46.115,46.115,core 0 cpu_idle,0.69596758
0.0,46.115,46.115,core 1 cpu_idle,0.69596758
0.0,21611.683259,21611.683259,core 2 cpu_idle start,326.163523745
21611.683259,46.115,-21565.568259,core 2 cpu_idle,-325.467556165
0.0,46.115,46.115,core 3 cpu_idle,0.69596758
0.0,46.115,46.115,core 4 cpu_idle,0.69596758
0.0,46.115,46.115,core 5 cpu_idle,0.69596758
