Start Time (Seconds),End Time (Seconds),Duration (Seconds),Component,Energy Consumption (Joule)
0,35.609,35.609,screen medium,19.500343016
0,22.927,22.927,wifi running,0.31240146784
22.927,28.253,5.326,wifi scan,1.1965135952
28.253,35.609,7.356,wifi running,0.10023226752
0,35.609,35.609,phone_scanning,18.8370242614
0.0,47.183,47.183,core 0 cpu_idle,0.712085836
0.0,47.183,47.183,core 1 cpu_idle,0.712085836
0.0,47.183,47.183,core 2 cpu_idle,0.712085836
0.0,21611.549214,21611.549214,core 3 cpu_idle start,326.161500738
21611.549214,47.183,-21564.366214,core 3 cpu_idle,-325.449414902
0.0,47.183,47.183,core 4 cpu_idle,0.712085836
0.0,47.183,47.183,core 5 cpu_idle,0.712085836
